,PropagationBoostScorer_LeaveUnscored
3800760322.0,2.99857213733
353755139.0,2.49047131017
2729656324.0,2.5381592839
2830325078.0,2.56591886175
1318838287.0,2.48806505852
946176016.0,2.47856101164
453500945.0,2.43583135641
3191791619.0,2.48089159063
839647252.0,2.48806505852
2511904795.0,2.45683192903
3333611548.0,2.4549464695
3737272353.0,2.46566841539
185188386.0,2.5020623796
573325347.0,2.58139667971
2124324901.0,2.48806505852
197165095.0,2.9199750325
1188814891.0,2.47916583873
982360109.0,2.48323587974
1910931504.0,2.50581845224
966934580.0,2.54165328178
1563967552.0,2.57139561133
3562463301.0,2.48806505852
3795304520.0,2.45111610278
421388363.0,2.45913480971
1053548620.0,2.48806505852
596918352.0,2.51194016218
3317047384.0,2.65750310512
2813616217.0,2.48806505852
892067936.0,2.48986364594
1650581602.0,2.51557204632
595230820.0,2.48806505852
271982693.0,2.42279016787
2847694951.0,3.1300528316
1811882090.0,2.55918720328
377551549.0,2.61419633561
4113883249.0,2.48750421831
4256784501.0,2.50892730663
2713296789.0,2.50838343665
1919869055.0,2.70490000229
3376365700.0,2.48345067129
456062317.0,2.42030322974
1438113939.0,2.53375653203
3993051292.0,2.92501792499
2703515805.0,2.48806505852
1398325407.0,2.48806505852
2587648164.0,2.57053583894
273670311.0,2.48054830535
1003888808.0,2.48806505852
1604305068.0,2.48452168292
686342322.0,2.51744387316
779665589.0,2.51047341789
3893919927.0,2.48806505852
3389104312.0,2.4950340821
1134182585.0,2.48806505852
627261626.0,2.62341441528
1191354555.0,3.11147125201
3524886718.0,2.50345640746
1729274049.0,3.1017921892
2221392069.0,2.56388666135
2389745864.0,2.48313085597
3485769930.0,2.48936693316
2741403852.0,2.6282608795
2746769613.0,2.62063070234
1934541010.0,2.64507031823
3035087059.0,2.46426865433
377725140.0,2.48008970431
207126743.0,2.45320724854
2444411098.0,2.53478094905
2321039579.0,2.54380373974
1908408542.0,2.49288244782
4243587295.0,2.48569856596
3824074979.0,2.5968312014
1135370468.0,2.48334321773
3872112877.0,2.4828117075
945307889.0,2.7145664991
3187415764.0,2.49464477358
2530836730.0,2.48806505852
2476228860.0,2.48962654418
326115587.0,2.43377060659
833462533.0,2.48806505852
1727209735.0,2.4527267821
1162879243.0,2.48806505852
2047435022.0,2.57238921545
2641698861.0,2.48806505852
294084880.0,2.48806505852
3877413140.0,2.4537977524
2554929200.0,2.49239041517
2803204391.0,2.82010278795
2214011194.0,2.46502647798
894198086.0,2.64874378626
705610059.0,2.49142456186
1743118669.0,2.48806505852
1125007695.0,2.51927549222
3385723619.0,3.1047827469
2252398935.0,2.48806505852
3459391835.0,2.51558745376
304669029.0,2.47820982706
390603110.0,2.47715986216
3155247463.0,2.50627921011
3379814765.0,2.48060697312
2654183790.0,2.51987081628
4060651888.0,2.48340197033
788922738.0,2.90698659478
2233672054.0,2.49029833627
537633146.0,2.49074209949
2078874347.0,2.46246503731
3638092168.0,2.48806505852
58196362.0,2.48313366092
1150966509.0,2.48806505852
3796042128.0,2.46477872119
3072508306.0,2.45988968708
3878986134.0,2.48806505852
884695447.0,2.47470643658
2726986138.0,2.48180935918
1247887771.0,2.48806505852
1732641187.0,3.06446779618
1760543142.0,2.48806505852
2428084650.0,2.5920875346
391848367.0,2.60358919629
2284863940.0,2.50323504031
2877448651.0,3.07964739711
2648768974.0,2.84588191472
3103965649.0,2.48806505852
2899255767.0,2.51416001022
2753938852.0,2.49020372219
1373077981.0,2.44181338463
3291931107.0,2.49668174399
2976760295.0,2.52671591286
3937534441.0,2.65870902307
2566373869.0,2.38756349477
153805298.0,2.47767400832
3259998708.0,2.60491042704
2570693374.0,2.48806505852
2638545403.0,2.54520143705
3669713407.0,2.53734527024
3405480451.0,2.6176091784
1470259719.0,2.49613133228
740557322.0,2.51053771252
1571799565.0,2.48426847522
3891479981.0,2.48806505852
986341913.0,2.46171955792
705159706.0,2.48475097075
1081721374.0,2.4773829495
1863241819.0,2.49423596405
2597126692.0,2.47144739831
221667877.0,2.61601038237
1914327446.0,2.47130159806
223183399.0,2.92243515704
3211469352.0,2.48806505852
241197609.0,2.66272616153
1984922154.0,2.53199046254
2576130613.0,2.48806505852
3395469881.0,2.49779999126
3402240151.0,2.4855900707
1663754816.0,2.48806505852
1271890500.0,2.48806505852
1343382088.0,2.86353706138
3033178703.0,2.48806505852
292889168.0,2.48806505852
666796625.0,2.48306169998
3016565331.0,2.4968668976
2052186708.0,2.50127417654
1490195897.0,2.51923787152
4169212504.0,2.50011352337
417350235.0,2.52447135811
1728774750.0,2.48806505852
311411296.0,2.48806505852
1287709284.0,2.47841874864
4235797096.0,2.47518421307
675529322.0,2.62888269545
1059373679.0,3.11758964153
4062413426.0,2.48806505852
1409090165.0,2.46648051365
4113760888.0,2.52041030461
369566332.0,2.74958882075
2875887722.0,2.48806505852
4098630272.0,2.4758239504
4028572289.0,2.3749089588
1352336002.0,2.45007551152
906519175.0,2.50182059538
304628365.0,2.57217802345
10216085.0,2.48515164031
1988797078.0,2.62268535062
2873991845.0,2.91490008416
437625510.0,2.48806505852
2165359274.0,2.44098941309
73499309.0,2.56241142266
453935793.0,2.48130862685
952656562.0,2.4236531676
4205724340.0,2.49520730285
2069758649.0,2.45504056318
2741191355.0,2.58626641933
3283878590.0,2.57884507202
3142525631.0,2.50451069757
523649730.0,2.53478843037
4123853512.0,2.48806505852
1685709517.0,2.48795476212
1258242766.0,2.48473464846
1070883551.0,2.48313085597
1791967981.0,2.4792330122
3400393458.0,2.51676451314
4201267955.0,2.44074467402
2118558452.0,2.56229841943
1015923445.0,2.44568913445
949631785.0,2.53616140949
3668738810.0,2.48806505852
1073349371.0,2.48515766176
2505499390.0,2.56519444022
4166579669.0,2.48806505852
3559965440.0,2.48969200444
897123075.0,2.47766666984
2681979655.0,2.59058996816
1441981193.0,2.78930704144
4106216208.0,2.48020287885
3462333912.0,2.48806505852
638078708.0,2.46312442839
2974147351.0,2.51036019913
2914370328.0,2.56336592001
1892746009.0,2.47861366943
3677799199.0,2.65907017877
1169204003.0,2.63731722081
1936007973.0,2.48313085597
806708007.0,2.39557548054
1608631094.0,2.49082524829
1696105276.0,2.48806505852
2249868093.0,2.48515766176
2222695232.0,2.50333674361
2573599555.0,2.53499099406
1429955396.0,2.45954931913
2720654149.0,2.43695154996
2580513606.0,2.45743914184
690398023.0,2.55939306203
659227466.0,2.48806505852
2955338574.0,2.46926571426
3011535696.0,2.44842245166
1160487773.0,2.81455862277
744663868.0,2.48936693316
2922939247.0,2.54282146613
1433748338.0,2.48806505852
2961039507.0,2.48806505852
3111535476.0,2.48402247502
32088949.0,2.48806505852
1426896361.0,2.50336681478
433057940.0,2.47233485195
3194807165.0,2.48806505852
1019339646.0,3.123398978
1647534975.0,2.4190772029
858350469.0,2.45470825659
2629267607.0,3.16046638116
1027169090.0,2.48806505852
1849353105.0,2.48026120103
286638994.0,2.57756241667
2989687710.0,2.50442712922
1496245153.0,2.73583520136
2666668962.0,2.42476746756
1649050534.0,3.18713936644
4086546480.0,2.46004296717
2431878056.0,2.47743309995
1054392476.0,2.48806505852
3983721386.0,2.48959324556
3547186101.0,2.48806505852
1271940024.0,2.4743159959
2976252859.0,2.55682603219
3947971520.0,2.46512005747
3630015435.0,2.48806505852
2771690453.0,2.48806505852
3713369050.0,3.24705865424
672097245.0,3.08510274178
1828045801.0,2.56700639882
1945779026.0,2.51860267196
2213987327.0,2.45965646982
1292968960.0,2.48087608929
4157858823.0,2.48260934201
519627787.0,2.4901666574
1844839439.0,2.49073478803
4284400659.0,2.48523334511
2236015636.0,2.48806505852
483353625.0,2.50741404498
3308774428.0,3.07138910713
1376461855.0,2.54091846764
537584677.0,2.44826137034
3008103465.0,2.56901776045
3834668077.0,2.49636896657
446301236.0,2.57090391219
941974584.0,2.449823478
1939563579.0,2.48806505852
1289569344.0,2.48806505852
4180902980.0,2.48806505852
3227673675.0,2.48144107097
1158259789.0,2.77122093969
317244499.0,2.47014923531
454796374.0,2.73048119151
2202215511.0,2.71510728855
2596816399.0,2.50424163304
3106997341.0,2.44826137034
733611111.0,2.60060176267
1067025519.0,2.72793048767
4294673526.0,2.48426847522
4185400452.0,2.48518867478
1617239679.0,2.58676267276
3374695568.0,2.52634151337
1206240403.0,2.4117475614
3201827993.0,2.48806505852
3232900250.0,2.44362155221
1428432027.0,2.76501093068
2711708833.0,2.48403501221
920454310.0,3.1024511422
571753639.0,2.47009088031
1126746995.0,2.45634759436
1667204277.0,2.36238131749
313550011.0,2.47335607325
646497471.0,2.4117475614
1315759297.0,2.53172946248
2464793805.0,2.48806505852
1308222670.0,2.4813636811
1588069587.0,2.54797410449
3661513945.0,2.46798372317
32228579.0,2.49662646718
3753092331.0,3.14560195334
1938523372.0,2.64895707306
2436539631.0,2.47925317721
1541915895.0,2.82403459441
3465635069.0,2.52994291571
662078719.0,2.40936198559
1569137927.0,2.50387009626
1092740361.0,3.07622745647
1959060749.0,2.4138540711
526099734.0,2.47834754151
1805632795.0,2.5538377786
2728165595.0,2.47544603466
2880521510.0,2.53602810717
2794472743.0,2.63473651366
3355780392.0,2.49199333873
363750706.0,2.55816130626
1938466099.0,2.47834754151
2094727390.0,2.4386839003
3575465272.0,2.59526654376
273895788.0,2.69243907773
1469015365.0,2.48806505852
1617683788.0,2.97704501311
2958140749.0,2.5137944141
1897915727.0,2.47821720813
1939383633.0,2.48806505852
2697307475.0,2.47649211725
1368417620.0,2.51020843249
1803011641.0,2.50987436873
2568684888.0,2.48651859734
1154467164.0,2.50401984617
3971409246.0,2.47817127429
3764143455.0,2.48515766176
1731183970.0,2.50625200221
3410019693.0,2.49648701406
2200094066.0,2.43192993213
1236739443.0,2.66282595798
835233154.0,2.47916583873
1629496711.0,2.52068197022
2325005705.0,2.65601101323
1799652746.0,2.44607960865
3211797899.0,2.88993476844
3082794562.0,2.48806505852
138167699.0,2.48806505852
1489954197.0,2.47573367317
1476494742.0,2.51048954372
1142482327.0,2.46800329218
2037712283.0,2.48806505852
4072318365.0,2.48806505852
3115345311.0,2.48996892767
1460618660.0,2.59255468484
1297860013.0,2.39980996572
272904435.0,2.49501153603
635291084.0,2.48806505852
1800046030.0,2.48806505852
558360016.0,2.4390973174
2459084241.0,2.59956789237
3968607702.0,2.47643776855
2083562968.0,2.48282157314
953476577.0,2.44744382816
897680871.0,2.43461701846
1763665395.0,2.49228002531
2126898676.0,2.47451183512
3647849976.0,2.48806505852
4021978617.0,2.48172932328
2058618366.0,2.57321807064
662488577.0,2.48548092287
3080914437.0,2.48806505852
3734898185.0,2.44880189499
913548811.0,2.48806505852
4266337807.0,2.92604363365
853501460.0,2.50691915636
805750294.0,2.48806505852
3027027480.0,2.59842231228
435725854.0,2.46556167651
2100676127.0,2.48806505852
3802498599.0,2.52429402198
3007915564.0,2.48806505852
1234429485.0,2.50953074618
535884040.0,2.9340570263
2161788471.0,2.53026351259
2511439416.0,2.48325159434
1698022969.0,2.48806505852
4086146619.0,2.42485339257
842294845.0,2.60655815792
4168803909.0,2.48806505852
1994379532.0,2.5616734254
3302123087.0,3.03342907357
10454613.0,2.58567385064
3393062486.0,2.49759847183
3799115353.0,2.45191222093
3531949659.0,2.48806505852
2840495709.0,2.56071343612
1122002527.0,2.48658139479
2800633460.0,3.0346516184
396691063.0,2.48580579836
1615472252.0,2.48806505852
2444273279.0,2.47479533471
1872873092.0,2.52194407546
3535808133.0,2.48806505852
2440177287.0,2.48062584308
432072329.0,2.48806505852
449480333.0,2.48806505852
2484930196.0,2.41730115611
3666201.0,2.49878215349
12830381.0,2.48695331526
512681658.0,2.48038231998
2549458627.0,2.46603931473
2602469060.0,2.55261136958
955357542.0,2.44445491177
3120219847.0,2.48806505852
4282705615.0,2.43514658149
2077591249.0,2.53821224817
339741137.0,2.48806505852
2626951163.0,2.48806505852
3723120933.0,2.48082878528
534554350.0,2.48806505852
3183331061.0,2.4416213476
801151677.0,2.66630491525
54322946.0,2.54127807841
3614328581.0,2.50880879012
2623170318.0,2.60311115557
1308763924.0,2.49194987539
2536572694.0,2.48806505852
3372730136.0,2.49348811199
2548852512.0,2.52759249246
1813563172.0,2.90352344818
1464133416.0,2.46603931473
3378226997.0,2.52622776163
4239607614.0,2.4849804646
1143826247.0,2.50475067461
3776816971.0,3.12503268666
2423061474.0,2.49111653081
512280408.0,2.50592248599
1043089241.0,2.43659817373
3775596378.0,2.46958871239
3665520476.0,2.53101534897
3474933600.0,2.48806505852
4031072098.0,2.52027175442
444450661.0,2.47158719852
849774440.0,2.4645854388
1433962346.0,2.54693553878
1952794477.0,2.47437966335
2995955573.0,2.48916807535
1704225769.0,2.48806505852
2470291321.0,2.70543359927
3565143937.0,2.50403569345
552560514.0,2.48806505852
2815600518.0,2.48806505852
4290324359.0,2.48570529967
2880883692.0,2.56532764269
472389271.0,2.48806505852
284764044.0,2.75386370987
3582994324.0,2.48806505852
2626771950.0,2.81437111711
3688818588.0,2.96928836596
1759545245.0,2.55923970193
4072204192.0,2.49357214804
3409389475.0,2.39204461429
2691467177.0,2.50424456814
730261418.0,2.71907518993
3902744498.0,2.47465650567
3375097779.0,2.43330124475
54159288.0,2.48350165489
3593717691.0,3.14241866051
2302737397.0,2.47124700337
3393409355.0,2.48350165489
1072588745.0,2.3802158901
865208268.0,2.68289108934
2184102221.0,2.53782672811
4266641366.0,2.48806505852
2923874264.0,2.41330673751
3872409566.0,2.50896271464
14444511.0,2.48806505852
1813981160.0,2.47756284594
2119559147.0,2.48350165489
3165702128.0,2.53770313702
1394616307.0,2.53085827244
2930903030.0,2.49733918459
3797428218.0,2.50150371081
391486463.0,2.48995865207
3717400577.0,2.63989754106
3536439299.0,3.08312981048
1426753545.0,2.48825777218
1919813642.0,2.46932835294
598886413.0,2.48762556829
2523490319.0,2.47171269881
104974358.0,2.63629049292
2680932378.0,2.48806505852
3821144119.0,2.57394933862
3657566264.0,2.48806505852
3942852667.0,2.49996915168
215066694.0,2.92765959282
3171109900.0,2.46654439413
185988792.0,3.02751832927
888719444.0,2.46581535751
3661016430.0,2.62528083947
3698378842.0,2.5250495913
1485326427.0,2.47152615249
4060702813.0,2.504815929
722061407.0,2.58536355128
3024685155.0,2.49114005955
3530762340.0,2.44318638692
3716821350.0,2.51528343343
1778878570.0,2.60727924123
2934818931.0,2.63494489559
3277588603.0,2.60028127163
1272088704.0,2.48244158263
119572611.0,2.52435545297
315926660.0,2.50842945581
2581653639.0,2.57662674597
3799238793.0,2.71238116845
786253963.0,2.80566751359
1143785614.0,2.41694039528
2067851411.0,2.48806505852
2402835482.0,2.48027695025
2344855714.0,2.51522451445
2032634024.0,2.4740046666
3504388530.0,2.50542258988
1406576822.0,2.48806505852
2790394039.0,2.48656586328
3213093054.0,2.51195463602
283691199.0,2.46300499014
994404544.0,2.47991227993
14813380.0,2.44919704394
2711246540.0,2.48473201258
177470199.0,2.4820914738
724060372.0,2.48806505852
1323002069.0,2.38043123657
146589912.0,2.47145347675
892250330.0,2.60039890607
550209759.0,2.48806505852
2734393568.0,2.57010183841
2031331565.0,2.46043385234
3237611768.0,2.47727121036
2729109755.0,2.82147492759
561490172.0,2.48818221276
710658324.0,2.67229565915
362989846.0,2.56727991768
2556455193.0,2.4676656983
1867671834.0,2.48806505852
3609626909.0,2.585209021
3781830943.0,2.48806505852
465324329.0,2.504232905
2973804842.0,2.9817007762
3022424368.0,2.48806505852
121407795.0,2.47457437464
2932574516.0,2.75871542051
784951605.0,2.46735164215
3579980088.0,2.54037960383
3384019258.0,2.48806505852
1624413919.0,2.5022303664
2881947964.0,2.52654768131
1635494206.0,2.53323205308
1679182144.0,2.48806505852
2828519747.0,2.48850209799
2902034762.0,2.61884548554
1438673227.0,2.38756349477
4218906960.0,2.47301614897
2082318676.0,2.48806505852
710502743.0,2.48406158146
376809818.0,2.50167230822
543017310.0,2.48806505852
699418984.0,2.42893764979
4010740074.0,2.77664059025
485509484.0,2.46760709287
793872755.0,2.47974166659
2659576180.0,2.4399713128
125806967.0,2.42472133849
1293221082.0,2.52473567285
562694526.0,2.48806505852
227821952.0,2.58717903252
1774100886.0,2.50608307292
4188449159.0,2.50429795582
3712313737.0,2.4715983871
128166283.0,2.70314443062
1581525388.0,2.51309878166
2406443405.0,2.38068318554
2430035694.0,2.48806505852
3661605270.0,2.47884161715
671066522.0,2.51972432937
366201244.0,2.6595417768
4108421541.0,2.47379735721
863701417.0,2.4907257245
1941146030.0,2.48003220185
1581997128.0,2.45859274966
4113836467.0,2.48244158263
2659667017.0,2.42652770178
1574094581.0,2.87422866405
2292255175.0,2.44510101765
3688663497.0,2.48806505852
1724574161.0,2.815549209
41839058.0,2.48806505852
1945078227.0,2.50418636109
551700951.0,2.4629227159
2140367323.0,2.52140324705
3855157726.0,2.48806505852
2536016354.0,2.57407267607
822921699.0,2.48898041524
3981625830.0,2.4786046481
1644022252.0,2.50389167991
1967294964.0,2.43307757768
907995638.0,3.11648013868
3771247314.0,2.51209268324
1619470841.0,2.56977055277
910289404.0,2.47194649217
298740821.0,2.88624799471
1480362498.0,2.48806505852
174795272.0,2.41555384488
2367269385.0,2.52728009454
3204377106.0,2.48515228689
2129357338.0,2.48806505852
3421776413.0,2.48806505852
2116913700.0,2.48806505852
871664165.0,2.48018261281
495856172.0,2.48806505852
900909613.0,2.96883007534
277219886.0,2.94185734299
139594293.0,3.06969293507
1480124983.0,2.48130088188
1905125954.0,2.54682409612
3671812676.0,3.0152366344
3897887302.0,2.48806505852
1701030471.0,2.48081298341
1605741128.0,2.65184948798
871524956.0,2.54848958221
262695517.0,2.48610691641
775948897.0,2.44590179554
3589671529.0,2.46088597625
4152535659.0,2.46094665502
1094199917.0,2.48806505852
3500518001.0,2.47349330773
506466751.0,2.48806505852
2176248451.0,2.50776417138
57895567.0,2.61380502887
3907627668.0,2.52004485376
1068804761.0,2.48195355151
2803952283.0,2.54519426258
3582446236.0,2.48806505852
1472531102.0,2.66059664572
3762856.0,2.73340645068
3554809628.0,2.63227144251
3251055280.0,2.47960692187
710347441.0,2.8424467416
2717665971.0,2.68875124532
4112337591.0,2.48806505852
851544763.0,2.46618108812
1629162174.0,2.45469123493
4272745155.0,2.47613844715
2183219908.0,2.8353840934
3976252102.0,2.48806505852
1572162249.0,2.5203917685
608275154.0,2.48085952257
689908435.0,2.69133356046
3760893049.0,2.59190624581
831744733.0,2.54313485802
913926878.0,2.48806505852
401894115.0,2.55209901189
3706702972.0,2.4868364287
3952937710.0,2.48393584439
770288372.0,2.67372749401
155749111.0,2.48523789734
2104760106.0,2.53971446785
71240446.0,2.59636695455
2660068095.0,2.68068941175
3704515339.0,2.47841874864
2036861708.0,2.63219739783
3409201936.0,2.48081298341
3746597652.0,2.48806505852
1135405846.0,2.37577671273
2917649183.0,3.1716641944
3888565025.0,2.68858977066
2850515750.0,2.78786448689
584723240.0,2.55582744047
199543593.0,2.4766048507
2147815901.0,2.48806505852
1192790833.0,2.48806505852
894405427.0,2.48806505852
1425926964.0,3.0432999866
922536762.0,2.48806505852
193628988.0,2.45501318163
1309797181.0,2.56688317133
405179198.0,2.51091383236
1831422783.0,2.48806505852
2431150913.0,2.58052228231
233278274.0,2.48806505852
189960673.0,2.48806505852
128699208.0,2.4695156714
2056899406.0,2.68749765815
1608510287.0,3.07342981915
4277267286.0,2.48806505852
2374896473.0,2.44025196687
1885207695.0,2.48861285605
1898064737.0,2.47079185764
3421047650.0,2.44568892659
438504297.0,2.48806505852
38529900.0,2.49487735963
412396401.0,2.65741095012
3241708403.0,2.4898050858
3544271743.0,2.39643082478
4134914945.0,2.49951081313
15666050.0,2.5167331049
1866476419.0,2.5543579577
470264709.0,2.49563134139
3504622477.0,2.48937353386
2416569231.0,2.48806505852
2304674709.0,2.487239225
3867257754.0,2.78309972221
2081278875.0,2.48806505852
131722143.0,2.48806505852
2646150048.0,2.90410882237
597789611.0,2.48806505852
3596815284.0,2.48872606589
3759631297.0,2.7699286417
4083223490.0,2.50077078302
635537227.0,2.47845614308
1437936582.0,2.49197044711
3839658957.0,2.54462890753
922490701.0,2.47377709923
151276515.0,2.59925235135
4173835236.0,2.37167019681
435866601.0,2.3828937789
2906852332.0,2.46917279927
941501424.0,2.48806505852
4034210806.0,2.48806505852
3785534455.0,2.80940180877
3905473528.0,2.48806505852
1214999547.0,2.48806505852
3314961405.0,2.48806505852
2168327170.0,2.68998286348
812100611.0,3.0197039599
3298692104.0,2.78958384536
446540812.0,2.57618215193
3421907983.0,2.59575440814
2074416984.0,2.45988683992
1466372611.0,2.60309745776
812198935.0,2.50217303175
1547700058.0,2.5195760756
892800032.0,2.49327075451
1859578915.0,2.48806505852
3276610737.0,2.4682735245
1464842076.0,2.53762991616
1732070447.0,2.53361410136
422128692.0,2.44817310134
136563772.0,2.98849804575
214707270.0,2.49938164704
3724069959.0,2.50779447495
964193353.0,2.48004880175
225113954.0,2.55093051083
724896846.0,2.47069878963
27472397.0,2.69959613202
2132896853.0,2.48806505852
186731606.0,2.48806505852
3139345593.0,2.48448364547
4113091686.0,2.49758570879
890483217.0,2.5251295471
1281133672.0,2.47014923531
1916316778.0,2.50232986334
3866823789.0,2.48806505852
637979759.0,2.47446300607
1547750521.0,2.53901330283
4221947002.0,2.55106497305
657779836.0,2.51455910616
1309641855.0,2.88118678779
1543539840.0,2.48916326372
57560196.0,2.48806505852
2315750533.0,2.54320278104
315616399.0,2.77812533121
1237707923.0,2.44619933978
546335892.0,2.40598766348
2667998362.0,2.48806505852
2619206821.0,2.49424646461
2886823078.0,2.83382379199
1808840561.0,2.42570197661
4289817784.0,2.54477239015
4067798202.0,2.58014548243
676539582.0,2.50562485874
158222197.0,2.4575302865
3189394625.0,2.41309498718
2490846405.0,2.48806505852
4207217864.0,2.58296600747
619728073.0,2.45221126636
3415207115.0,2.46117237581
2792025292.0,3.06030683288
2746559694.0,2.6357110541
1234980050.0,2.42918889626
1197239508.0,2.90746103463
4166159578.0,2.44751868364
1087081695.0,2.48806505852
1501711584.0,2.46416064676
1956637930.0,2.48440932121
3450391790.0,3.29583746898
326528240.0,2.48806505852
1806167282.0,2.48806505852
1270320376.0,2.71598426061
2680032505.0,2.47716869205
1575709954.0,2.65207744918
2510011606.0,2.4657460161
1984441612.0,2.48806505852
81603853.0,2.55845995244
1198722318.0,2.83141732688
2845256258.0,2.45624987288
1400704277.0,2.48962569557
4057451798.0,2.5742396387
1084009755.0,2.50833508449
1612639517.0,2.58877458761
3119066405.0,2.47601970934
1129975088.0,2.48385925413
218664243.0,2.45992370787
1627884852.0,2.48806505852
4203793720.0,2.73254959668
2948992316.0,2.43745049633
3646262592.0,2.58013358461
340897089.0,2.59766510671
963325255.0,2.63612021433
3003100489.0,2.8917943523
1736035661.0,2.55813417498
3819482455.0,2.56596152142
3509464412.0,2.48806505852
3729493345.0,2.57945331582
1808911717.0,2.59529630928
4136856940.0,2.47074355031
3306630510.0,2.51828878285
876080497.0,2.48806505852
3045444979.0,2.48847416069
3877088629.0,2.69739813649
4112346491.0,2.59997946128
2275192200.0,2.48806505852
3115961744.0,2.50333504798
1121602963.0,2.48806505852
554233248.0,2.47659865785
3111587242.0,2.42935490924
2801913261.0,2.46269450829
2292977070.0,2.50336852194
95774621.0,2.85748140603
4023700917.0,2.47014923531
1294380470.0,2.47265950284
2861403575.0,2.48169493043
714436037.0,2.71396045978
1963837347.0,2.50481883654
52301276.0,2.42142291953
3370348001.0,2.48806505852
521080290.0,2.51444057694
157732323.0,2.75349649012
1092218350.0,2.48806505852
2427375089.0,2.55038649758
2573356539.0,2.4639458563
438541117.0,2.48007402967
2317192710.0,2.44897450784
2467114242.0,2.57542363471
3432402448.0,2.48806505852
2612645396.0,2.47743963255
1666158101.0,2.44074467402
1128051289.0,2.47377709923
3023048216.0,2.4958336741
3574722077.0,3.09505207725
42935543.0,2.50983849691
433974817.0,2.38826780848
3187461675.0,2.48448364547
2567114284.0,2.48109859246
3165597234.0,2.43938679186
1591840307.0,2.48041924527
4294270217.0,2.49289062433
61279800.0,2.46629753924
3316633147.0,2.47991458418
4027829823.0,2.48806505852
2937826883.0,2.48806505852
3746065989.0,2.42431123057
2434666055.0,2.48806505852
124726856.0,2.48973119437
441200201.0,2.48806505852
1484713229.0,2.69681413504
1615064656.0,2.4882707752
3111947859.0,2.48795660574
80662100.0,2.46545882216
182988375.0,2.48060697312
1341727332.0,2.49254313858
2110109626.0,2.47925019846
1174163042.0,2.48806505852
3160174180.0,2.74603202825
3273059941.0,3.07948345574
1939639911.0,2.55931369452
3061108330.0,2.67803322201
534703725.0,2.45876768388
390794866.0,2.49179875573
1566551667.0,2.73362976806
117821048.0,2.49799968401
3788000892.0,2.75422390341
4167003777.0,2.48806505852
3781652098.0,2.5514858476
2503822984.0,2.5868425429
267021979.0,2.50279256513
1787417200.0,2.48806505852
46861991.0,2.51467098026
2308848817.0,2.48806505852
372616876.0,2.42303716987
1634043849.0,2.42465150637
2777108152.0,2.48806505852
1094151866.0,2.48806505852
2952851131.0,2.49628533406
4116467389.0,2.79571262152
2554299873.0,2.66720468766
1015049924.0,2.48806505852
568225478.0,2.48806505852
1257163.0,2.48806505852
3766718161.0,2.62336371539
1131998935.0,2.5039133858
3779145439.0,2.41629751483
158502627.0,2.54724203992
1257934569.0,2.48806505852
3527479018.0,2.48806505852
4253662503.0,2.47430778323
1742016237.0,2.4781098998
2835645053.0,2.48806505852
1270771444.0,2.53143419421
1285533434.0,2.47562878726
3594702588.0,2.58064743015
569716486.0,2.5136310465
3493744392.0,2.49854881588
1118646028.0,2.49100846362
1755041549.0,2.48806505852
3811110673.0,2.48806505852
3559935768.0,2.89922601349
1856163611.0,2.48448364547
470564430.0,2.37529646499
2494672673.0,2.82970665436
3280760610.0,2.4812611542
2871398184.0,2.62290106315
2059693868.0,2.49295145908
2002825005.0,2.4788444033
1821355823.0,2.49858188918
2754340045.0,2.49865294469
1563422519.0,2.48806505852
4184403768.0,2.48020287885
2891705652.0,2.50854862643
1947537211.0,2.44025196687
2326703934.0,2.48806505852
4131991365.0,2.91648081066
1520840518.0,2.89496608281
1466478409.0,2.65123693608
1088122699.0,2.5835032616
1625018191.0,2.48806505852
3360501585.0,2.45863744879
977096533.0,2.67970020431
891039579.0,2.45376903732
2575724380.0,2.51478165124
2424926057.0,2.47743963255
3913175832.0,2.48971564849
1306963824.0,3.02242704445
333893490.0,2.48060697312
2842627955.0,2.84161220846
2790084474.0,2.5564685811
3598651262.0,2.48806505852
3701772160.0,2.48422756097
2219446146.0,2.52794404355
872843243.0,2.75613977549
1111143713.0,2.58250253519
3528822674.0,2.53856419344
386305939.0,2.5608677762
3936325532.0,2.48806505852
1404981150.0,2.52339514103
1193187313.0,2.43965517715
20688811.0,2.43761836268
2853515181.0,2.51455414982
3113996209.0,2.48806505852
1660064414.0,2.50934046684
1890627511.0,2.48806505852
2260168632.0,2.48806505852
1434742717.0,3.1400783361
3640913861.0,3.00685316272
1497722098.0,2.48806505852
1845333964.0,2.36762716671
225832912.0,2.48608447352
73166801.0,2.80028937572
797700051.0,2.3910668296
3357044693.0,2.42570361294
888716623.0,2.5097270605
2629504988.0,2.48260934201
2833321952.0,2.4068903301
1710721019.0,3.11917975575
3111604202.0,2.44246276994
2572185579.0,2.48806505852
2221617133.0,2.61488263454
1065373685.0,2.49375929054
2359283704.0,2.48448364547
1002508282.0,2.48806505852
2144358400.0,2.42353480621
4059254786.0,2.48806505852
2151395332.0,2.64201251518
1771663369.0,2.4877353359
1644675757.0,2.51050784296
2880106515.0,2.64120449334
3645190166.0,2.41411934558
2797146136.0,2.56571864171
1003261977.0,2.48806505852
4010594330.0,2.54613441061
599339043.0,2.43651549576
419508265.0,2.49365870223
2960835250.0,2.47752797253
3216420911.0,2.56721324807
785199153.0,2.47888569337
3114435252.0,2.48806505852
1968173115.0,2.48806505852
368218175.0,2.49985242635
570683458.0,2.52283138283
1182511172.0,2.63870336619
2836033610.0,2.49308780761
3658068043.0,2.48806505852
1667321933.0,2.72543356942
1891242075.0,2.36350728219
513757280.0,2.48109859246
1141059689.0,2.4878903773
4061130858.0,2.47440368656
3817222253.0,2.4593976953
4210077806.0,2.52675432568
801247343.0,2.77195430218
1404883058.0,2.4823705804
2602663273.0,2.56283142384
1048768634.0,2.47567526363
2657046652.0,2.42053548636
3864252545.0,2.41732348924
2237673603.0,3.15777458327
2421854341.0,2.68790590203
136507530.0,2.55875108872
924930627.0,2.58384483677
651522193.0,2.76481168869
2166853780.0,2.44369921414
2702725269.0,2.48806505852
4151390359.0,2.46773097707
2986135709.0,2.82969710392
1758154911.0,2.98440238287
2516537511.0,2.4798763785
3086430378.0,2.46703400699
1435692403.0,2.45874672022
3685699764.0,2.48806505852
2678173878.0,2.54924475722
2225983673.0,2.48806505852
1639616705.0,2.48806505852
2313941188.0,2.48806505852
2584465614.0,2.80780049012
1085755604.0,2.49080971
2336269006.0,2.50672876727
1392865495.0,2.47207425326
204878041.0,2.50675590981
2208863950.0,2.82530209673
411234533.0,2.47369836409
3142389990.0,2.48350165489
2562715879.0,2.52796358817
1832407275.0,2.52508944247
51712238.0,2.48806505852
3871650035.0,2.50880932411
2483400949.0,2.5500512181
60575993.0,2.36970312461
2130260220.0,2.72305663337
3350425853.0,2.52552355068
2476863742.0,2.47895597543
1659875587.0,2.48102639707
3855200517.0,3.40445042448
1547096328.0,2.4384725454
2777682188.0,2.48806505852
742314262.0,2.50425661215
798781721.0,2.49177330662
2888331548.0,2.4877016775
4292202783.0,2.48806505852
2007396645.0,2.47845776872
326324523.0,2.48806505852
1881395523.0,2.41721378373
1117376840.0,2.46645977343
3651252553.0,2.48806505852
3995873611.0,2.48593937872
4240494925.0,2.47754165325
2956833103.0,2.48138428807
1540526416.0,2.48806505852
1310118228.0,2.45863852443
18403675.0,2.67700267499
3357978977.0,2.47974587819
48025958.0,2.5574971056
1330295145.0,2.58324015814
3185160556.0,3.26669891415
1735913840.0,2.59299546324
2328408434.0,2.45030178502
2424140147.0,2.72079529779
604664181.0,2.46735951814
1622684023.0,2.44091297423
4134559124.0,2.4894914219
1571344767.0,2.5166034884
1945629056.0,2.4017772964
2355196302.0,2.48576911508
2244055444.0,2.77248009655
502436245.0,2.39301960246
1502884246.0,2.48551153815
3126899100.0,2.48806505852
3530199455.0,2.48806505852
2656756466.0,2.48806505852
4075598256.0,2.48340522443
3791221174.0,3.21912585441
3342668217.0,2.52087187078
519926207.0,2.48806505852
2989142466.0,2.49544658838
3548320198.0,2.48073015543
1564103114.0,2.63558214522
2135077325.0,2.4307713652
474837456.0,2.57179744806
1093013972.0,2.49740906276
3503854040.0,2.48806505852
3165442525.0,2.91679586815
2289595681.0,2.49148521284
1256182240.0,2.46291989678
1905316321.0,2.41259406069
87519714.0,2.48662047824
1686114793.0,2.48806505852
3822293485.0,2.48802620971
3408679406.0,2.7439003444
2990330352.0,3.19023016654
3120738802.0,2.55927000805
2122168404.0,2.78221324178
3520115198.0,2.77259578353
4113224195.0,2.452777879
2837329513.0,2.47827987425
2350354953.0,2.47939568168
2571596299.0,2.48697061061
1198436877.0,2.4782657748
473862671.0,2.50019370736
1672737297.0,2.39437672407
3980784151.0,2.68948058368
3613018202.0,2.48806505852
697963049.0,2.5087168006
280945415.0,2.48806505852
476525107.0,2.48806505852
1443332873.0,2.55611910487
4168364602.0,2.48357273996
2441351741.0,3.07808346854
819589694.0,2.51770294047
2476257859.0,2.47787074115
2640457142.0,2.62050710297
3536450118.0,2.44202532096
606532167.0,2.40833947325
906285644.0,2.48806505852
336466512.0,2.44925096394
1352815192.0,2.48806505852
3814961753.0,2.6276705668
2478674523.0,2.48806505852
2007282268.0,2.49664476885
2584023645.0,2.43332688094
237580894.0,2.45729515394
1269019240.0,2.54551035892
28562031.0,2.47803356383
2931069552.0,2.44509507872
2379077800.0,2.48806505852
1444024960.0,2.4825914561
936596102.0,2.53034071325
586519180.0,2.40980568461
1301975697.0,2.55089738147
1730433688.0,2.7508959906
2970555038.0,2.43005388853
3498168993.0,3.0201830218
2911457959.0,2.56031564963
2402292397.0,2.48806505852
1438274224.0,2.45806511962
1777947317.0,3.08488418188
2084278972.0,3.05705952962
1421005503.0,2.47558412635
1494217410.0,2.64423186065
565949124.0,2.47841874864
175198917.0,2.47347978728
583611083.0,2.93450438434
3384578765.0,2.65339415422
1782723279.0,2.48307999871
2097738457.0,2.48806505852
2389824220.0,2.48448364547
3222165626.0,2.49558407132
2592420575.0,2.48100848471
1239435542.0,2.48434623655
3518264036.0,2.68806466445
2382885606.0,2.48642247937
1022186216.0,2.48806505852
2053690102.0,2.45378943886
2249691904.0,2.48806505852
3469480706.0,2.4911838196
3021493001.0,2.48448364547
1991938829.0,2.48437559832
3229520661.0,2.80265833518
2101334808.0,2.71951916081
3217699612.0,2.44336191062
849261353.0,2.42127256137
1292038956.0,2.47560620143
13579059.0,2.46603931473
1078121284.0,2.48806505852
1937757001.0,2.48806505852
1091227106.0,2.74784471211
753881937.0,2.54438956845
944763734.0,2.44778559277
2388218712.0,2.77301965506
892212061.0,2.51953804827
3296187235.0,2.41617353864
3507802980.0,2.47664235714
1602499431.0,2.47833653862
2056270699.0,2.47327142117
3042571116.0,2.4538540119
3374379886.0,2.48806505852
591328112.0,3.22295878992
2915136374.0,3.11571026497
2790757250.0,2.51023257808
39662473.0,2.477057008
544502666.0,2.51837910497
1496134540.0,2.48623946109
571839380.0,3.10052341341
2996056988.0,2.44905644719
3896652702.0,2.48806505852
3542741923.0,2.49453747013
860074920.0,2.48806505852
1561932719.0,2.48426847522
3095622577.0,2.82969538273
3227046837.0,2.50968422403
2251035578.0,2.48022270466
4062335936.0,2.43587670573
2522682305.0,2.54794486278
1705530308.0,2.51390681591
3696571334.0,2.98886956595
3501863883.0,2.46261609648
511906768.0,2.42411785873
4206736337.0,2.55109053238
3969135570.0,2.47697681427
1240241112.0,2.42266949211
4051833820.0,2.52572953138
2006040353.0,2.48806505852
2687480803.0,2.52573947246
1732637669.0,2.42569648175
3558003689.0,2.487572145
135869424.0,2.49080971
197093544.0,2.49865462668
1333195762.0,2.44880508316
322589684.0,2.61121448052
1037939704.0,2.47925019846
1912189950.0,2.48868530108
4116632580.0,2.54386292005
1874916359.0,2.48806505852
3824833561.0,2.49211506148
927241245.0,3.36727124042
944157726.0,2.51606611715
1116599329.0,2.59002043428
1270992390.0,3.15731171612
3718927404.0,2.85218101809
4197446704.0,2.45766826668
3852096562.0,2.4465961841
1758966843.0,2.70879134405
2334716998.0,2.43941502704
3778204746.0,2.46203614344
1305760850.0,2.44827669008
244462675.0,2.76789097076
1919152996.0,2.48806505852
943707226.0,2.53926334331
2043376732.0,2.58014876521
4017534046.0,2.48806505852
2154708496.0,2.46951206049
2684771858.0,2.48313489325
2906420334.0,2.54047654506
4197151858.0,2.51638896576
3085964404.0,3.09556239411
2377872506.0,2.63070782819
1548748991.0,2.46132616212
3040318592.0,2.48292631645
3423802502.0,2.45914339856
1524790409.0,2.4549407274
1376646283.0,2.4958412263
3675509902.0,2.56647824319
865973392.0,2.92165975566
1120441496.0,2.55025899822
4151208132.0,2.735487937
932664477.0,2.4596779285
3507590304.0,3.18892844918
384586913.0,2.48806505852
1546777764.0,2.47913717769
4211618984.0,2.98060843491
2979116205.0,2.39437672407
392377518.0,2.49489967577
4050719921.0,2.68932802678
1360598195.0,2.56680233484
4216542392.0,2.48806505852
2137593022.0,2.48806505852
256070847.0,2.48313085597
1673548992.0,2.48473492676
2848232641.0,2.4805488907
1465881794.0,2.60767595742
1740027076.0,2.48806505852
1355830470.0,2.79815636908
1706497234.0,2.50731877204
1679398101.0,2.49768334554
4025644250.0,2.50275404938
321967324.0,2.63446235756
1379431645.0,2.48806505852
358642912.0,2.48806505852
4029453550.0,2.46760644972
2136347889.0,2.4255938447
3048527090.0,2.46432416393
1077458166.0,2.48806505852
2152346877.0,2.53417335258
3623908612.0,2.47727121036
705066247.0,2.48806505852
873911567.0,2.5831752072
2242966804.0,2.7029138833
3933263128.0,2.58092955693
3587429660.0,2.48806505852
1051260193.0,2.48340522443
183359707.0,2.43716093681
3109672237.0,2.45497666869
468416893.0,2.54803548887
1082086708.0,2.47487894596
947148085.0,2.456210407
3069891465.0,2.49563347396
4263990585.0,2.4738540907
1236740319.0,2.41591463717
1853191050.0,2.48258359941
1498838336.0,2.49867509544
3678401862.0,2.45466797804
2492675400.0,2.47776155195
2919210693.0,2.5063010276
1341625680.0,2.81375563157
2119570771.0,2.48366225817
1559860566.0,2.6964798279
2306061655.0,2.44637850473
2981311836.0,2.53015551014
3304576351.0,2.48313085597
1610184032.0,2.47699564308
783765051.0,2.52898600191
501962084.0,2.4430721561
3090437477.0,2.47684810715
2208191846.0,2.48806505852
3979113834.0,2.54966323558
4272829805.0,2.485404533
1171027314.0,2.45313772367
156964214.0,2.52013999399
588242317.0,2.5442461701
622466425.0,2.52952115742
173299067.0,3.3622024581
1156633980.0,2.47264613416
696685957.0,2.4817246757
2598065556.0,2.48627849548
3557094808.0,2.48806505852
1580438941.0,2.48495622364
84317600.0,2.48806505852
2855671201.0,3.00920909291
242955686.0,2.46109643887
738039210.0,2.48806505852
1651219599.0,2.48350165489
1239109318.0,2.47264404122
3485953609.0,2.49967355948
3742897593.0,2.48806505852
981652924.0,3.41858071658
335181247.0,2.47652676387
2883999170.0,2.47972072027
3567990215.0,3.27246311864
739218891.0,2.48806505852
171775437.0,2.45134367427
466367952.0,3.04110702364
3863713234.0,2.48177678911
314179150.0,2.48806505852
3422180824.0,2.44611768846
351587919.0,2.80078947316
4115720443.0,2.56802280033
2582709158.0,2.4890313515
3290822121.0,2.53917053465
1966446059.0,2.46200327568
3746575853.0,2.46603931473
1158059503.0,2.47650553898
2937419248.0,2.48051768574
132953585.0,2.63064966596
3343150373.0,2.43903273308
2682582518.0,2.48806505852
3008132600.0,2.72740885418
2487299384.0,2.50835186824
2009945606.0,2.50181354956
1071396361.0,2.48936693316
1720399375.0,2.78016319876
821933587.0,2.50929060061
3058402847.0,2.49279458913
1886295579.0,2.47612162436
1795282466.0,2.53580498255
2374923813.0,2.53333191494
3849475626.0,2.49134717552
3247797804.0,2.48656586328
1212634670.0,2.54317801328
1789539889.0,2.69890364417
1971115572.0,2.50903263403
582489655.0,2.48806505852
2645702202.0,2.6440392233
3234780736.0,2.48806505852
4243338818.0,2.40407116693
91739717.0,2.48411621267
3588904522.0,2.51834105318
2483377740.0,2.54873445915
2236601934.0,2.49391207134
3094918738.0,2.49640538825
2176816726.0,2.48806505852
525997655.0,2.6405349662
3880154712.0,2.46978907981
261510752.0,2.56180726616
3435443813.0,2.48806505852
4198307433.0,2.46735579937
2388883054.0,3.08827911206
185407090.0,2.54926979736
617879162.0,2.41627473443
2118084886.0,2.50035762283
3478886022.0,2.63546767123
3402217097.0,2.86504264403
3218437773.0,2.48181062653
3883677327.0,2.51834342636
941771033.0,2.84514112922
4180530846.0,2.73798899804
1275393695.0,2.51618402093
1332237991.0,3.1128946132
1638313586.0,2.44460283204
295515825.0,2.47377709923
3874215604.0,2.5053942031
3933861560.0,2.81304294143
4208424633.0,2.63974716825
3960059590.0,2.49184696093
3158144716.0,2.5148016789
2527024846.0,2.66016193002
1205966543.0,2.5121182325
3253046904.0,2.48806505852
611202773.0,2.53676804161
3298506462.0,2.49262294669
3274798815.0,2.48073291086
2381166311.0,2.48806505852
1200830187.0,2.49372807024
1518423631.0,2.5395531193
602085114.0,2.71112771583
3883054843.0,2.94150396333
2494748414.0,2.84658608351
4201297666.0,2.42425677114
3657103121.0,2.48806505852
4285110044.0,2.50615125351
3899905824.0,2.46750593462
3661641508.0,2.48806505852
720672552.0,2.48806505852
4143560490.0,2.48303650813
1881110329.0,2.4506086801
1657820987.0,2.48508208703
2759186237.0,2.4700517557
3806140231.0,2.47972072027
313775948.0,2.4237082727
3561609037.0,2.46011505378
32388948.0,2.48806505852
2497869653.0,2.46809632379
3418183512.0,2.59612062351
2709034841.0,2.48426847522
2191300442.0,2.38468908743
2011993948.0,2.48806505852
1637365598.0,2.48806505852
1582536544.0,2.51309878166
2310846305.0,2.48806505852
1679660898.0,2.45920564031
1211938659.0,2.52219144464
1638676327.0,2.62906428438
1300567917.0,2.48334321773
4172461937.0,2.85965685322
1739863923.0,2.50189468669
1528485753.0,2.48448364547
3381188479.0,2.71733496733
288397188.0,3.06468130112
2030794629.0,2.45424309204
1491908492.0,2.51913060072
2550691725.0,2.48374671709
1921382330.0,3.32046115363
3404068752.0,2.55460371745
2750404497.0,2.48223187146
1645606805.0,2.56735128674
2551666585.0,2.48806505852
1604024219.0,2.43572115532
3550779297.0,2.50182708772
1221009051.0,2.46312442839
3451967396.0,2.89475668345
359864230.0,2.47888569337
179509162.0,2.48806505852
925185965.0,2.47941240878
2913793969.0,2.40906491678
1453414330.0,2.44684115119
3158480830.0,2.49455533494
226736066.0,2.46603931473
2265090379.0,2.48806505852
2477266886.0,3.06403625489
554056686.0,2.46578684995
3631372238.0,2.49710665572
2438748111.0,2.52053751583
2987530192.0,2.56116358419
2642753501.0,2.48410156384
580103847.0,2.4700517557
493197297.0,2.56908588914
2869240831.0,2.63267234914
678940729.0,2.66645952282
2079665836.0,2.4823705804
1284511760.0,2.4980014834
3449395218.0,2.48569856596
4085970964.0,2.47570057464
1613707386.0,2.45911335129
2610558998.0,2.46569489668
437327904.0,2.4859093797
3232315427.0,2.48936693316
1729181738.0,2.4738540907
3657848878.0,2.48013334977
805615667.0,2.48313085597
976910388.0,2.71765524344
1977284662.0,2.50592248599
2596952119.0,2.61570812843
932018235.0,2.48425739075
427808828.0,2.49005471032
3456333885.0,2.98354466092
2493978686.0,2.46395390378
551057472.0,2.51537085447
715610178.0,2.52279589225
1811899403.0,2.58249646476
2018506826.0,2.48105100879
2394025655.0,2.45868054674
1383159884.0,2.48806505852
1101158478.0,2.60611978288
4146624593.0,2.48648274237
3410212948.0,2.48038208333
1709185112.0,2.78743194617
2926860379.0,2.48448364547
1514248290.0,2.81224596383
1551325285.0,2.47663791805
2458753130.0,2.48806505852
3102701678.0,2.49179890992
1087592563.0,2.50575812159
138197111.0,2.46356362878
3933755514.0,2.51220379034
2589694076.0,2.54685728512
4198365309.0,2.44735688596
3267967108.0,2.50556157025
1576130694.0,2.47440870498
2933889167.0,2.48806505852
4056283291.0,2.84064463117
503453855.0,2.68279781897
421583216.0,2.52534135883
330002118.0,2.51785238384
3832551592.0,2.50302261369
3581273116.0,2.82717489478
3504232619.0,2.91831224773
829192364.0,3.14747576813
76011693.0,2.48806505852
3719747758.0,2.54836934812
3869382833.0,2.46230709972
875118281.0,2.48806505852
3986745716.0,2.48806505852
1837160634.0,2.48806505852
1132714357.0,2.43007505711
789592262.0,2.87469993626
88373450.0,2.69381117108
788560084.0,2.48806505852
3615217883.0,2.48806505852
2072312029.0,2.47316552209
4255810597.0,2.5182603989
893065444.0,2.48806505852
4022775505.0,2.58295977669
1085602029.0,2.54378460717
3320682734.0,2.66431710822
1109121263.0,2.50891602597
1745590513.0,2.49560828727
1220720897.0,2.75550314553
3614505789.0,2.48806505852
361732358.0,2.63897802689
3407411468.0,3.05193809564
2887596301.0,2.44416441404
3459275023.0,2.509068639
927439134.0,2.48328090942
1956268421.0,3.04327436524
729512225.0,2.46603931473
3691403563.0,2.85923822714
1200462129.0,2.49793433288
697006387.0,2.4995519591
4029937973.0,2.4772175316
159635782.0,2.45682574973
4075493706.0,2.50461049164
1369454925.0,2.48806505852
1951029591.0,2.48806505852
203774297.0,2.44914519602
958658909.0,2.39187041485
3265034590.0,2.48972713125
1576114533.0,2.48806505852
72718694.0,2.49030557226
1871985001.0,2.4810171899
1741699434.0,2.48806505852
2099632493.0,2.48806505852
4113152368.0,2.47476827209
3583203698.0,2.6092633388
3117619572.0,2.66587315384
2343754101.0,2.36762716671
848662249.0,2.48806505852
1403378041.0,2.48806505852
1361631611.0,2.46133106176
3914362602.0,2.46330851786
4643202.0,2.53904397515
3307264388.0,2.52735371734
3271063951.0,2.66521595583
485333393.0,2.5168973661
670357906.0,2.50471377067
2863987099.0,2.49575446107
4149287333.0,2.48806505852
37935529.0,2.48440932121
3328186799.0,2.48203481275
689772978.0,2.42997583516
2537568694.0,2.48662006282
2277284281.0,2.4806176908
3422230977.0,2.48697814921
512334274.0,3.13616227969
3200489924.0,2.48515766176
2457386742.0,2.48518867478
2308995527.0,2.48081298341
3073882568.0,2.48700325699
1854691785.0,2.48869841985
3566295499.0,2.51648015217
2187549133.0,2.52622383288
3618181813.0,2.76401050028
203979224.0,2.48806505852
4241785291.0,2.48806505852
2437863907.0,2.49900119774
1359378916.0,2.48346618324
2463136232.0,2.48806505852
1709521385.0,2.48806505852
2901006827.0,2.50022205071
2333530607.0,2.46648051365
1786010104.0,2.48371266606
3288160761.0,2.48996496305
3883276796.0,2.48712581965
669817356.0,2.48313085597
3263830544.0,2.48806505852
2657384977.0,2.49113518477
3585636883.0,2.49067359537
2131909140.0,2.50499241124
2667043355.0,2.48806505852
2404661795.0,2.49544302279
2846800427.0,2.53026235753
3553172013.0,2.48806505852
3289564253.0,2.55902101282
3250715193.0,2.48699854322
4081252925.0,2.47214447303
271497799.0,2.43714733639
3817855562.0,2.48806505852
2499344973.0,2.48806505852
957332047.0,2.41091838072
3397794385.0,3.20855396654
3967015511.0,2.48806505852
875764320.0,2.48806505852
2753223268.0,2.48806505852
771340907.0,2.48806505852
2449627756.0,2.54714549193
1806793328.0,2.5515600702
3736459894.0,2.48700325699
1148893818.0,2.48806505852
2990185083.0,2.57012105825
2046892668.0,2.55564010396
3467385471.0,2.43157126333
1449008960.0,2.48839138906
1351482663.0,2.65711786041
2776128130.0,2.46879173033
40491651.0,2.66486975111
2571655820.0,2.48806505852
1929247386.0,2.6161483842
1227471515.0,2.48806505852
1134443164.0,2.71633113877
1882749605.0,2.52246911522
3033774758.0,2.80481622164
430414510.0,3.17197654516
1319968541.0,2.48806505852
586021554.0,2.48765169818
2315229877.0,2.4610871578
1948625147.0,2.63036981697
4081760952.0,2.66087939177
358260511.0,2.48429271748
22256316.0,2.60268054577
1331550909.0,2.48806505852
2311822017.0,2.63663041183
3590882422.0,2.48806505852
1204391713.0,2.49560571447
4018109131.0,2.47724193359
1888672462.0,2.49278976716
3612859092.0,2.48806505852
1731795669.0,2.52732026538
2839780066.0,3.1923558098
866073317.0,2.48806505852
2907028199.0,2.45228846409
4265422151.0,2.49033089472
3729758955.0,2.48806505852
3384551890.0,2.5791708389
363141879.0,2.48806505852
3755088636.0,3.01642995008
1520301184.0,3.02907589495
2890521360.0,2.47377709923
1019198242.0,2.48806505852
98581287.0,2.48806505852
1060059945.0,2.48352475412
1570650922.0,2.86551661615
3749239597.0,2.65220030619
3089701680.0,2.45199816204
767754035.0,2.53312676689
2417144969.0,2.41788357788
3785988920.0,2.60028530162
4255292219.0,2.58452936295
970193724.0,2.48806505852
2117811005.0,2.50451876641
3638917951.0,2.48642247937
15145794.0,2.44883280714
3649688715.0,2.53289027586
4022688588.0,2.62896729078
3338779471.0,2.91446515236
3563690834.0,2.46105152076
625179483.0,2.52326878793
1847245667.0,2.66620661365
2918734700.0,2.49699501949
4055022445.0,3.22907111931
2867346286.0,2.70113861386
4124490216.0,2.46401628311
3814265525.0,2.50029920627
2310486505.0,2.51509482972
3369384825.0,2.43339971311
3082582913.0,2.48806505852
2331876230.0,2.86652144262
1665702791.0,2.4473584883
3598203784.0,2.46931759346
1988500374.0,2.66301339649
4022524826.0,2.69827783184
16030619.0,2.48806505852
4160281504.0,2.48512758544
4037139365.0,2.55363294731
764009382.0,2.48839138906
3221486508.0,2.75758230361
2970154141.0,2.48659219072
3929193078.0,2.48806505852
878579529.0,2.50010201874
1343527868.0,2.63273486587
4068178877.0,2.48806505852
1738030014.0,2.49591012469
4241914816.0,2.46229771634
1839918322.0,2.47754878938
1815354318.0,2.49383260005
105642960.0,2.49241579817
2622856149.0,2.41684529351
2600873807.0,2.45362684809
2794118114.0,2.43724548718
2043248465.0,3.25429820468
1962322428.0,2.49486113183
3842497516.0,2.62872862429
2148965358.0,2.47451183512
158940143.0,3.08099698252
2604497909.0,2.46662275848
268442623.0,2.48806505852
1109564424.0,2.41720522466
2079505419.0,2.61497080195
1510816782.0,2.5666532339
3922295823.0,2.47358596681
3368393744.0,2.48806505852
2482302037.0,3.03254301349
2147465338.0,2.48806505852
3856037277.0,3.00553885746
2974096410.0,2.48313085597
372857885.0,2.51858899035
380673055.0,2.79609977719
394984483.0,2.49065968942
1533582384.0,2.45454668558
4219345971.0,2.94967747046
183204935.0,2.48806505852
3971218504.0,2.59793562863
1105067091.0,2.45996658763
50076758.0,2.49555586726
1130470487.0,2.50156376553
173341789.0,2.48806505852
2941705310.0,2.46849113904
2398788706.0,2.48806505852
2257353829.0,2.46857674411
1989368937.0,2.72372310095
24755307.0,2.48806505852
4186537070.0,2.5023015383
250920048.0,2.55496555349
702889076.0,2.43040233795
4182602942.0,2.46711998939
2302891199.0,2.55692878946
881204355.0,2.63755802594
309935240.0,2.42645824824
1974402191.0,2.49490983451
3958791318.0,2.38881998819
2561965207.0,2.54876689001
3936615581.0,2.62401597223
2759880560.0,2.49458947117
3182419120.0,2.5396340779
2401565873.0,2.56285412091
4291488745.0,2.45813870769
2840263860.0,2.48806505852
1814088826.0,2.47212868628
410565817.0,2.57789612449
670366919.0,2.48806505852
2472254668.0,3.25069283118
2760817870.0,2.63417348112
68991036.0,2.48806505852
395738321.0,2.54004648532
2375990486.0,2.72320599229
1395580121.0,2.50231596623
2931588314.0,2.51565473848
1750662364.0,2.50119264425
1260751404.0,3.01505277502
3970042405.0,2.50452337276
1120148704.0,3.10521387533
2257001698.0,2.48806505852
1039301878.0,3.08544364025
886897913.0,2.48806505852
491535621.0,2.62960288798
2194177287.0,2.69497708372
3141172489.0,2.48806505852
2228226605.0,2.49776679494
3968851216.0,2.49262786317
227245329.0,2.48806505852
1556585746.0,2.48481074578
2614397486.0,3.22815411876
3611704599.0,2.48806505852
808714118.0,2.79401518584
1889213735.0,2.48806505852
2509626664.0,2.48303650813
2419561692.0,2.48806505852
651050282.0,2.48806505852
2701409582.0,2.48806505852
1211170095.0,2.44289409066
4158479668.0,2.57230264516
2255150393.0,2.46603931473
376003904.0,2.51260061684
787487372.0,2.60079833637
2713115974.0,2.48806505852
1545878855.0,2.4925581814
1000660300.0,2.48174558897
1260887373.0,2.47206102431
3495624015.0,2.51994846959
2173959522.0,2.48806505852
2280783209.0,2.49488906178
2105236843.0,2.48806505852
3299913618.0,2.47418801387
1570651505.0,2.48806505852
209313138.0,2.58645423776
2505014644.0,2.43386112345
3698515322.0,2.77234458313
164953467.0,2.46075737493
538404590.0,2.48806505852
1843297665.0,2.48372623401
1591762309.0,2.49211381166
3103078432.0,2.48901348937
2015690124.0,2.47978567016
3931028877.0,2.48806505852
3262332304.0,2.65026828664
354131348.0,2.48274805174
4046083310.0,2.48806505852
1108729241.0,2.48708676577
1295580580.0,2.42288872773
2963283368.0,2.59532237687
1618673067.0,2.67401798823
1362372441.0,2.48806505852
3950779824.0,2.48806505852
3384843698.0,2.4892902472
287219131.0,2.50998540508
2583739840.0,2.48806505852
2610486723.0,2.43652886899
2330787268.0,2.70727915768
2337250757.0,2.46099664269
1241464267.0,2.44728854551
3397828046.0,2.48340522443
340975058.0,2.51231982346
799989205.0,2.49231210822
235994585.0,2.72330560358
3336568290.0,2.46040096316
3255694526.0,2.54223594049
1904492019.0,2.46296506887
65797629.0,2.59397095883
2966199806.0,2.48806505852
3281387017.0,2.46663403148
4051443216.0,2.79768006583
3813654034.0,2.48806505852
2359614999.0,2.67149486746
1542995481.0,3.25255598968
3462888987.0,2.47469911308
2056594679.0,3.27887920419
2441575971.0,2.48806505852
2037194281.0,2.48321237924
2979749419.0,3.09224113253
1328774706.0,2.48806505852
1620573756.0,2.46995119646
1255956033.0,2.48806505852
2282454601.0,2.84961802568
1746599500.0,2.47269682708
4241981006.0,2.99609289551
4111670865.0,2.50846056179
448503396.0,2.96001354221
2145680999.0,2.52003593732
2903367273.0,2.47250365834
1849286254.0,2.48806505852
3360521839.0,2.48806505852
4087340658.0,2.44728229029
3924696691.0,2.69013363944
583376511.0,2.48806505852
2184633986.0,2.48806505852
3272932995.0,2.4890313515
2094557805.0,2.58918679382
3511541392.0,2.56640039235
4168267032.0,2.56176358356
599457430.0,2.440336913
1678261911.0,2.48806505852
2295021210.0,2.60981482795
2397413019.0,2.47547700215
791486108.0,2.48806505852
2647432870.0,2.48806505852
2173427367.0,2.67472576784
4165164713.0,2.46927356421
873627318.0,2.49659713836
510492343.0,2.45341366994
153026235.0,2.47224427449
1188789953.0,2.85311375777
3977731781.0,2.44122318997
2705112774.0,2.48522968746
2528212257.0,2.70704276829
2161078220.0,2.63972745741
148438730.0,2.49843553962
991469263.0,2.56763690096
3454443216.0,2.48806505852
206110424.0,2.47966597926
1623826137.0,2.47722368905
1175566970.0,2.47479533471
2716475113.0,2.49364812046
3763732209.0,2.51598510539
3477126898.0,2.47552674501
3276087030.0,2.52394293577
1421057783.0,2.50850594383
2459865723.0,3.14858235229
3654246152.0,2.49511134862
2863300363.0,2.65475348365
1191894799.0,2.46995854587
2867445520.0,2.48181804323
639244931.0,2.48806505852
2574704410.0,2.48334437062
3724459805.0,2.48342358952
3113393951.0,2.48757444209
3963895585.0,2.48704568992
1363935017.0,2.51165945229
1729862983.0,2.48806505852
3275121971.0,2.47886624799
3526450996.0,2.50628967009
2810986298.0,2.58196932648
1139621696.0,2.49586768328
1455914817.0,2.53461846382
1651703618.0,2.47014923531
764501827.0,2.49135513075
4109639495.0,2.48260934201
925630280.0,2.49733741472
1283660428.0,2.85418808934
3522961232.0,2.45042815854
2566176593.0,2.52985349671
1788977308.0,2.48977359688
1050025814.0,2.72652414191
2653339480.0,2.44819179336
2848199995.0,2.4801232737
3062693740.0,2.44366230439
3951886190.0,2.4806176908
1800560616.0,2.50960181792
2359730034.0,2.56747545973
2539634665.0,2.47224786965
2884132730.0,2.58348357859
1069350779.0,2.48806505852
3048705453.0,2.48424301026
865197954.0,2.53599377519
3574120325.0,2.527635799
1634516870.0,2.48003198025
606248839.0,2.63544061808
2726870921.0,2.48806505852
2697568142.0,2.4738540907
1680088979.0,3.10929054096
2982068117.0,2.5159891149
257654678.0,2.64302789507
2357903260.0,2.47560518085
3565502365.0,2.46995854587
713408414.0,2.51250496028
224853921.0,2.52635174599
171698843.0,2.49784943112
3975717091.0,2.48806505852
52305841.0,2.48806505852
3851599795.0,2.48806505852
2988146614.0,3.12482228245
773332920.0,2.47764993644
729505721.0,2.43257659389
1576640450.0,2.50592248599
2883264454.0,2.79686623124
3855073226.0,2.48806505852
1174044620.0,2.63712560522
2135293904.0,2.48342358952
1836335061.0,3.00613512414
1701158876.0,2.51038911033
1650802653.0,2.50498766449
3124314078.0,2.57409266212
3740147683.0,2.49517204708
2438152168.0,2.50753269416
571367201.0,3.20980422002
2691129325.0,2.48806505852
1736278008.0,2.48806505852
4011778046.0,2.43691252048
