idnum,logistic_ensemble_regularization_factor=1e-06_internal_random
     3800760322,0.500283354807522
      353755139,0.499771041277754
     2729656324,0.500030195870038
     2830325078,0.499823041841387
     1318838287,0.499520450937521
      946176016,0.499787454426232
      453500945,0.499645604748926
     3191791619,0.499636934085042
      839647252,0.499535849027327
     2511904795,0.499566319990100
     3333611548,0.499755015438749
     3737272353,0.499761023563974
      185188386,0.499572941346765
      573325347,0.500199509085407
     2124324901,0.499587215273219
      197165095,0.500521694821859
     1188814891,0.499741339661750
      982360109,0.499637850940649
     1910931504,0.499665784086924
      966934580,0.499962630887395
     1563967552,0.500011137566501
     3562463301,0.499511158736902
     3795304520,0.499642797491530
      421388363,0.499730814685803
     1053548620,0.499535395676146
      596918352,0.499774569152730
     3317047384,0.500029085241720
     2813616217,0.499584793965567
      892067936,0.499589069705166
     1650581602,0.499846600393829
      595230820,0.499565564950722
      271982693,0.499632766837586
     2847694951,0.500516331641959
     1811882090,0.499622155441548
      377551549,0.500219439900441
     4113883249,0.499569265899512
     4256784501,0.499609775163700
     2713296789,0.499927154612319
     1919869055,0.500052595500553
     3376365700,0.499569090356951
      456062317,0.499706634304803
     1438113939,0.499842559622598
     3993051292,0.500365782571073
     2703515805,0.499564111601157
     1398325407,0.499563168017645
     2587648164,0.499957410015229
      273670311,0.499864567402178
     1003888808,0.499531181433523
     1604305068,0.499712207793052
      686342322,0.499762404638253
      779665589,0.499710964680648
     3893919927,0.499570481072171
     3389104312,0.499616596644463
     1134182585,0.499652555221427
      627261626,0.499867398306316
     1191354555,0.500164789653842
     3524886718,0.499878706820953
     1729274049,0.500533389107081
     2221392069,0.499882294628298
     2389745864,0.499811391088263
     3485769930,0.499630706548905
     2741403852,0.499786717207481
     2746769613,0.499956728392645
     1934541010,0.500225516742119
     3035087059,0.499707349518898
      377725140,0.499653295404132
      207126743,0.499699946051882
     2444411098,0.499899147979323
     2321039579,0.500183733760801
     1908408542,0.499681293391550
     4243587295,0.499589104164743
     3824074979,0.500062290623133
     1135370468,0.499719581086254
     3872112877,0.499894024226621
      945307889,0.500245089510699
     3187415764,0.499612859753803
     2530836730,0.499546543093929
     2476228860,0.499898355010617
      326115587,0.499932335256126
      833462533,0.499555156922278
     1727209735,0.499821225396612
     1162879243,0.499511167384561
     2047435022,0.499832569133658
     2641698861,0.499507940507930
      294084880,0.499531566812818
     3877413140,0.499698222184698
     2554929200,0.499822130800431
     2803204391,0.500128537221601
     2214011194,0.499783460335397
      894198086,0.500108531313950
      705610059,0.499714020254802
     1743118669,0.499551141696488
     1125007695,0.499616481685172
     3385723619,0.500324967751410
     2252398935,0.499498581946059
     3459391835,0.499945134558100
      304669029,0.499544678146323
      390603110,0.499703285192446
     3155247463,0.499853076340111
     3379814765,0.499762516125843
     2654183790,0.499675805587663
     4060651888,0.499560721413564
      788922738,0.499917603046104
     2233672054,0.499643357114329
      537633146,0.499912355599161
     2078874347,0.499815183421962
     3638092168,0.499503581247613
       58196362,0.499601190139286
     1150966509,0.499517351451567
     3796042128,0.499917730539428
     3072508306,0.500176917544825
     3878986134,0.499503581247613
      884695447,0.499813691685750
     2726986138,0.499567581987613
     1247887771,0.499534055506917
     1732641187,0.500479931150625
     1760543142,0.499572255146607
     2428084650,0.499830746024848
      391848367,0.500127847676528
     2284863940,0.500212612809360
     2877448651,0.500506434088888
     2648768974,0.500266126001348
     3103965649,0.499517948122159
     2899255767,0.500094044589586
     2753938852,0.499738834917504
     1373077981,0.499751965885151
     3291931107,0.499743959179588
     2976760295,0.499776638467758
     3937534441,0.500215132794764
     2566373869,0.499913055805685
      153805298,0.499626745076888
     3259998708,0.500192213535657
     2570693374,0.499580806675661
     2638545403,0.500310236966976
     3669713407,0.499749592886425
     3405480451,0.500025605986728
     1470259719,0.499843788681955
      740557322,0.499812948663773
     1571799565,0.499538620997110
     3891479981,0.499517436562880
      986341913,0.499890842760313
      705159706,0.499936233249781
     1081721374,0.499777390431027
     1863241819,0.499729674210786
     2597126692,0.499797383084438
      221667877,0.499966164172673
     1914327446,0.499639104916101
      223183399,0.500448913769499
     3211469352,0.499571342037728
      241197609,0.499747276189856
     1984922154,0.499936620262105
     2576130613,0.499634465283453
     3395469881,0.499612197382217
     3402240151,0.499601800596587
     1663754816,0.499518540833616
     1271890500,0.499551141696488
     1343382088,0.500254129473275
     3033178703,0.499520246044398
      292889168,0.499512194226667
      666796625,0.499750054983440
     3016565331,0.499659228655223
     2052186708,0.500005507117193
     1490195897,0.499836976479681
     4169212504,0.499843534688962
      417350235,0.499892114811396
     1728774750,0.499646833660471
      311411296,0.499526811243906
     1287709284,0.499792199742583
     4235797096,0.499536283996628
      675529322,0.499838868953847
     1059373679,0.500720788493301
     4062413426,0.499500081529558
     1409090165,0.499853672716268
     4113760888,0.499649589886277
      369566332,0.500150179002018
     2875887722,0.499553204020433
     4098630272,0.499681254027480
     4028572289,0.499612754829619
     1352336002,0.499938031776521
      906519175,0.500058552498752
      304628365,0.500025747015275
       10216085,0.499866780718033
     1988797078,0.499818370812420
     2873991845,0.500484778011121
      437625510,0.499509467920398
     2165359274,0.499793507710834
       73499309,0.500217033999003
      453935793,0.499583570680286
      952656562,0.499742916941950
     4205724340,0.499792491855150
     2069758649,0.499771392422555
     2741191355,0.500174162103144
     3283878590,0.500245216728569
     3142525631,0.499594243991753
      523649730,0.499664508981795
     4123853512,0.499534962544361
     1685709517,0.499706266616047
     1258242766,0.499571855170597
     1070883551,0.499626405032166
     1791967981,0.499827914234832
     3400393458,0.499681099615911
     4201267955,0.499586607833929
     2118558452,0.500103374559809
     1015923445,0.499813427784700
      949631785,0.499727430585209
     3668738810,0.499558656222493
     1073349371,0.499599047373561
     2505499390,0.499806970025264
     4166579669,0.499540265142584
     3559965440,0.499696517515046
      897123075,0.499709479713996
     2681979655,0.499782131594176
     1441981193,0.500423380509028
     4106216208,0.499656547538008
     3462333912,0.499532266518028
      638078708,0.499961821842529
     2974147351,0.499903097414714
     2914370328,0.499816369226595
     1892746009,0.499790389653106
     3677799199,0.500230003871475
     1169204003,0.500171877057635
     1936007973,0.499630883755405
      806708007,0.499617541980765
     1608631094,0.499958943934103
     1696105276,0.499581903206186
     2249868093,0.499645841868635
     2222695232,0.499798200796737
     2573599555,0.499856506841772
     1429955396,0.499641387413448
     2720654149,0.499791637938905
     2580513606,0.499860965564765
      690398023,0.499739294084408
      659227466,0.499585798428853
     2955338574,0.499766676551617
     3011535696,0.499802588993285
     1160487773,0.500236532728735
      744663868,0.499671982613752
     2922939247,0.500006599979704
     1433748338,0.499519204570266
     2961039507,0.499518163585149
     3111535476,0.500012081600659
       32088949,0.499500655509191
     1426896361,0.499791593474235
      433057940,0.499751570156014
     3194807165,0.499500973312122
     1019339646,0.500234978990697
     1647534975,0.499779184067294
      858350469,0.499847790520430
     2629267607,0.500401029724505
     1027169090,0.499514043955753
     1849353105,0.499788799547385
      286638994,0.499875577760245
     2989687710,0.499904291914705
     1496245153,0.500251435579219
     2666668962,0.499748884231978
     1649050534,0.500623689462565
     4086546480,0.499674696596011
     2431878056,0.499730288606714
     1054392476,0.499553322505866
     3983721386,0.499681340698463
     3547186101,0.499531579454057
     1271940024,0.499658809231334
     2976252859,0.499797248207630
     3947971520,0.499812192916829
     3630015435,0.499577894650149
     2771690453,0.499503581247613
     3713369050,0.500674207818426
      672097245,0.500272993853657
     1828045801,0.500116039783764
     1945779026,0.499715124083168
     2213987327,0.499579967219587
     1292968960,0.499874129228873
     4157858823,0.499526452786547
      519627787,0.499883707738964
     1844839439,0.499678829152595
     4284400659,0.499846870939085
     2236015636,0.499521626708389
      483353625,0.499622386387623
     3308774428,0.500197164064874
     1376461855,0.499739382282265
      537584677,0.499843370469665
     3008103465,0.499713133031924
     3834668077,0.499797248194938
      446301236,0.499963975058224
      941974584,0.499789128717276
     1939563579,0.499536730441667
     1289569344,0.499545013122600
     4180902980,0.499575385157001
     3227673675,0.499829323314136
     1158259789,0.500348464444351
      317244499,0.499585727927579
      454796374,0.499920818885949
     2202215511,0.499998693644141
     2596816399,0.499742827884167
     3106997341,0.499843370469665
      733611111,0.499985727527373
     1067025519,0.500262978709227
     4294673526,0.499601670637381
     4185400452,0.499517813066184
     1617239679,0.500195955345869
     3374695568,0.499779656509369
     1206240403,0.499590029432620
     3201827993,0.499578343429230
     3232900250,0.499825517940535
     1428432027,0.500481583908211
     2711708833,0.499883342285807
      920454310,0.500578363727259
      571753639,0.499639717058455
     1126746995,0.499607673510667
     1667204277,0.499659823946063
      313550011,0.499856200638084
      646497471,0.499582108908071
     1315759297,0.500001121832804
     2464793805,0.499698075977577
     1308222670,0.499583071081897
     1588069587,0.500136267980924
     3661513945,0.499756522579694
       32228579,0.499618731513013
     3753092331,0.500392970333750
     1938523372,0.499838476584841
     2436539631,0.500135392373667
     1541915895,0.499949038471395
     3465635069,0.499629878310445
      662078719,0.499668932416500
     1569137927,0.499856264710309
     1092740361,0.500251653483387
     1959060749,0.499700467289828
      526099734,0.499827022877725
     1805632795,0.499700059910765
     2728165595,0.499833101980005
     2880521510,0.499747257129701
     2794472743,0.500316515045826
     3355780392,0.499940040029307
      363750706,0.499605760293431
     1938466099,0.499689283815469
     2094727390,0.499639147051070
     3575465272,0.500028170292162
      273895788,0.499990873317502
     1469015365,0.499570156720706
     1617683788,0.500253819233336
     2958140749,0.499825871064031
     1897915727,0.499701829265244
     1939383633,0.499614109072443
     2697307475,0.499695968008679
     1368417620,0.499676806954424
     1803011641,0.499724949815222
     2568684888,0.499556949699241
     1154467164,0.500051573061262
     3971409246,0.499599627207144
     3764143455,0.499603839145955
     1731183970,0.499820995466949
     3410019693,0.500193998284240
     2200094066,0.499807434238117
     1236739443,0.500387405602922
      835233154,0.499756650985113
     1629496711,0.499732336945645
     2325005705,0.500068792173416
     1799652746,0.499714157153402
     3211797899,0.500613385637354
     3082794562,0.499597395570103
      138167699,0.499558703902673
     1489954197,0.499683772022279
     1476494742,0.499654188871311
     1142482327,0.499629968873844
     2037712283,0.499563136737943
     4072318365,0.499561510063389
     3115345311,0.499676460135193
     1460618660,0.500262768164939
     1297860013,0.499856743845911
      272904435,0.499821270319738
      635291084,0.499592895724701
     1800046030,0.499525944245513
      558360016,0.499906115376261
     2459084241,0.500074206864864
     3968607702,0.499585692101493
     2083562968,0.499626162122700
      953476577,0.499842798447263
      897680871,0.499872045631377
     1763665395,0.499857429685049
     2126898676,0.499640246913845
     3647849976,0.499544287503643
     4021978617,0.499712882706614
     2058618366,0.500104359625193
      662488577,0.499796812168844
     3080914437,0.499517039254474
     3734898185,0.499813323619738
      913548811,0.499503581247613
     4266337807,0.500143782243496
      853501460,0.499872661383170
      805750294,0.499618296612199
     3027027480,0.499912752573320
      435725854,0.499938522219800
     2100676127,0.499605133103218
     3802498599,0.499803950649231
     3007915564,0.499522161027532
     1234429485,0.499824155787280
      535884040,0.500298318137927
     2161788471,0.499664879212908
     2511439416,0.499791319322364
     1698022969,0.499582042176313
     4086146619,0.499874170414794
      842294845,0.499740828187648
     4168803909,0.499536198506328
     1994379532,0.500054139045415
     3302123087,0.500147248434464
       10454613,0.500010918340263
     3393062486,0.499625398602611
     3799115353,0.499918559456713
     3531949659,0.499526353835891
     2840495709,0.499944647054872
     1122002527,0.499802388727357
     2800633460,0.500439977017820
      396691063,0.499752677082148
     1615472252,0.499514043955753
     2444273279,0.499777205628707
     1872873092,0.499869572494351
     3535808133,0.499517018300100
     2440177287,0.499637678350856
      432072329,0.499550134768335
      449480333,0.499533504734190
     2484930196,0.499700872742085
        3666201,0.499628424174818
       12830381,0.499757431881543
      512681658,0.499685926690230
     2549458627,0.499766935290084
     2602469060,0.499767705087770
      955357542,0.500007146110183
     3120219847,0.499501072411554
     4282705615,0.499885039510117
     2077591249,0.499697123865653
      339741137,0.499517100614306
     2626951163,0.499772239814340
     3723120933,0.499862152865108
      534554350,0.499519806039172
     3183331061,0.499854109817153
      801151677,0.500245459758047
       54322946,0.499745447662788
     3614328581,0.499668419479642
     2623170318,0.499817220654335
     1308763924,0.499695993191135
     2536572694,0.499511126933158
     3372730136,0.500043626910881
     2548852512,0.499713775294611
     1813563172,0.500596090308016
     1464133416,0.499832029281643
     3378226997,0.499986160551352
     4239607614,0.499899724292224
     1143826247,0.499629983015846
     3776816971,0.500154756190799
     2423061474,0.499686173495227
      512280408,0.499638833434617
     1043089241,0.499719114858814
     3775596378,0.499749544877949
     3665520476,0.499873116779119
     3474933600,0.499534119428773
     4031072098,0.499732255437101
      444450661,0.499860977262834
      849774440,0.499662407251148
     1433962346,0.499964364851096
     1952794477,0.499834546367003
     2995955573,0.499708790421415
     1704225769,0.499508547022603
     2470291321,0.500147824520166
     3565143937,0.499899316596986
      552560514,0.499564961450214
     2815600518,0.499632077285737
     4290324359,0.499699547543319
     2880883692,0.499865117803852
      472389271,0.499503581247613
      284764044,0.500412196506301
     3582994324,0.499503581247613
     2626771950,0.500224293158930
     3688818588,0.499984821454844
     1759545245,0.499665870389693
     4072204192,0.499528476704506
     3409389475,0.499740219941812
     2691467177,0.499929983528961
      730261418,0.500391417688966
     3902744498,0.499672355431332
     3375097779,0.499913610371875
       54159288,0.499656736483973
     3593717691,0.500731098768625
     2302737397,0.499617674107102
     3393409355,0.499580509865600
     1072588745,0.500032700989826
      865208268,0.500244825598457
     2184102221,0.499885144979024
     4266641366,0.499503581247613
     2923874264,0.499632216005548
     3872409566,0.500053124032223
       14444511,0.499514775907171
     1813981160,0.499721436830354
     2119559147,0.499740861122700
     3165702128,0.499730664294855
     1394616307,0.499875130765554
     2930903030,0.499761695820711
     3797428218,0.499771186279363
      391486463,0.499757138939181
     3717400577,0.499933295585585
     3536439299,0.500548467946938
     1426753545,0.499731541241031
     1919813642,0.499870760631053
      598886413,0.499854483183075
     2523490319,0.499842493568532
      104974358,0.500077456103639
     2680932378,0.499528534762690
     3821144119,0.499957253682416
     3657566264,0.499535589901486
     3942852667,0.499980845065140
      215066694,0.500526227465331
     3171109900,0.499722539323153
      185988792,0.500155854347676
      888719444,0.500088061942343
     3661016430,0.499932255100395
     3698378842,0.500067391154596
     1485326427,0.499733608960242
     4060702813,0.499820618573877
      722061407,0.500202099536603
     3024685155,0.499768335118428
     3530762340,0.499843156736215
     3716821350,0.499749234646971
     1778878570,0.499993196818614
     2934818931,0.500071073980522
     3277588603,0.499961575873734
     1272088704,0.499900807344085
      119572611,0.499597642221326
      315926660,0.499828610650451
     2581653639,0.499790020228060
     3799238793,0.500556196789819
      786253963,0.500507351417536
     1143785614,0.499656674342894
     2067851411,0.499530202209915
     2402835482,0.499848098553003
     2344855714,0.499917701190724
     2032634024,0.499738687856683
     3504388530,0.499765841598202
     1406576822,0.499525112805184
     2790394039,0.499861163430543
     3213093054,0.499833385590813
      283691199,0.499814899233485
      994404544,0.499797041451520
       14813380,0.499975229813643
     2711246540,0.499556407377262
      177470199,0.499718237226076
      724060372,0.499508260303275
     1323002069,0.499664913322592
      146589912,0.499837740740317
      892250330,0.499901452578820
      550209759,0.499621994606260
     2734393568,0.500014541083840
     2031331565,0.500009959892211
     3237611768,0.499582767884868
     2729109755,0.500353183855913
      561490172,0.499939133601282
      710658324,0.500226769263588
      362989846,0.500252362391575
     2556455193,0.499620020058953
     1867671834,0.499533662774704
     3609626909,0.500058119274877
     3781830943,0.499544868092369
      465324329,0.499866470549739
     2973804842,0.500604560704119
     3022424368,0.499538374203971
      121407795,0.499721108994538
     2932574516,0.500239539094815
      784951605,0.499631766857008
     3579980088,0.499632738030025
     3384019258,0.499526809268181
     1624413919,0.499737557208554
     2881947964,0.499550126751813
     1635494206,0.500068058758197
     1679182144,0.499503581247613
     2828519747,0.499706816255206
     2902034762,0.499642569430375
     1438673227,0.499913055805685
     4218906960,0.499554030606498
     2082318676,0.499568532982146
      710502743,0.499638914144684
      376809818,0.499697849662689
      543017310,0.499556590005479
      699418984,0.499830779380421
     4010740074,0.500304410348431
      485509484,0.499723851116555
      793872755,0.499726768722950
     2659576180,0.500053531699646
      125806967,0.499879659552809
     1293221082,0.499705080569868
      562694526,0.499589711620470
      227821952,0.499778352957294
     1774100886,0.499751121339521
     4188449159,0.499693637629945
     3712313737,0.499700495033566
      128166283,0.500213791826527
     1581525388,0.499935853345750
     2406443405,0.499790681519028
     2430035694,0.499575901874991
     3661605270,0.499603518046960
      671066522,0.499661069864385
      366201244,0.499967516479094
     4108421541,0.499748981273201
      863701417,0.499894615332622
     1941146030,0.499575854851763
     1581997128,0.499677893810957
     4113836467,0.499900807344085
     2659667017,0.499776106868689
     1574094581,0.500323007783082
     2292255175,0.499776686870215
     3688663497,0.499656775450024
     1724574161,0.500055352611327
       41839058,0.499618515068547
     1945078227,0.499667423539649
      551700951,0.499726428316542
     2140367323,0.500006000277459
     3855157726,0.499577934234760
     2536016354,0.500158839074342
      822921699,0.499714790339601
     3981625830,0.499672201787475
     1644022252,0.499948136861821
     1967294964,0.499673495637253
      907995638,0.500176130469961
     3771247314,0.499835097281250
     1619470841,0.499889081031339
      910289404,0.499852932075738
      298740821,0.499998673981974
     1480362498,0.499655682674783
      174795272,0.499650613502349
     2367269385,0.499958266046169
     3204377106,0.499782552915381
     2129357338,0.499503581247613
     3421776413,0.499541434415673
     2116913700,0.499714228457223
      871664165,0.499851868935334
      495856172,0.499527474287295
      900909613,0.500208613576219
      277219886,0.500456286871198
      139594293,0.499961388314205
     1480124983,0.499992016917015
     1905125954,0.499728629285812
     3671812676,0.500367058978133
     3897887302,0.499597790551941
     1701030471,0.499540143191353
     1605741128,0.500128262248039
      871524956,0.500037532091655
      262695517,0.499558825581832
      775948897,0.499616388957325
     3589671529,0.499852991707939
     4152535659,0.499789587904828
     1094199917,0.499526127351003
     3500518001,0.499751574719599
      506466751,0.499529257285732
     2176248451,0.499779501778979
       57895567,0.500108634070971
     3907627668,0.499970906758843
     1068804761,0.499882822683222
     2803952283,0.499684145934931
     3582446236,0.499511646489504
     1472531102,0.500021313457109
        3762856,0.499970910474696
     3554809628,0.499976069494275
     3251055280,0.499606480202230
      710347441,0.499984923212399
     2717665971,0.500232554168130
     4112337591,0.499559370153839
      851544763,0.499682934458025
     1629162174,0.499753155533837
     4272745155,0.499646613087312
     2183219908,0.500230980379274
     3976252102,0.499558997706550
     1572162249,0.499748865658631
      608275154,0.499868446292135
      689908435,0.500183084116182
     3760893049,0.500173774709340
      831744733,0.500089283145156
      913926878,0.499503581247613
      401894115,0.499685770698918
     3706702972,0.499912184193479
     3952937710,0.499804539905794
      770288372,0.499926888486206
      155749111,0.499824955886898
     2104760106,0.499816852869738
       71240446,0.499779894271232
     2660068095,0.500352765237897
     3704515339,0.499741470477366
     2036861708,0.500064113488671
     3409201936,0.499527061147376
     3746597652,0.499522917444898
     1135405846,0.500027336935312
     2917649183,0.500340021824880
     3888565025,0.500151654622968
     2850515750,0.499874590833667
      584723240,0.499737378196664
      199543593,0.499734703959118
     2147815901,0.499499833027323
     1192790833,0.499504234225881
      894405427,0.499604287092805
     1425926964,0.500487110899297
      922536762,0.499537030324980
      193628988,0.499627424189116
     1309797181,0.499938837512020
      405179198,0.499781957939903
     1831422783,0.499511386118740
     2431150913,0.499949303945980
      233278274,0.499613413177412
      189960673,0.499503745044821
      128699208,0.499692007526404
     2056899406,0.499964162472165
     1608510287,0.500213237918654
     4277267286,0.499503581247613
     2374896473,0.499600432009496
     1885207695,0.499811011547822
     1898064737,0.499662191277076
     3421047650,0.499561222212232
      438504297,0.499525614369484
       38529900,0.499666239001415
      412396401,0.499775703137037
     3241708403,0.499767708088109
     3544271743,0.499790433190609
     4134914945,0.499627668434246
       15666050,0.499832044975844
     1866476419,0.499775786784014
      470264709,0.499880033911944
     3504622477,0.499586660823966
     2416569231,0.499508831736246
     2304674709,0.499814438909844
     3867257754,0.500123370683412
     2081278875,0.499530271382600
      131722143,0.499503442664579
     2646150048,0.500169845986600
      597789611,0.499547458690851
     3596815284,0.499589608468591
     3759631297,0.500206163846248
     4083223490,0.499765214875978
      635537227,0.499715524366853
     1437936582,0.499614295878027
     3839658957,0.500276776821173
      922490701,0.499683571849312
      151276515,0.500178322217251
     4173835236,0.499917143894602
      435866601,0.499778155311854
     2906852332,0.499818154979369
      941501424,0.499531278074733
     4034210806,0.499550166415302
     3785534455,0.500401326220550
     3905473528,0.499568942471851
     1214999547,0.499507948025119
     3314961405,0.499518711150546
     2168327170,0.499989525512319
      812100611,0.500141156138194
     3298692104,0.500057968688004
      446540812,0.499855730581279
     3421907983,0.499877165868031
     2074416984,0.499812703251486
     1466372611,0.500021770054447
      812198935,0.499686215819984
     1547700058,0.499967631478818
      892800032,0.499954656589019
     1859578915,0.499544330754858
     3276610737,0.499683696424725
     1464842076,0.499960799911284
     1732070447,0.500079474584386
      422128692,0.500134173021647
      136563772,0.500507531830086
      214707270,0.499812695809750
     3724069959,0.499908257176475
      964193353,0.499877439820692
      225113954,0.500095411889036
      724896846,0.499662712269276
       27472397,0.500189527572338
     2132896853,0.499522665492323
      186731606,0.499533780909149
     3139345593,0.499613453779422
     4113091686,0.499815633393437
      890483217,0.499657322165300
     1281133672,0.499585727927579
     1916316778,0.499749391347810
     3866823789,0.499559400912960
      637979759,0.499732067269405
     1547750521,0.500092107646262
     4221947002,0.499744095625397
      657779836,0.500040362970817
     1309641855,0.500303239392255
     1543539840,0.499681585541931
       57560196,0.499659376513451
     2315750533,0.500158833899727
      315616399,0.500178385485560
     1237707923,0.499601523630389
      546335892,0.499785015718259
     2667998362,0.499593752074228
     2619206821,0.499757033048991
     2886823078,0.499756028486619
     1808840561,0.499788302235929
     4289817784,0.499825971597639
     4067798202,0.499724682083905
      676539582,0.499549784901298
      158222197,0.499813878532393
     3189394625,0.499937876940814
     2490846405,0.499526674016962
     4207217864,0.500145984672056
      619728073,0.499882027200182
     3415207115,0.499665444538251
     2792025292,0.500222998131559
     2746559694,0.500158502100497
     1234980050,0.499574443327723
     1197239508,0.499898645277576
     4166159578,0.499726944760953
     1087081695,0.499556942487216
     1501711584,0.499826414695546
     1956637930,0.499600250292979
     3450391790,0.500723048497917
      326528240,0.499504234225881
     1806167282,0.499588732363143
     1270320376,0.500275632739364
     2680032505,0.499992338400013
     1575709954,0.500060036952558
     2510011606,0.499875089077751
     1984441612,0.499602620199369
       81603853,0.499883699208678
     1198722318,0.500419147079206
     2845256258,0.499670741150563
     1400704277,0.499775420980910
     4057451798,0.500084700526504
     1084009755,0.499797134606230
     1612639517,0.500084423021742
     3119066405,0.499724414376448
     1129975088,0.499597457485382
      218664243,0.499831532225801
     1627884852,0.499537078981751
     4203793720,0.500118921273853
     2948992316,0.499797620468721
     3646262592,0.500005525118524
      340897089,0.499866840995594
      963325255,0.500234151071627
     3003100489,0.500163916327461
     1736035661,0.499961374154948
     3819482455,0.500103978177479
     3509464412,0.499548627738188
     3729493345,0.500046288464980
     1808911717,0.500250825067514
     4136856940,0.499723246606495
     3306630510,0.499782296873024
      876080497,0.499511386118740
     3045444979,0.499702866123329
     3877088629,0.500269557310524
     4112346491,0.499682757882462
     2275192200,0.499504653096687
     3115961744,0.499522453863510
     1121602963,0.499546876809750
      554233248,0.499914201710853
     3111587242,0.499954331954558
     2801913261,0.499872437893895
     2292977070,0.499793020903540
       95774621,0.500258432590088
     4023700917,0.499585727927579
     1294380470,0.499743036237358
     2861403575,0.499818990972499
      714436037,0.500283450450065
     1963837347,0.499770951070607
       52301276,0.499711411887311
     3370348001,0.499653605853738
      521080290,0.499795134790917
      157732323,0.500007928962749
     1092218350,0.499533852736616
     2427375089,0.499739851176342
     2573356539,0.499747765272615
      438541117,0.499819353037292
     2317192710,0.499623852364695
     2467114242,0.499778793433206
     3432402448,0.499503581247613
     2612645396,0.499644115051596
     1666158101,0.499540504379643
     1128051289,0.499780013003067
     3023048216,0.499712002752101
     3574722077,0.500299329221172
       42935543,0.499874318421903
      433974817,0.499796561503316
     3187461675,0.499582359903080
     2567114284,0.499636262061151
     3165597234,0.499606905479397
     1591840307,0.499682597194824
     4294270217,0.499694992173006
       61279800,0.499823539630508
     3316633147,0.499621548965617
     4027829823,0.499509510307296
     2937826883,0.499590944499952
     3746065989,0.499728640002369
     2434666055,0.499503581247613
      124726856,0.499859969006989
      441200201,0.499601598067779
     1484713229,0.500314645190746
     1615064656,0.499774630044731
     3111947859,0.499739047415411
       80662100,0.499627221149461
      182988375,0.499759744956412
     1341727332,0.499629396026341
     2110109626,0.499654100720291
     1174163042,0.499533588064637
     3160174180,0.500117171866156
     3273059941,0.500258676046892
     1939639911,0.499847507585563
     3061108330,0.500497760578317
      534703725,0.499927890606836
      390794866,0.500044465757667
     1566551667,0.500124091792831
      117821048,0.499797200155142
     3788000892,0.500220362450349
     4167003777,0.499632379448846
     3781652098,0.499924890001456
     2503822984,0.499934593753181
      267021979,0.499561328004111
     1787417200,0.499524258566919
       46861991,0.499990782101324
     2308848817,0.499631435262995
      372616876,0.499714393712319
     1634043849,0.499929204062534
     2777108152,0.499503581247613
     1094151866,0.499520244041574
     2952851131,0.499669629433426
     4116467389,0.500241897244403
     2554299873,0.500093559748867
     1015049924,0.499560250870641
      568225478,0.499551199660414
        1257163,0.499599911754743
     3766718161,0.500066360367402
     1131998935,0.499936569149763
     3779145439,0.499686934788471
      158502627,0.499706431445357
     1257934569,0.499594925122450
     3527479018,0.499632642858129
     4253662503,0.499774673149604
     1742016237,0.500023526393277
     2835645053,0.499503581247613
     1270771444,0.499965878350159
     1285533434,0.499768367983227
     3594702588,0.499987453431741
      569716486,0.499961396208965
     3493744392,0.499809566345613
     1118646028,0.499866544837769
     1755041549,0.499535604761711
     3811110673,0.499567733339245
     3559935768,0.500628630840858
     1856163611,0.499610527440826
      470564430,0.499744253855974
     2494672673,0.500618562520751
     3280760610,0.499856586317888
     2871398184,0.499935133378112
     2059693868,0.499566272349427
     2002825005,0.499741087316618
     1821355823,0.499537920849831
     2754340045,0.500017058372153
     1563422519,0.499503581247613
     4184403768,0.499687568452835
     2891705652,0.499761520515730
     1947537211,0.499618348421381
     2326703934,0.499497834081495
     4131991365,0.500217089309307
     1520840518,0.500646165269101
     1466478409,0.499760937607868
     1088122699,0.499821489916091
     1625018191,0.499550939616146
     3360501585,0.499902293606359
      977096533,0.500116378457674
      891039579,0.499793633411386
     2575724380,0.500043176005958
     2424926057,0.499744526602244
     3913175832,0.499713492679455
     1306963824,0.500741066019672
      333893490,0.499762516125843
     2842627955,0.500538849994113
     2790084474,0.499741458178737
     3598651262,0.499503581247613
     3701772160,0.499612627161235
     2219446146,0.500076368071014
      872843243,0.500203491629210
     1111143713,0.500100055184934
     3528822674,0.499923529124872
      386305939,0.499961854605474
     3936325532,0.499557964116114
     1404981150,0.500291609301654
     1193187313,0.499924687387883
       20688811,0.499593400276814
     2853515181,0.499818262418764
     3113996209,0.499560259683731
     1660064414,0.499891100043445
     1890627511,0.499517087615113
     2260168632,0.499556967844581
     1434742717,0.500465263150983
     3640913861,0.500212328333851
     1497722098,0.499562542489349
     1845333964,0.499877357345092
      225832912,0.499821902213062
       73166801,0.500270254545923
      797700051,0.499915145154792
     3357044693,0.499897440559536
      888716623,0.499734124915799
     2629504988,0.499568831006118
     2833321952,0.499790204909147
     1710721019,0.500174779574061
     3111604202,0.499909975983905
     2572185579,0.499659376513451
     2221617133,0.499825667756460
     1065373685,0.499750121715335
     2359283704,0.499605152519516
     1002508282,0.499589076816784
     2144358400,0.500099519775035
     4059254786,0.499587048071592
     2151395332,0.500008874780345
     1771663369,0.499963917136929
     1644675757,0.499629432903394
     2880106515,0.500078970994038
     3645190166,0.499866188951501
     2797146136,0.499876716396390
     1003261977,0.499646759606592
     4010594330,0.499702883344062
      599339043,0.499865083244103
      419508265,0.499773206285271
     2960835250,0.499957685614439
     3216420911,0.500006320448220
      785199153,0.499655997195744
     3114435252,0.499532059954457
     1968173115,0.499587499604706
      368218175,0.499702325879184
      570683458,0.499871946867851
     1182511172,0.500117241551925
     2836033610,0.499825092842667
     3658068043,0.499543084529653
     1667321933,0.500124438421590
     1891242075,0.499809301114648
      513757280,0.499667163487273
     1141059689,0.499551972705525
     4061130858,0.499624290190230
     3817222253,0.499859629485462
     4210077806,0.499945379872958
      801247343,0.500110580489435
     1404883058,0.499629228304468
     2602663273,0.500009241363837
     1048768634,0.499558264067258
     2657046652,0.499834387462018
     3864252545,0.499945191570388
     2237673603,0.500555787102979
     2421854341,0.500100344126970
      136507530,0.500150158840287
      924930627,0.499826444265816
      651522193,0.500158526191806
     2166853780,0.499902350796424
     2702725269,0.499526169251538
     4151390359,0.499644370759482
     2986135709,0.500394218414600
     1758154911,0.500516950253750
     2516537511,0.499974489544284
     3086430378,0.499958384812640
     1435692403,0.499626378774603
     3685699764,0.499702983887867
     2678173878,0.500005354478553
     2225983673,0.499588215838433
     1639616705,0.499552839289710
     2313941188,0.499519806039172
     2584465614,0.500378290264508
     1085755604,0.499786856249195
     2336269006,0.499605375374512
     1392865495,0.499637096159241
      204878041,0.499556131168618
     2208863950,0.500081351253765
      411234533,0.499656076568826
     3142389990,0.499669455072606
     2562715879,0.499937940236079
     1832407275,0.499744186004027
       51712238,0.499608858723680
     3871650035,0.500023655294469
     2483400949,0.499993604245339
       60575993,0.499580416951451
     2130260220,0.500420924390022
     3350425853,0.500210531045474
     2476863742,0.499870548476584
     1659875587,0.499702844153003
     3855200517,0.500542151911553
     1547096328,0.499815668273121
     2777682188,0.499517331065893
      742314262,0.499780094715049
      798781721,0.499738376577361
     2888331548,0.499696538271724
     4292202783,0.499552757788059
     2007396645,0.499845496907466
      326324523,0.499512423763786
     1881395523,0.499668185930812
     1117376840,0.499738159566145
     3651252553,0.499664051615831
     3995873611,0.499660165733933
     4240494925,0.499702755818543
     2956833103,0.499680587870848
     1540526416,0.499551880280994
     1310118228,0.499605222595133
       18403675,0.500095225266113
     3357978977,0.499608491334105
       48025958,0.499630810057004
     1330295145,0.499763879856020
     3185160556,0.500301538395469
     1735913840,0.499654792058442
     2328408434,0.499663361753975
     2424140147,0.499938716784949
      604664181,0.499839945626151
     1622684023,0.499637410981523
     4134559124,0.499877854739610
     1571344767,0.499685069300749
     1945629056,0.499745651848394
     2355196302,0.499605003254031
     2244055444,0.499997692331633
      502436245,0.500000479715662
     1502884246,0.499749243015045
     3126899100,0.499502679331020
     3530199455,0.499561747781869
     2656756466,0.499535634871123
     4075598256,0.499610815222654
     3791221174,0.500169104907125
     3342668217,0.500328663465193
      519926207,0.499610879785080
     2989142466,0.499968439315301
     3548320198,0.499782065714363
     1564103114,0.500037378535541
     2135077325,0.500007667610548
      474837456,0.499704578709773
     1093013972,0.499549129750523
     3503854040,0.499606504035053
     3165442525,0.499978593961753
     2289595681,0.499757241719031
     1256182240,0.499596826473851
     1905316321,0.499726337390089
       87519714,0.499726857309332
     1686114793,0.499530347511614
     3822293485,0.499824503209547
     3408679406,0.500441566472113
     2990330352,0.500489302169047
     3120738802,0.499928932629938
     2122168404,0.500497588480713
     3520115198,0.500151398449916
     4113224195,0.499631880845784
     2837329513,0.499847569303990
     2350354953,0.499733266902514
     2571596299,0.499713491781408
     1198436877,0.499654079530321
      473862671,0.499794616933214
     1672737297,0.499765938874739
     3980784151,0.500133159332559
     3613018202,0.499612913401374
      697963049,0.499556400275682
      280945415,0.499508282222468
      476525107,0.499560496228052
     1443332873,0.500239444821047
     4168364602,0.499585248345813
     2441351741,0.500362462683914
      819589694,0.499921883493242
     2476257859,0.499864661103609
     2640457142,0.500032142820893
     3536450118,0.499883172704813
      606532167,0.499967597046291
      906285644,0.499561287301471
      336466512,0.499663619655722
     1352815192,0.499632851208866
     3814961753,0.499951330768266
     2478674523,0.499682742349156
     2007282268,0.499943036091116
     2584023645,0.500100102717139
      237580894,0.499866090245194
     1269019240,0.499935533896043
       28562031,0.499635232636356
     2931069552,0.499593348113992
     2379077800,0.499497878290037
     1444024960,0.499895665375928
      936596102,0.499870867806072
      586519180,0.499695608118648
     1301975697,0.499977541165642
     1730433688,0.500255785404519
     2970555038,0.499761118968200
     3498168993,0.499947391171825
     2911457959,0.500181624342041
     2402292397,0.499514677156197
     1438274224,0.499877114380455
     1777947317,0.500111275451290
     2084278972,0.500379946873814
     1421005503,0.499735908405434
     1494217410,0.500385807221219
      565949124,0.499636031741765
      175198917,0.499819266495162
      583611083,0.500570718886334
     3384578765,0.500278463147335
     1782723279,0.499768285632071
     2097738457,0.499507616603836
     2389824220,0.499618935448880
     3222165626,0.499714419575562
     2592420575,0.499873446991589
     1239435542,0.499521374504105
     3518264036,0.500118343913598
     2382885606,0.499608930568753
     1022186216,0.499556488212400
     2053690102,0.499657836048340
     2249691904,0.499516035202537
     3469480706,0.499921728373972
     3021493001,0.499620747108090
     1991938829,0.499567474539355
     3229520661,0.500135322626132
     2101334808,0.500209485315531
     3217699612,0.499941591395553
      849261353,0.499730263230061
     1292038956,0.500147809616909
       13579059,0.499725067849363
     1078121284,0.499537810880962
     1937757001,0.499517111198008
     1091227106,0.500052802028711
      753881937,0.499697521243050
      944763734,0.499877463737704
     2388218712,0.499923595346628
      892212061,0.499954594174306
     3296187235,0.499674558039143
     3507802980,0.499689161796555
     1602499431,0.499941658735806
     2056270699,0.499831189932578
     3042571116,0.499853863834661
     3374379886,0.499552377718699
      591328112,0.500186160093727
     2915136374,0.500334302007205
     2790757250,0.499839521367392
       39662473,0.499682324677870
      544502666,0.499742597946107
     1496134540,0.499570404721081
      571839380,0.500214375069635
     2996056988,0.499750896417558
     3896652702,0.499539268010952
     3542741923,0.499818804232835
      860074920,0.499503581247613
     1561932719,0.499511747420725
     3095622577,0.500179543166161
     3227046837,0.499891971670574
     2251035578,0.499756007934166
     4062335936,0.499676944731502
     2522682305,0.500150243207537
     1705530308,0.499912167296247
     3696571334,0.500074615996931
     3501863883,0.499665840628286
      511906768,0.499980675989310
     4206736337,0.499851411571641
     3969135570,0.499553646874196
     1240241112,0.499833063614233
     4051833820,0.499803821845837
     2006040353,0.499635801742001
     2687480803,0.500032013724662
     1732637669,0.499614769565056
     3558003689,0.499557432643417
      135869424,0.499724089933121
      197093544,0.499660938610098
     1333195762,0.499835250901891
      322589684,0.500079796091759
     1037939704,0.499751373277321
     1912189950,0.499634642922452
     4116632580,0.499779122204494
     1874916359,0.499498044540063
     3824833561,0.500001923083058
      927241245,0.500443417830798
      944157726,0.499801942328916
     1116599329,0.499943093197003
     1270992390,0.500542492254978
     3718927404,0.500270476392278
     4197446704,0.499748452491957
     3852096562,0.499793116913899
     1758966843,0.500391585096476
     2334716998,0.500293457074112
     3778204746,0.499783205786806
     1305760850,0.499726299633756
      244462675,0.500104404087116
     1919152996,0.499506920203484
      943707226,0.499898849279092
     2043376732,0.500198478191933
     4017534046,0.499519204570266
     2154708496,0.499818173815148
     2684771858,0.499894755351632
     2906420334,0.499664355880459
     4197151858,0.499951069744728
     3085964404,0.500123904268510
     2377872506,0.500006168414019
     1548748991,0.499941736487161
     3040318592,0.499754877141159
     3423802502,0.499847533762628
     1524790409,0.499726105941457
     1376646283,0.499723065580382
     3675509902,0.500106997040554
      865973392,0.500656078607117
     1120441496,0.499869199143600
     4151208132,0.500479044870980
      932664477,0.499661949485791
     3507590304,0.500729920994018
      384586913,0.499533668262451
     1546777764,0.500020875024633
     4211618984,0.500349284987233
     2979116205,0.499774005564682
      392377518,0.499678444331327
     4050719921,0.500159740599629
     1360598195,0.500093468364246
     4216542392,0.499517872053188
     2137593022,0.499521985241538
      256070847,0.499632786677872
     1673548992,0.499835229661502
     2848232641,0.499780450806508
     1465881794,0.499917622359225
     1740027076,0.499555156922278
     1355830470,0.500264958233584
     1706497234,0.499823047157153
     1679398101,0.499964992132976
     4025644250,0.499733440687535
      321967324,0.500043384223751
     1379431645,0.499521238370855
      358642912,0.499553176879063
     4029453550,0.499710421338835
     2136347889,0.499862208217599
     3048527090,0.499769180779111
     1077458166,0.499651738811346
     2152346877,0.500107852171018
     3623908612,0.499798338607797
      705066247,0.499571534079676
      873911567,0.500058848351111
     2242966804,0.499987213049787
     3933263128,0.499815567664588
     3587429660,0.499542041831053
     1051260193,0.499789726566186
      183359707,0.499813941557848
     3109672237,0.499860143588024
      468416893,0.500146150332775
     1082086708,0.499598207776874
      947148085,0.499824473178523
     3069891465,0.499733499110485
     4263990585,0.499614782692364
     1236740319,0.499880741803896
     1853191050,0.499712921188587
     1498838336,0.499882054140274
     3678401862,0.499983241733803
     2492675400,0.499949874582311
     2919210693,0.499757599376068
     1341625680,0.500100735525342
     2119570771,0.499621088953269
     1559860566,0.500161340662931
     2306061655,0.499689617960291
     2981311836,0.499751215155861
     3304576351,0.499585276180615
     1610184032,0.499594211427652
      783765051,0.499696774843239
      501962084,0.499983374984178
     3090437477,0.499710542403221
     2208191846,0.499529428103871
     3979113834,0.500117937629657
     4272829805,0.499832766113745
     1171027314,0.499866025940836
      156964214,0.499959820680815
      588242317,0.499801958388016
      622466425,0.499676204771446
      173299067,0.500443565584072
     1156633980,0.499553254793903
      696685957,0.499739773195224
     2598065556,0.499698427455028
     3557094808,0.499569267556676
     1580438941,0.499638575164092
       84317600,0.499660416271133
     2855671201,0.500515577500436
      242955686,0.499709487394187
      738039210,0.499506172701732
     1651219599,0.499597476761056
     1239109318,0.499675646211223
     3485953609,0.499566650585166
     3742897593,0.499501537581223
      981652924,0.500491880422868
      335181247,0.499576062491604
     2883999170,0.499710457323017
     3567990215,0.500487335141325
      739218891,0.499520546578588
      171775437,0.499633629331526
      466367952,0.500095799865892
     3863713234,0.499698828778765
      314179150,0.499527457148764
     3422180824,0.499915008844057
      351587919,0.499785353091858
     4115720443,0.500254854429526
     2582709158,0.499549982775446
     3290822121,0.499636510642845
     1966446059,0.499673162240323
     3746575853,0.499803031578540
     1158059503,0.499802478305597
     2937419248,0.499755377562443
      132953585,0.500391698295479
     3343150373,0.499730305149403
     2682582518,0.499515490520840
     3008132600,0.500148240338379
     2487299384,0.499772442310037
     2009945606,0.499991433124754
     1071396361,0.499666522745028
     1720399375,0.500131126561003
      821933587,0.499663390634322
     3058402847,0.499581163555697
     1886295579,0.499824977878777
     1795282466,0.500122738014998
     2374923813,0.499758115698472
     3849475626,0.499677734852946
     3247797804,0.499801768657220
     1212634670,0.500082150019626
     1789539889,0.499849026254855
     1971115572,0.500016420292526
      582489655,0.499523950968932
     2645702202,0.500013130247646
     3234780736,0.499511486191771
     4243338818,0.499728312125685
       91739717,0.499682508767388
     3588904522,0.499849240744941
     2483377740,0.499984359438347
     2236601934,0.499714763780074
     3094918738,0.499588347433500
     2176816726,0.499503581247613
      525997655,0.499968953043652
     3880154712,0.499720630418578
      261510752,0.499795693035725
     3435443813,0.499541922740810
     4198307433,0.499690953603840
     2388883054,0.500351271863798
      185407090,0.500306678370785
      617879162,0.499581629158876
     2118084886,0.499816734837231
     3478886022,0.500178525561950
     3402217097,0.500390989103968
     3218437773,0.499822990932264
     3883677327,0.499757289110220
      941771033,0.500287144384664
     4180530846,0.500342909303635
     1275393695,0.499771142227249
     1332237991,0.500464816020902
     1638313586,0.499870944188602
      295515825,0.499676884132470
     3874215604,0.499841196826684
     3933861560,0.500117455099623
     4208424633,0.499943076026103
     3960059590,0.499624581917426
     3158144716,0.499945740370810
     2527024846,0.500117427469313
     1205966543,0.499850055398465
     3253046904,0.499607800227960
      611202773,0.500083721153537
     3298506462,0.499578875519643
     3274798815,0.499861121488084
     2381166311,0.499516515222284
     1200830187,0.499682221584345
     1518423631,0.500090086650934
      602085114,0.500189337382803
     3883054843,0.500728943769478
     2494748414,0.500355687598118
     4201297666,0.499802784880607
     3657103121,0.499543625428891
     4285110044,0.499831472400999
     3899905824,0.499953156752097
     3661641508,0.499573963443107
      720672552,0.499517100614306
     4143560490,0.499514070491250
     1881110329,0.499922122982081
     1657820987,0.499571682077925
     2759186237,0.499598181447308
     3806140231,0.499746356814451
      313775948,0.499771466386624
     3561609037,0.499870184224534
       32388948,0.499648296377304
     2497869653,0.499677214840223
     3418183512,0.499947716461843
     2709034841,0.499517301317505
     2191300442,0.499974861195500
     2011993948,0.499624620051962
     1637365598,0.499514175024111
     1582536544,0.499953107332432
     2310846305,0.499539768318450
     1679660898,0.499733831855126
     1211938659,0.499684322527270
     1638676327,0.500133984107559
     1300567917,0.499652790430065
     4172461937,0.499979570461108
     1739863923,0.500047641640050
     1528485753,0.499607331496526
     3381188479,0.500265612165116
      288397188,0.500151183173070
     2030794629,0.499699819205108
     1491908492,0.499946892197911
     2550691725,0.499622257604934
     1921382330,0.500485396578145
     3404068752,0.499832642513519
     2750404497,0.499721682766444
     1645606805,0.499741844726368
     2551666585,0.499517956098815
     1604024219,0.499654681869388
     3550779297,0.499754686402144
     1221009051,0.499853406593500
     3451967396,0.500049652780672
      359864230,0.499692063032890
      179509162,0.499579249309918
      925185965,0.499661481515007
     2913793969,0.500081299222386
     1453414330,0.499815548706807
     3158480830,0.500009793600244
      226736066,0.499821876968121
     2265090379,0.499538457637715
     2477266886,0.500140293012622
      554056686,0.499892499486097
     3631372238,0.499579076509985
     2438748111,0.499940729759403
     2987530192,0.499718079579045
     2642753501,0.499808336203727
      580103847,0.499598181447308
      493197297,0.499774822017127
     2869240831,0.500284003493450
      678940729,0.499810801450289
     2079665836,0.499641023235748
     1284511760,0.499973405286431
     3449395218,0.499536831056357
     4085970964,0.499960848625221
     1613707386,0.499725489304305
     2610558998,0.499741930852457
      437327904,0.499572450107349
     3232315427,0.499631822512945
     1729181738,0.499613979700935
     3657848878,0.499738014690116
      805615667,0.499578790387161
      976910388,0.500040934720313
     1977284662,0.499630429668005
     2596952119,0.500095417545603
      932018235,0.499806952461023
      427808828,0.499638308872777
     3456333885,0.500705280345323
     2493978686,0.499686450784572
      551057472,0.499735957680616
      715610178,0.499843864472457
     1811899403,0.500246666213209
     2018506826,0.499813563510224
     2394025655,0.499839557185825
     1383159884,0.499530856665553
     1101158478,0.499760522774153
     4146624593,0.499815815572615
     3410212948,0.499833478361265
     1709185112,0.500020494938989
     2926860379,0.499566583034806
     1514248290,0.500008880552918
     1551325285,0.499781617545208
     2458753130,0.499665226635118
     3102701678,0.499846829771044
     1087592563,0.499705243164163
      138197111,0.499937393867410
     3933755514,0.499871485798606
     2589694076,0.500112213926375
     4198365309,0.499941138608006
     3267967108,0.499782517483706
     1576130694,0.500115521265691
     2933889167,0.499515737208423
     4056283291,0.500329246230341
      503453855,0.500025243816648
      421583216,0.499720271831609
      330002118,0.499776864012543
     3832551592,0.499816864039035
     3581273116,0.500415374103964
     3504232619,0.500295865036890
      829192364,0.500407258228259
       76011693,0.499682021636634
     3719747758,0.499786894321239
     3869382833,0.499696737445962
      875118281,0.499501785091905
     3986745716,0.499571711354966
     1837160634,0.499586683003061
     1132714357,0.499837831886941
      789592262,0.500076285954869
       88373450,0.499868665533161
      788560084,0.499500081529558
     3615217883,0.499558165925818
     2072312029,0.499688379138132
     4255810597,0.499842483849553
      893065444,0.499519806039172
     4022775505,0.499787379958816
     1085602029,0.500081660349681
     3320682734,0.500329317144264
     1109121263,0.499847870658894
     1745590513,0.499528877000220
     1220720897,0.500076286115036
     3614505789,0.499515388274450
      361732358,0.500070783915468
     3407411468,0.500012865110338
     2887596301,0.499839136257704
     3459275023,0.499636283441743
      927439134,0.499658165624516
     1956268421,0.500100284167168
      729512225,0.499787555136340
     3691403563,0.500243943912500
     1200462129,0.499626419485420
      697006387,0.499590140741915
     4029937973,0.499767902756271
      159635782,0.499732234592032
     4075493706,0.499705675546392
     1369454925,0.499533928411954
     1951029591,0.499555122265994
      203774297,0.499848654757252
      958658909,0.499572870339307
     3265034590,0.499622415635345
     1576114533,0.499521950165297
       72718694,0.499665853439814
     1871985001,0.499742769284618
     1741699434,0.499498447623181
     2099632493,0.499560958739685
     4113152368,0.499812363047246
     3583203698,0.499797437019659
     3117619572,0.500132700792520
     2343754101,0.499877357345092
      848662249,0.499563229642973
     1403378041,0.499587499604706
     1361631611,0.499682166736147
     3914362602,0.499887615311245
        4643202,0.499577819532810
     3307264388,0.499906636236607
     3271063951,0.500323019370361
      485333393,0.499937308062284
      670357906,0.499776684987444
     2863987099,0.499669529195329
     4149287333,0.499520227801522
       37935529,0.499658315120817
     3328186799,0.500081163777441
      689772978,0.499609061777657
     2537568694,0.499569682941212
     2277284281,0.499582515904434
     3422230977,0.499721540732755
      512334274,0.500362720902174
     3200489924,0.499599047373561
     2457386742,0.499598195911640
     2308995527,0.499661992988479
     3073882568,0.499536246437109
     1854691785,0.499610804379084
     3566295499,0.499632957932585
     2187549133,0.499717322689387
     3618181813,0.500110528240404
      203979224,0.499564961450214
     4241785291,0.499603737842041
     2437863907,0.499687911043067
     1359378916,0.499963730255314
     2463136232,0.499507197679701
     1709521385,0.499509069079418
     2901006827,0.500011349499243
     2333530607,0.499899118514347
     1786010104,0.499613271125525
     3288160761,0.499544760213238
     3883276796,0.499946623536895
      669817356,0.499606674241999
     3263830544,0.499566864208818
     2657384977,0.499750200218639
     3585636883,0.499858545148562
     2131909140,0.499663721679347
     2667043355,0.499503581247613
     2404661795,0.499783974440418
     2846800427,0.500008929194902
     3553172013,0.499501609437475
     3289564253,0.499776820296865
     3250715193,0.499531113539722
     4081252925,0.499848269750967
      271497799,0.499803383622102
     3817855562,0.499525660114126
     2499344973,0.499498074382960
      957332047,0.499830296765205
     3397794385,0.500212520071141
     3967015511,0.499550166415302
      875764320,0.499578690676869
     2753223268,0.499586402032662
      771340907,0.499552177985462
     2449627756,0.500309323499233
     1806793328,0.499993069109060
     3736459894,0.499533780446868
     1148893818,0.499535555511596
     2990185083,0.500006481081657
     2046892668,0.500029430287168
     3467385471,0.499767545658261
     1449008960,0.499612919817231
     1351482663,0.500220854054064
     2776128130,0.499678133710605
       40491651,0.500007064090131
     2571655820,0.499526993999693
     1929247386,0.500235985378636
     1227471515,0.499503581247613
     1134443164,0.500061682208576
     1882749605,0.499635783843240
     3033774758,0.500294544184692
      430414510,0.500368330424136
     1319968541,0.499512611752270
      586021554,0.499609086858906
     2315229877,0.499767518367933
     1948625147,0.500252554329278
     4081760952,0.500287411634024
      358260511,0.499601411583196
       22256316,0.499857590706080
     1331550909,0.499573944829307
     2311822017,0.500062415759019
     3590882422,0.499574389032181
     1204391713,0.499817658858296
     4018109131,0.499909667626602
     1888672462,0.499725402268701
     3612859092,0.499588693962759
     1731795669,0.499813291989190
     2839780066,0.500294038967785
      866073317,0.499514373805917
     2907028199,0.499568487959484
     4265422151,0.499782189578051
     3729758955,0.499556275945762
     3384551890,0.499994817424926
      363141879,0.499557180929007
     3755088636,0.500284790744993
     1520301184,0.500421122566998
     2890521360,0.499733124866465
     1019198242,0.499637247972850
       98581287,0.499527777223284
     1060059945,0.499752918258192
     1570650922,0.500089461375470
     3749239597,0.500099913234371
     3089701680,0.499730063010019
      767754035,0.499834821504360
     2417144969,0.499792284117657
     3785988920,0.499798939333691
     4255292219,0.500276881326986
      970193724,0.499584207984524
     2117811005,0.499564282003932
     3638917951,0.499627796723980
       15145794,0.500009595639691
     3649688715,0.499693335010534
     4022688588,0.500064217003368
     3338779471,0.500685894679642
     3563690834,0.499610729144087
      625179483,0.499630536479988
     1847245667,0.500174254661777
     2918734700,0.499855762930039
     4055022445,0.500358928286755
     2867346286,0.500332349853685
     4124490216,0.499941256893779
     3814265525,0.499674677837984
     2310486505,0.500040090996226
     3369384825,0.499810978015588
     3082582913,0.499503581247613
     2331876230,0.500179534448543
     1665702791,0.499923863833760
     3598203784,0.499628630783705
     1988500374,0.500037609110009
     4022524826,0.500089294527035
       16030619,0.499499950988138
     4160281504,0.499615478957808
     4037139365,0.499997788798306
      764009382,0.499612919817231
     3221486508,0.500347619120288
     2970154141,0.499575419042334
     3929193078,0.499555050917276
      878579529,0.499803411300552
     1343527868,0.499929919467548
     4068178877,0.499597006679672
     1738030014,0.499668609032409
     4241914816,0.499751294122890
     1839918322,0.499657199033583
     1815354318,0.499730962094977
      105642960,0.499647599935930
     2622856149,0.500098071103176
     2600873807,0.499608966109919
     2794118114,0.499547438554746
     2043248465,0.500498431025792
     1962322428,0.499585384460001
     3842497516,0.499949720964420
     2148965358,0.499724007599511
      158940143,0.500323574925203
     2604497909,0.499840107221748
      268442623,0.499547170487025
     1109564424,0.499687237898570
     2079505419,0.499980272385732
     1510816782,0.500144775397844
     3922295823,0.499690082779944
     3368393744,0.499701807180944
     2482302037,0.500532460068335
     2147465338,0.499615122354748
     3856037277,0.500579907219023
     2974096410,0.499569799940090
      372857885,0.499710468743746
      380673055,0.500122571211402
      394984483,0.499791419225321
     1533582384,0.499619740658121
     4219345971,0.500139879345330
      183204935,0.499534071476234
     3971218504,0.500040610160296
     1105067091,0.499602118116716
       50076758,0.499630101811176
     1130470487,0.499748880544549
      173341789,0.499497878290037
     2941705310,0.499655921223692
     2398788706,0.499557454950556
     2257353829,0.499803776773652
     1989368937,0.500266341329467
       24755307,0.499519756590057
     4186537070,0.499977992938022
      250920048,0.499990726923512
      702889076,0.499616814476185
     4182602942,0.499693889560328
     2302891199,0.499666966312774
      881204355,0.500025150785580
      309935240,0.499925969755488
     1974402191,0.499682172710969
     3958791318,0.499820718572584
     2561965207,0.500113007904208
     3936615581,0.499964633538749
     2759880560,0.499731718643072
     3182419120,0.500480171728073
     2401565873,0.499765947706971
     4291488745,0.499893819557547
     2840263860,0.499602520893005
     1814088826,0.499690214197712
      410565817,0.499961947476721
      670366919,0.499588693962759
     2472254668,0.500425782312277
     2760817870,0.499930484901349
       68991036,0.499507986215726
      395738321,0.499937275266897
     2375990486,0.500203657209425
     1395580121,0.499862485859935
     2931588314,0.499666670808821
     1750662364,0.499734018208235
     1260751404,0.500397248012260
     3970042405,0.499714364396879
     1120148704,0.500499977609100
     2257001698,0.499541565674293
     1039301878,0.500526721776954
      886897913,0.499524921223696
      491535621,0.500125239107541
     2194177287,0.499897914464562
     3141172489,0.499498881731390
     2228226605,0.499662790585611
     3968851216,0.499581040407722
      227245329,0.499560600823783
     1556585746,0.499582261962385
     2614397486,0.500292313997058
     3611704599,0.499647913151936
      808714118,0.500009210761369
     1889213735,0.499525112805184
     2509626664,0.499539988983471
     2419561692,0.499503581247613
      651050282,0.499516042755754
     2701409582,0.499519627521666
     1211170095,0.499616583505372
     4158479668,0.499733053565743
     2255150393,0.499725777853743
      376003904,0.499880075738241
      787487372,0.500242251456727
     2713115974,0.499515619038771
     1545878855,0.499769730264902
     1000660300,0.500039381961789
     1260887373,0.499707591204101
     3495624015,0.499998523157356
     2173959522,0.499563023717678
     2280783209,0.499581201568591
     2105236843,0.499540049112811
     3299913618,0.499824532747862
     1570651505,0.499737531435157
      209313138,0.499683903052240
     2505014644,0.499710588375549
     3698515322,0.500312153438079
      164953467,0.499748015672561
      538404590,0.499763460153870
     1843297665,0.499674859836815
     1591762309,0.499608132502318
     3103078432,0.499658137711174
     2015690124,0.499639262765441
     3931028877,0.499668943044267
     3262332304,0.500098686989551
      354131348,0.499626987097938
     4046083310,0.499658636921642
     1108729241,0.499645929522559
     1295580580,0.499638347271588
     2963283368,0.499957084391590
     1618673067,0.500395689283250
     1362372441,0.499506498497947
     3950779824,0.499513545142245
     3384843698,0.499559481498776
      287219131,0.500046989372949
     2583739840,0.499539881705646
     2610486723,0.499740704098052
     2330787268,0.500189540390349
     2337250757,0.499545735772483
     1241464267,0.499649456142945
     3397828046,0.499610815222654
      340975058,0.499677988892297
      799989205,0.499686246974591
      235994585,0.500350723605244
     3336568290,0.499770710463683
     3255694526,0.499786615972654
     1904492019,0.499682581216390
       65797629,0.499828522118522
     2966199806,0.499572289403354
     3281387017,0.500226274704963
     4051443216,0.500150142814888
     3813654034,0.499611039376340
     2359614999,0.500138882070694
     1542995481,0.500412697343082
     3462888987,0.499892587347812
     2056594679,0.500430740558066
     2441575971,0.499527161193853
     2037194281,0.499924988348612
     2979749419,0.500093417748923
     1328774706,0.499503581247613
     1620573756,0.499578593763259
     1255956033,0.499568459589206
     2282454601,0.500424140677974
     1746599500,0.499666115426663
     4241981006,0.500384078050394
     4111670865,0.499701919404289
      448503396,0.500400564862840
     2145680999,0.499683196366486
     2903367273,0.499950207373394
     1849286254,0.499556590005479
     3360521839,0.499509698412761
     4087340658,0.499590033137189
     3924696691,0.500303059371806
      583376511,0.499567482666052
     2184633986,0.499598221300870
     3272932995,0.499537330713891
     2094557805,0.499880237193443
     3511541392,0.499851343876753
     4168267032,0.500156509911092
      599457430,0.499767538520366
     1678261911,0.499500338897188
     2295021210,0.500249735718507
     2397413019,0.499798814402922
      791486108,0.499533329333134
     2647432870,0.499511135322367
     2173427367,0.500250671488667
     4165164713,0.499752485486029
      873627318,0.499828244028715
      510492343,0.499892079433254
      153026235,0.499650630612209
     1188789953,0.500410984659223
     3977731781,0.499628068396082
     2705112774,0.499918912175962
     2528212257,0.499923798030125
     2161078220,0.500088293944077
      148438730,0.499675892183298
      991469263,0.499946474705284
     3454443216,0.499626243428561
      206110424,0.499629028202507
     1623826137,0.499820711480499
     1175566970,0.499778234567762
     2716475113,0.499707129807219
     3763732209,0.499807526027175
     3477126898,0.499624506605594
     3276087030,0.499867411263306
     1421057783,0.499595318197248
     2459865723,0.500300674532418
     3654246152,0.499795762524883
     2863300363,0.500342290608515
     1191894799,0.499767512631164
     2867445520,0.499736076463062
      639244931,0.499624353175867
     2574704410,0.499552332607459
     3724459805,0.499672893504754
     3113393951,0.500093861097302
     3963895585,0.499743021886767
     1363935017,0.499908483525180
     1729862983,0.499520882067803
     3275121971,0.499912275570850
     3526450996,0.499795101239503
     2810986298,0.500151331196897
     1139621696,0.499792141908066
     1455914817,0.500147165768175
     1651703618,0.499585727927579
      764501827,0.499614195462809
     4109639495,0.499547671501985
      925630280,0.499966004338062
     1283660428,0.500255434279312
     3522961232,0.499606606985064
     2566176593,0.499779091553278
     1788977308,0.499632729190768
     1050025814,0.500348488320039
     2653339480,0.499741992945284
     2848199995,0.499558845384953
     3062693740,0.499736229891886
     3951886190,0.499596748541767
     1800560616,0.500006945332835
     2359730034,0.499827888927328
     2539634665,0.499576497420616
     2884132730,0.499994289380906
     1069350779,0.499507616603836
     3048705453,0.499817448305548
      865197954,0.499672924778945
     3574120325,0.499850241053404
     1634516870,0.499954131303436
      606248839,0.500016054915818
     2726870921,0.499562812480266
     2697568142,0.499613405259958
     1680088979,0.500543535122916
     2982068117,0.499782033614156
      257654678,0.499987934479274
     2357903260,0.499577684268966
     3565502365,0.499734692134213
      713408414,0.499885123604884
      224853921,0.499885139731077
      171698843,0.499722618126670
     3975717091,0.499503581247613
       52305841,0.499503515149052
     3851599795,0.499533644897274
     2988146614,0.500655853144287
      773332920,0.499589524654020
      729505721,0.499978321777431
     1576640450,0.499637910283858
     2883264454,0.500605392805729
     3855073226,0.499498581946059
     1174044620,0.499904745527686
     2135293904,0.499666801413597
     1836335061,0.500303136306366
     1701158876,0.499709926675130
     1650802653,0.499981619411766
     3124314078,0.499991283262467
     3740147683,0.499576996415407
     2438152168,0.500006150050854
      571367201,0.500302577531130
     2691129325,0.499519806039172
     1736278008,0.499524444614476
     4011778046,0.499735377642396
