,ClustersMLProbScorer_LeaveUnscored
3800760322.0,143.900380952
353755139.0,31.5222142857
2729656324.0,85.5140952381
2830325078.0,59.1176666667
1318838287.0,3.88
946176016.0,26.0363333333
453500945.0,16.62
3191791619.0,27.108
839647252.0,
2511904795.0,6.82
3333611548.0,25.2019494949
3737272353.0,18.7565714286
185188386.0,13.4122539683
573325347.0,109.223
2124324901.0,12.72
197165095.0,219.978571429
1188814891.0,23.3657619048
982360109.0,28.705952381
1910931504.0,16.8089047619
966934580.0,70.5842619048
1563967552.0,77.6915714286
3562463301.0,
3795304520.0,18.84
421388363.0,21.7606666667
1053548620.0,2.8
596918352.0,23.9302828283
3317047384.0,48.0576666667
2813616217.0,14.04
892067936.0,14.6118095238
1650581602.0,56.8953333333
595230820.0,13.9693333333
271982693.0,13.4006666667
2847694951.0,243.286
1811882090.0,10.78
377551549.0,112.496666667
4113883249.0,8.82
4256784501.0,17.4
2713296789.0,55.1785952381
1919869055.0,80.1611161616
3376365700.0,12.3731904762
456062317.0,17.9232539683
1438113939.0,35.57
3993051292.0,157.649238095
2703515805.0,3.88
1398325407.0,5.88
2587648164.0,47.0396666667
273670311.0,32.1341428571
1003888808.0,3.88
1604305068.0,17.2724047619
686342322.0,27.6761190476
779665589.0,32.6038571429
3893919927.0,12.38
3389104312.0,11.6907142857
1134182585.0,11.52
627261626.0,61.2245952381
1191354555.0,140.434992063
3524886718.0,28.5395238095
1729274049.0,229.775404762
2221392069.0,44.3977056277
2389745864.0,18.1662380952
3485769930.0,19.7532857143
2741403852.0,51.887
2746769613.0,40.512047619
1934541010.0,124.360261905
3035087059.0,29.3726190476
377725140.0,18.4433333333
207126743.0,24.1428571429
2444411098.0,50.4852619048
2321039579.0,108.913
1908408542.0,29.11
4243587295.0,14.74
3824074979.0,91.9
1135370468.0,27.0787857143
3872112877.0,44.1430873016
945307889.0,146.26
3187415764.0,13.916
2530836730.0,2.8
2476228860.0,23.4923095238
326115587.0,57.0229285714
833462533.0,14.3483333333
1727209735.0,40.7596666667
1162879243.0,
2047435022.0,42.9048412698
2641698861.0,
294084880.0,
3877413140.0,35.5116666667
2554929200.0,21.2960952381
2803204391.0,120.506261905
2214011194.0,16.863
894198086.0,92.2142619048
705610059.0,22.5396666667
1743118669.0,9.5
1125007695.0,11.59
3385723619.0,162.086261905
2252398935.0,
3459391835.0,27.8133095238
304669029.0,12.3613333333
390603110.0,25.622952381
3155247463.0,18.3856666667
3379814765.0,21.191
2654183790.0,27.7149047619
4060651888.0,6.12516666667
788922738.0,73.5662857143
2233672054.0,19.469
537633146.0,34.5495238095
2078874347.0,26.6017619048
3638092168.0,2.0
58196362.0,8.652
1150966509.0,3.88
3796042128.0,36.4396666667
3072508306.0,81.8386666667
3878986134.0,2.0
884695447.0,19.3838275613
2726986138.0,8.36323809524
1247887771.0,6.66
1732641187.0,219.807452381
1760543142.0,20.2133333333
2428084650.0,49.568
391848367.0,94.8680606061
2284863940.0,121.058333333
2877448651.0,209.350452381
2648768974.0,132.460833333
3103965649.0,2.0
2899255767.0,80.5676666667
2753938852.0,32.2326666667
1373077981.0,27.8723333333
3291931107.0,37.0745238095
2976760295.0,40.2938174603
3937534441.0,98.5116666667
2566373869.0,14.733
153805298.0,11.18
3259998708.0,92.165
2570693374.0,13.9693333333
2638545403.0,142.668666667
3669713407.0,37.0316666667
3405480451.0,57.2683333333
1470259719.0,22.73
740557322.0,32.066497114
1571799565.0,2.0
3891479981.0,3.0
986341913.0,47.0223333333
705159706.0,29.948047619
1081721374.0,16.6923333333
1863241819.0,22.4759761905
2597126692.0,30.8557619048
221667877.0,41.2516666667
1914327446.0,13.3133333333
223183399.0,187.203333333
3211469352.0,11.78
241197609.0,49.5162619048
1984922154.0,65.3957828283
2576130613.0,18.975
3395469881.0,13.64
3402240151.0,17.388
1663754816.0,
1271890500.0,9.5
1343382088.0,127.522
3033178703.0,7.16
292889168.0,3.0
666796625.0,19.0411428571
3016565331.0,18.7262142857
2052186708.0,58.2183333333
1490195897.0,19.8
4169212504.0,36.147
417350235.0,44.6588253968
1728774750.0,7.60166666667
311411296.0,3.88
1287709284.0,21.7322619048
4235797096.0,2.74
675529322.0,22.795
1059373679.0,283.592571429
4062413426.0,
1409090165.0,18.293
4113760888.0,26.7887380952
369566332.0,120.634595238
2875887722.0,9.72
4098630272.0,21.4409285714
4028572289.0,17.0941111111
1352336002.0,59.5115714286
906519175.0,82.5575952381
304628365.0,62.8215
10216085.0,49.0516190476
1988797078.0,33.8530238095
2873991845.0,211.466833333
437625510.0,1.28
2165359274.0,13.8712619048
73499309.0,125.154
453935793.0,11.96
952656562.0,26.5246608947
4205724340.0,70.0
2069758649.0,33.3433333333
2741191355.0,88.466
3283878590.0,134.444
3142525631.0,11.8695952381
523649730.0,30.9645952381
4123853512.0,1.6
1685709517.0,20.5352619048
1258242766.0,16.6605952381
1070883551.0,16.2025952381
1791967981.0,43.8373333333
3400393458.0,23.5062619048
4201267955.0,16.78
2118558452.0,114.748
1015923445.0,13.9536666667
949631785.0,24.5363333333
3668738810.0,12.08
1073349371.0,14.5879285714
2505499390.0,46.5384285714
4166579669.0,2.54
3559965440.0,22.8033333333
897123075.0,14.8477142857
2681979655.0,12.2702828283
1441981193.0,188.118666667
4106216208.0,25.1532380952
3462333912.0,3.88
638078708.0,58.7093333333
2974147351.0,62.5373333333
2914370328.0,47.1196666667
1892746009.0,20.6426190476
3677799199.0,141.640333333
1169204003.0,120.588952381
1936007973.0,9.7485952381
806708007.0,11.5479285714
1608631094.0,55.9218412698
1696105276.0,12.56
2249868093.0,20.9895952381
2222695232.0,21.4531428571
2573599555.0,29.1773333333
1429955396.0,13.272
2720654149.0,22.4145952381
2580513606.0,34.9906666667
690398023.0,21.766
659227466.0,7.55126190476
2955338574.0,25.3463333333
3011535696.0,53.0395238095
1160487773.0,135.305666667
744663868.0,25.4447619048
2922939247.0,53.5172380952
1433748338.0,
2961039507.0,3.88
3111535476.0,64.0601904762
32088949.0,
1426896361.0,22.8873809524
433057940.0,33.3275238095
3194807165.0,
1019339646.0,156.688
1647534975.0,30.54
858350469.0,25.7466666667
2629267607.0,173.200261905
1027169090.0,1.28
1849353105.0,25.319
286638994.0,50.1592619048
2989687710.0,41.0116666667
1496245153.0,147.491785714
2666668962.0,14.5001904762
1649050534.0,230.38
4086546480.0,21.1027352092
2431878056.0,13.926
1054392476.0,9.98
3983721386.0,23.2129047619
3547186101.0,3.88
1271940024.0,17.1582857143
2976252859.0,53.8075952381
3947971520.0,28.0288989899
3630015435.0,11.76
2771690453.0,2.0
3713369050.0,243.671
672097245.0,168.231238095
1828045801.0,115.54997619
1945779026.0,20.7191904762
2213987327.0,15.2524285714
1292968960.0,32.16
4157858823.0,2.0
519627787.0,32.709
1844839439.0,27.1415952381
4284400659.0,33.7022619048
2236015636.0,
483353625.0,14.6616666667
3308774428.0,149.556373016
1376461855.0,38.2946666667
537584677.0,30.653997114
3008103465.0,17.443
3834668077.0,9.24571428571
446301236.0,62.492
941974584.0,42.6309285714
1939563579.0,6.28
1289569344.0,3.88
4180902980.0,9.66
3227673675.0,28.4003333333
1158259789.0,175.41865873
317244499.0,13.4502857143
454796374.0,78.0055
2202215511.0,109.357619048
2596816399.0,22.7606666667
3106997341.0,30.653997114
733611111.0,70.3773333333
1067025519.0,139.252261905
4294673526.0,9.73247619048
4185400452.0,
1617239679.0,131.786666667
3374695568.0,18.3155952381
1206240403.0,19.7
3201827993.0,10.4
3232900250.0,28.8227561328
1428432027.0,178.538452381
2711708833.0,39.5469285714
920454310.0,246.061333333
571753639.0,18.447
1126746995.0,5.94
1667204277.0,17.7545952381
313550011.0,26.5799047619
646497471.0,12.08
1315759297.0,56.2592619048
2464793805.0,13.2526666667
1308222670.0,7.592
1588069587.0,83.375
3661513945.0,22.064
32228579.0,6.0
3753092331.0,206.46
1938523372.0,72.199
2436539631.0,101.168333333
1541915895.0,93.853452381
3465635069.0,10.7811269841
662078719.0,14.7773333333
1569137927.0,35.3343333333
1092740361.0,155.171666667
1959060749.0,24.178015873
526099734.0,24.9931428571
1805632795.0,21.6552380952
2728165595.0,29.4765
2880521510.0,15.1980952381
2794472743.0,159.545095238
3355780392.0,14.4619285714
363750706.0,19.3443333333
1938466099.0,17.0986666667
2094727390.0,12.1957142857
3575465272.0,57.6288571429
273895788.0,63.0533333333
1469015365.0,9.04
1617683788.0,143.570738095
2958140749.0,39.9093333333
1897915727.0,16.3827142857
1939383633.0,10.1026190476
2697307475.0,13.656
1368417620.0,20.9828333333
1803011641.0,30.0556666667
2568684888.0,9.78266666667
1154467164.0,75.6069761905
3971409246.0,18.148
3764143455.0,21.3408809524
1731183970.0,38.504
3410019693.0,100.770666667
2200094066.0,26.4674761905
1236739443.0,158.44
835233154.0,21.156
1629496711.0,23.1346190476
2325005705.0,87.5443095238
1799652746.0,21.2732857143
3211797899.0,239.375
3082794562.0,16.1619047619
138167699.0,11.54
1489954197.0,12.2766666667
1476494742.0,19.5166666667
1142482327.0,23.026
2037712283.0,9.5
4072318365.0,11.5
3115345311.0,6.29857142857
1460618660.0,145.468928571
1297860013.0,27.1524761905
272904435.0,20.8741587302
635291084.0,15.74
1800046030.0,2.0
558360016.0,53.6041904762
2459084241.0,91.309
3968607702.0,8.02992857143
2083562968.0,21.2985238095
953476577.0,34.6446666667
897680871.0,18.5879047619
1763665395.0,29.4986428571
2126898676.0,10.6233333333
3647849976.0,3.88
4021978617.0,12.4025238095
2058618366.0,93.377
662488577.0,45.605047619
3080914437.0,2.0
3734898185.0,37.9196666667
913548811.0,2.0
4266337807.0,104.686142857
853501460.0,21.7169494949
805750294.0,11.2244761905
3027027480.0,42.6527301587
435725854.0,54.1545238095
2100676127.0,9.38
3802498599.0,38.2103333333
3007915564.0,3.88
1234429485.0,30.0166666667
535884040.0,169.535087302
2161788471.0,23.0805555556
2511439416.0,33.5696132756
1698022969.0,14.9949761905
4086146619.0,40.6349047619
842294845.0,39.076
4168803909.0,6.28
1994379532.0,101.116666667
3302123087.0,114.238547619
10454613.0,54.8431904762
3393062486.0,15.3941666667
3799115353.0,29.1477142857
3531949659.0,
2840495709.0,55.4169285714
1122002527.0,16.288547619
2800633460.0,210.022595238
396691063.0,23.7112619048
1615472252.0,1.28
2444273279.0,20.1206190476
1872873092.0,36.3505
3535808133.0,3.88
2440177287.0,18.4506666667
432072329.0,5.88
449480333.0,3.88
2484930196.0,19.8355238095
3666201.0,24.9325952381
12830381.0,28.985
512681658.0,9.6945
2549458627.0,20.9022380952
2602469060.0,47.3506666667
955357542.0,53.008047619
3120219847.0,
4282705615.0,54.9495238095
2077591249.0,27.86
339741137.0,1.28
2626951163.0,33.5696132756
3723120933.0,24.8575714286
534554350.0,6.24
3183331061.0,31.154
801151677.0,142.953833333
54322946.0,34.9812619048
3614328581.0,11.5826666667
2623170318.0,36.8990714286
1308763924.0,17.438952381
2536572694.0,
3372730136.0,71.7414285714
2548852512.0,32.9054047619
1813563172.0,250.746714286
1464133416.0,19.87
3378226997.0,63.836
4239607614.0,43.1414444444
1143826247.0,9.7245
3776816971.0,116.309928571
2423061474.0,16.7885952381
512280408.0,14.4665952381
1043089241.0,32.6273333333
3775596378.0,25.9533333333
3665520476.0,29.1264761905
3474933600.0,4.28
4031072098.0,27.6243571429
444450661.0,35.0896132756
849774440.0,14.4041428571
1433962346.0,56.8796031746
1952794477.0,27.3078333333
2995955573.0,24.6519285714
1704225769.0,
2470291321.0,102.469666667
3565143937.0,41.7972619048
552560514.0,7.12
2815600518.0,10.2431428571
4290324359.0,12.0
2880883692.0,49.0616666667
472389271.0,2.0
284764044.0,187.473
3582994324.0,2.0
2626771950.0,118.771166667
3688818588.0,106.771666667
1759545245.0,19.0233333333
4072204192.0,
3409389475.0,8.70238095238
2691467177.0,61.96
730261418.0,155.807833333
3902744498.0,24.0345952381
3375097779.0,50.4483333333
54159288.0,17.8028095238
3593717691.0,269.277071429
2302737397.0,12.6445238095
3393409355.0,17.0465238095
1072588745.0,57.5487619048
865208268.0,135.441261905
2184102221.0,41.7559761905
4266641366.0,2.0
2923874264.0,11.4345952381
3872409566.0,70.96
14444511.0,
1813981160.0,8.05928571429
2119559147.0,24.8901904762
3165702128.0,26.8788571429
1394616307.0,35.172
2930903030.0,6.98866666667
3797428218.0,21.2595952381
391486463.0,23.3698253968
3717400577.0,79.8912142857
3536439299.0,217.095333333
1426753545.0,23.0912619048
1919813642.0,20.1662380952
598886413.0,23.8395238095
2523490319.0,26.609
104974358.0,70.3383333333
2680932378.0,1.36
3821144119.0,60.4444206349
3657566264.0,3.88
3942852667.0,67.3735555556
215066694.0,235.46
3171109900.0,10.9623809524
185988792.0,137.881666667
888719444.0,82.0363333333
3661016430.0,58.1224047619
3698378842.0,89.9025714286
1485326427.0,26.0709285714
4060702813.0,23.6446031746
722061407.0,110.830666667
3024685155.0,14.6523809524
3530762340.0,39.9462857143
3716821350.0,13.6442857143
1778878570.0,76.047
2934818931.0,95.9348333333
3277588603.0,54.0429733045
1272088704.0,38.4781111111
119572611.0,14.6833333333
315926660.0,32.9114761905
2581653639.0,61.3217539683
3799238793.0,212.13397619
786253963.0,203.605333333
1143785614.0,20.4341746032
2067851411.0,3.88
2402835482.0,34.94
2344855714.0,58.6448333333
2032634024.0,7.72166666667
3504388530.0,34.949
1406576822.0,3.88
2790394039.0,32.636
3213093054.0,31.1437619048
283691199.0,38.5590952381
994404544.0,30.3073333333
14813380.0,53.665
2711246540.0,3.68333333333
177470199.0,19.3912619048
724060372.0,
1323002069.0,14.74
146589912.0,26.45
892250330.0,76.2048809524
550209759.0,16.3511111111
2734393568.0,66.8269285714
2031331565.0,60.607547619
3237611768.0,10.5625952381
2729109755.0,173.601666667
561490172.0,46.304
710658324.0,127.964
362989846.0,122.240928571
2556455193.0,15.3562619048
1867671834.0,
3609626909.0,71.4149761905
3781830943.0,5.88
465324329.0,42.6963333333
2973804842.0,199.950952381
3022424368.0,6.74
121407795.0,29.2066428571
2932574516.0,153.719
784951605.0,25.0503333333
3579980088.0,36.94
3384019258.0,5.88
1624413919.0,13.4247777778
2881947964.0,2.7259047619
1635494206.0,82.4075952381
1679182144.0,2.0
2828519747.0,17.2593333333
2902034762.0,23.853
1438673227.0,14.733
4218906960.0,7.16285714286
2082318676.0,14.3483333333
710502743.0,16.765
376809818.0,8.20533333333
543017310.0,11.54
699418984.0,24.8864047619
4010740074.0,149.576
485509484.0,25.446952381
793872755.0,11.4836666667
2659576180.0,67.5843095238
125806967.0,55.614
1293221082.0,26.970044733
562694526.0,10.88
227821952.0,32.2721428571
1774100886.0,36.0712619048
4188449159.0,25.91
3712313737.0,17.643
128166283.0,122.23852381
1581525388.0,38.7018571429
2406443405.0,12.3748730159
2430035694.0,12.56
3661605270.0,12.3886666667
671066522.0,7.6
366201244.0,91.5667380952
4108421541.0,22.7
863701417.0,22.296
1941146030.0,9.42626190476
1581997128.0,20.9392619048
4113836467.0,38.4781111111
2659667017.0,12.3126666667
1574094581.0,155.72868254
2292255175.0,16.1145
3688663497.0,5.6
1724574161.0,110.832238095
41839058.0,23.4363333333
1945078227.0,16.0012857143
551700951.0,48.6935238095
2140367323.0,45.574547619
3855157726.0,13.9693333333
2536016354.0,105.049613276
822921699.0,19.96
3981625830.0,26.9304285714
1644022252.0,25.2446666667
1967294964.0,32.4779285714
907995638.0,144.44
3771247314.0,13.6233333333
1619470841.0,39.1833809524
910289404.0,25.1745656566
298740821.0,103.592333333
1480362498.0,22.948
174795272.0,25.8025952381
2367269385.0,46.7478333333
3204377106.0,9.964
2129357338.0,2.0
3421776413.0,3.88
2116913700.0,21.7393333333
871664165.0,21.9739047619
495856172.0,6.28
900909613.0,137.003333333
277219886.0,204.9985
139594293.0,107.668285714
1480124983.0,32.6176428571
1905125954.0,26.0448809524
3671812676.0,182.780944444
3897887302.0,13.88
1701030471.0,2.78
1605741128.0,116.341452381
871524956.0,57.166
262695517.0,4.6
775948897.0,11.0347619048
3589671529.0,32.89
4152535659.0,17.0333333333
1094199917.0,3.88
3500518001.0,13.8575685426
506466751.0,
2176248451.0,18.4616666667
57895567.0,96.4667352092
3907627668.0,58.9744444444
1068804761.0,74.4636666667
2803952283.0,17.7650873016
3582446236.0,
1472531102.0,77.089968254
3762856.0,83.8245238095
3554809628.0,70.0146161616
3251055280.0,12.100952381
710347441.0,97.0756190476
2717665971.0,120.073139971
4112337591.0,13.34
851544763.0,31.6833333333
1629162174.0,13.58
4272745155.0,14.8312619048
2183219908.0,110.358833333
3976252102.0,3.88
1572162249.0,36.034
608275154.0,51.9653333333
689908435.0,136.453666667
3760893049.0,95.4033333333
831744733.0,97.9453333333
913926878.0,2.0
401894115.0,22.5125714286
3706702972.0,39.06
3952937710.0,29.0986161616
770288372.0,74.6683333333
155749111.0,21.803997114
2104760106.0,31.029
71240446.0,17.3230793651
2660068095.0,160.137
3704515339.0,11.9423809524
2036861708.0,97.339
3409201936.0,1.82
3746597652.0,3.88
1135405846.0,59.5066666667
2917649183.0,173.200738095
3888565025.0,102.312388889
2850515750.0,70.805
584723240.0,17.1766666667
199543593.0,40.5461349206
2147815901.0,
1192790833.0,
894405427.0,12.72
1425926964.0,187.357166667
922536762.0,5.12
193628988.0,9.84
1309797181.0,56.7766666667
405179198.0,26.56
1831422783.0,3.0
2431150913.0,59.0326666667
233278274.0,11.158
189960673.0,
128699208.0,13.6196666667
2056899406.0,76.3452142857
1608510287.0,132.861190476
4277267286.0,2.0
2374896473.0,17.66
1885207695.0,29.5370873016
1898064737.0,13.8
3421047650.0,20.8333333333
438504297.0,3.88
38529900.0,22.1705238095
412396401.0,36.1406666667
3241708403.0,25.8741111111
3544271743.0,27.594
4134914945.0,11.7888333333
15666050.0,28.075547619
1866476419.0,21.276952381
470264709.0,43.9076666667
3504622477.0,9.69633333333
2416569231.0,
2304674709.0,32.536952381
3867257754.0,129.372380952
2081278875.0,3.88
131722143.0,
2646150048.0,138.58
597789611.0,
3596815284.0,15.6773333333
3759631297.0,122.25734127
4083223490.0,15.0643333333
635537227.0,13.217952381
1437936582.0,10.2662380952
3839658957.0,120.874190476
922490701.0,27.3229047619
151276515.0,103.894333333
4173835236.0,54.289968254
435866601.0,11.0793571429
2906852332.0,25.5823809524
941501424.0,3.32
4034210806.0,5.88
3785534455.0,199.182857143
3905473528.0,11.5
1214999547.0,
3314961405.0,
2168327170.0,47.055997114
812100611.0,147.944
3298692104.0,89.0842828283
446540812.0,28.6000952381
3421907983.0,31.9612619048
2074416984.0,44.5649285714
1466372611.0,100.213065657
812198935.0,62.18
1547700058.0,38.8507380952
892800032.0,34.1009285714
1859578915.0,3.88
3276610737.0,15.052
1464842076.0,47.21
1732070447.0,73.1132380952
422128692.0,98.2106666667
136563772.0,223.188507937
214707270.0,39.5737380952
3724069959.0,39.52
964193353.0,15.9771666667
225113954.0,74.7576666667
724896846.0,17.475
27472397.0,118.488333333
2132896853.0,3.88
186731606.0,5.88
3139345593.0,12.8773333333
4113091686.0,27.1712619048
890483217.0,19.9446666667
1281133672.0,13.4502857143
1916316778.0,26.6759920635
3866823789.0,4.0885952381
637979759.0,30.608
1547750521.0,97.2730873016
4221947002.0,28.517
657779836.0,57.1533333333
1309641855.0,157.078
1543539840.0,22.0703571429
57560196.0,8.4
2315750533.0,96.4347698413
315616399.0,129.817261905
1237707923.0,12.0033333333
546335892.0,14.398
2667998362.0,11.46
2619206821.0,23.529
2886823078.0,53.4924047619
1808840561.0,18.055544733
4289817784.0,43.4737352092
4067798202.0,18.5478571429
676539582.0,6.38
158222197.0,41.0992857143
3189394625.0,53.5066666667
2490846405.0,3.92
4207217864.0,105.989261905
619728073.0,44.0227619048
3415207115.0,18.9823809524
2792025292.0,128.080833333
2746559694.0,111.181666667
1234980050.0,8.88266666667
1197239508.0,79.1066666667
4166159578.0,20.7475952381
1087081695.0,11.5
1501711584.0,18.4846666667
1956637930.0,28.0733333333
3450391790.0,272.012166667
326528240.0,
1806167282.0,17.5542380952
1270320376.0,150.979785714
2680032505.0,55.8005952381
1575709954.0,110.353952381
2510011606.0,54.4055238095
1984441612.0,15.48
81603853.0,32.5894285714
1198722318.0,198.78
2845256258.0,28.4846666667
1400704277.0,22.58
4057451798.0,79.5509047619
1084009755.0,38.05
1612639517.0,102.53115873
3119066405.0,17.8607142857
1129975088.0,6.4
218664243.0,39.112
1627884852.0,3.88
4203793720.0,109.671904762
2948992316.0,25.0959285714
3646262592.0,62.96
340897089.0,43.9673333333
963325255.0,116.463
3003100489.0,112.877595238
1736035661.0,56.511
3819482455.0,92.8192380952
3509464412.0,3.88
3729493345.0,89.7933333333
1808911717.0,137.09184127
4136856940.0,23.735
3306630510.0,32.8352619048
876080497.0,3.0
3045444979.0,17.7223015873
3877088629.0,146.088
4112346491.0,35.3622857143
2275192200.0,
3115961744.0,2.81066666667
1121602963.0,5.88
554233248.0,37.312
3111587242.0,56.7496666667
2801913261.0,42.5844761905
2292977070.0,33.556
95774621.0,133.587949495
4023700917.0,13.4502857143
1294380470.0,20.5636666667
2861403575.0,26.7416666667
714436037.0,122.348857143
1963837347.0,19.5376428571
52301276.0,22.24
3370348001.0,17.5908571429
521080290.0,16.8083809524
157732323.0,75.6439047619
1092218350.0,1.28
2427375089.0,35.7030952381
2573356539.0,37.142
438541117.0,26.7773333333
2317192710.0,15.12
2467114242.0,31.8709285714
3432402448.0,2.0
2612645396.0,22.4788571429
1666158101.0,3.64
1128051289.0,24.3678333333
3023048216.0,15.5101587302
3574722077.0,156.63
42935543.0,63.0763333333
433974817.0,25.5266666667
3187461675.0,10.0575952381
2567114284.0,23.6174285714
3165597234.0,13.58
1591840307.0,18.08
4294270217.0,26.1589285714
61279800.0,24.9553304473
3316633147.0,12.693
4027829823.0,1.28
2937826883.0,10.88
3746065989.0,22.6240714286
2434666055.0,2.0
124726856.0,46.4212380952
441200201.0,12.52
1484713229.0,138.481666667
1615064656.0,32.9326428571
3111947859.0,11.986952381
80662100.0,18.089
182988375.0,21.951
1341727332.0,17.72
2110109626.0,16.907
1174163042.0,6.66
3160174180.0,102.598666667
3273059941.0,141.038
1939639911.0,35.4628571429
3061108330.0,204.500666667
534703725.0,38.182
390794866.0,81.7775793651
1566551667.0,104.6395
117821048.0,25.073
3788000892.0,140.606992063
4167003777.0,13.44
3781652098.0,46.6189285714
2503822984.0,76.0572619048
267021979.0,4.0
1787417200.0,3.88
46861991.0,50.1768751804
2308848817.0,8.74238095238
372616876.0,18.8371666667
1634043849.0,54.9453333333
2777108152.0,2.0
1094151866.0,3.88
2952851131.0,14.328952381
4116467389.0,140.653333333
2554299873.0,100.963333333
1015049924.0,11.78
568225478.0,7.36
1257163.0,8.46833333333
3766718161.0,67.2788571429
1131998935.0,39.002
3779145439.0,23.6543809524
158502627.0,27.1862857143
1257934569.0,15.52
3527479018.0,18.2041428571
4253662503.0,14.1323809524
1742016237.0,51.3011666667
2835645053.0,2.0
1270771444.0,46.2553333333
1285533434.0,35.1302828283
3594702588.0,84.6486666667
569716486.0,48.9823809524
3493744392.0,34.5327380952
1118646028.0,22.3173333333
1755041549.0,3.88
3811110673.0,5.0
3559935768.0,250.085
1856163611.0,11.54
470564430.0,29.572952381
2494672673.0,229.302190476
3280760610.0,28.5023333333
2871398184.0,78.3395952381
2059693868.0,2.54
2002825005.0,23.392
1821355823.0,2.14
2754340045.0,81.5591904762
1563422519.0,2.0
4184403768.0,7.545
2891705652.0,23.4036666667
1947537211.0,14.6849285714
2326703934.0,
4131991365.0,126.995393939
1520840518.0,239.977833333
1466478409.0,42.16
1088122699.0,34.0227619048
1625018191.0,5.68
3360501585.0,35.8992619048
977096533.0,96.8198780664
891039579.0,31.0673333333
2575724380.0,72.1746666667
2424926057.0,35.2502380952
3913175832.0,19.63
1306963824.0,277.359
333893490.0,21.191
2842627955.0,215.026222222
2790084474.0,37.761
3598651262.0,2.0
3701772160.0,21.3305238095
2219446146.0,94.0567034632
872843243.0,137.652
1111143713.0,69.7376666667
3528822674.0,50.6893333333
386305939.0,54.7336666667
3936325532.0,3.88
1404981150.0,154.296666667
1193187313.0,56.5148571429
20688811.0,11.68
2853515181.0,32.1659285714
3113996209.0,5.88
1660064414.0,42.7066666667
1890627511.0,1.28
2260168632.0,12.9646190476
1434742717.0,195.889404762
3640913861.0,129.482595238
1497722098.0,1.62
1845333964.0,22.4362380952
225832912.0,48.7556666667
73166801.0,134.893333333
797700051.0,31.2729256854
3357044693.0,19.6033095238
888716623.0,55.2524444444
2629504988.0,12.76
2833321952.0,17.592
1710721019.0,141.719666667
3111604202.0,44.5395952381
2572185579.0,8.4
2221617133.0,40.6083333333
1065373685.0,17.438952381
2359283704.0,11.1133333333
1002508282.0,11.86
2144358400.0,88.7393333333
4059254786.0,11.18
2151395332.0,86.478484127
1771663369.0,51.9509285714
1644675757.0,14.24
2880106515.0,86.9653333333
3645190166.0,14.5096132756
2797146136.0,42.3315714286
1003261977.0,11.8844761905
4010594330.0,37.231952381
599339043.0,44.9777380952
419508265.0,22.5584126984
2960835250.0,63.7196666667
3216420911.0,77.1905238095
785199153.0,31.7646666667
3114435252.0,3.88
1968173115.0,13.5303571429
368218175.0,4.618
570683458.0,20.384
1182511172.0,84.1192857143
2836033610.0,31.2941428571
3658068043.0,9.5
1667321933.0,122.980333333
1891242075.0,12.67
513757280.0,13.9231904762
1141059689.0,8.92333333333
4061130858.0,9.66838095238
3817222253.0,21.5095952381
4210077806.0,23.6935714286
801247343.0,104.476388889
1404883058.0,25.7051904762
2602663273.0,56.0744761905
1048768634.0,11.103
2657046652.0,35.0302619048
3864252545.0,53.6731269841
2237673603.0,221.435642857
2421854341.0,77.1910952381
136507530.0,105.761666667
924930627.0,20.8623809524
651522193.0,124.1652114
2166853780.0,42.9673333333
2702725269.0,3.88
4151390359.0,14.007952381
2986135709.0,207.813279942
1758154911.0,230.598666667
2516537511.0,37.5568095238
3086430378.0,63.9728571429
1435692403.0,12.5959047619
3685699764.0,8.26
2678173878.0,49.9446666667
2225983673.0,11.2780952381
1639616705.0,11.98
2313941188.0,6.24
2584465614.0,150.460277778
1085755604.0,17.1881666667
2336269006.0,1.72
1392865495.0,15.6566666667
204878041.0,8.24923809524
2208863950.0,87.5558571429
411234533.0,28.2886190476
3142389990.0,17.8028095238
2562715879.0,44.6222619048
1832407275.0,32.7418492063
51712238.0,11.9000952381
3871650035.0,73.08
2483400949.0,84.0796666667
60575993.0,12.2143809524
2130260220.0,181.387
3350425853.0,119.975333333
2476863742.0,48.808
1659875587.0,19.3722857143
3855200517.0,232.374
1547096328.0,40.3395952381
2777682188.0,
742314262.0,17.0599761905
798781721.0,14.2369494949
2888331548.0,36.6207619048
4292202783.0,7.5
2007396645.0,40.4703492063
326324523.0,
1881395523.0,13.18
1117376840.0,32.9932619048
3651252553.0,7.545
3995873611.0,16.639
4240494925.0,19.5612619048
2956833103.0,16.8459285714
1540526416.0,5.0
1310118228.0,14.1516666667
18403675.0,77.4726666667
3357978977.0,17.289
48025958.0,18.8396666667
1330295145.0,28.7788333333
3185160556.0,179.33
1735913840.0,12.8633333333
2328408434.0,16.9926190476
2424140147.0,63.6033809524
604664181.0,34.1
1622684023.0,22.4973333333
4134559124.0,13.3123333333
1571344767.0,16.3656666667
1945629056.0,20.2376428571
2355196302.0,14.2419047619
2244055444.0,107.743206349
502436245.0,66.9481666667
1502884246.0,17.7683730159
3126899100.0,
3530199455.0,11.16
2656756466.0,3.88
4075598256.0,24.5478571429
3791221174.0,139.347666667
3342668217.0,135.654238095
519926207.0,7.40333333333
2989142466.0,48.9583333333
3548320198.0,18.7516666667
1564103114.0,69.1288809524
2135077325.0,66.073952381
474837456.0,17.552
1093013972.0,7.88
3503854040.0,5.02333333333
3165442525.0,106.85602381
2289595681.0,10.32
1256182240.0,6.62
1905316321.0,22.9766666667
87519714.0,42.3244206349
1686114793.0,
3822293485.0,33.5479285714
3408679406.0,199.222
2990330352.0,216.104166667
3120738802.0,44.8481190476
2122168404.0,219.243666667
3520115198.0,106.222904762
4113224195.0,10.84
2837329513.0,41.887
2350354953.0,27.1756190476
2571596299.0,10.9433333333
1198436877.0,21.5275952381
473862671.0,27.6871666667
1672737297.0,27.6417142857
3980784151.0,133.8085
3613018202.0,5.98
697963049.0,4.50519047619
280945415.0,
476525107.0,14.9949761905
1443332873.0,100.944238095
4168364602.0,7.16
2441351741.0,179.713333333
819589694.0,40.1826190476
2476257859.0,30.1006190476
2640457142.0,54.8552619048
3536450118.0,15.6738095238
606532167.0,60.5663333333
906285644.0,5.0
336466512.0,9.875
1352815192.0,19.34
3814961753.0,78.3649285714
2478674523.0,14.6473333333
2007282268.0,51.4938571429
2584023645.0,91.9316666667
237580894.0,34.3619285714
1269019240.0,53.8606666667
28562031.0,22.1723095238
2931069552.0,9.3924047619
2379077800.0,
1444024960.0,51.9403333333
936596102.0,21.0023809524
586519180.0,11.6033333333
1301975697.0,71.9866666667
1730433688.0,118.171309524
2970555038.0,14.8466666667
3498168993.0,98.513047619
2911457959.0,106.862666667
2402292397.0,
1438274224.0,52.6086190476
1777947317.0,125.514904762
2084278972.0,191.061087302
1421005503.0,36.886
1494217410.0,170.536666667
565949124.0,17.4466666667
175198917.0,26.016
583611083.0,243.104333333
3384578765.0,133.385904762
1782723279.0,26.9606666667
2097738457.0,
2389824220.0,21.1033333333
3222165626.0,29.3575714286
2592420575.0,41.9966666667
1239435542.0,2.0
3518264036.0,71.4039285714
2382885606.0,12.1286904762
1022186216.0,12.06
2053690102.0,20.2583333333
2249691904.0,3.88
3469480706.0,35.2556666667
3021493001.0,4.83523809524
1991938829.0,7.14
3229520661.0,106.968166667
2101334808.0,149.394
3217699612.0,45.398
849261353.0,21.3496666667
1292038956.0,99.3852619048
13579059.0,32.8227619048
1078121284.0,3.88
1937757001.0,3.0
1091227106.0,93.742952381
753881937.0,23.5942619048
944763734.0,47.8465714286
2388218712.0,57.1943333333
892212061.0,52.7227777778
3296187235.0,26.0436666667
3507802980.0,31.1197301587
1602499431.0,63.4408809524
2056270699.0,41.882
3042571116.0,32.1229761905
3374379886.0,11.54
591328112.0,136.108
2915136374.0,169.565087302
2790757250.0,26.5793333333
39662473.0,7.817
544502666.0,17.3583333333
1496134540.0,13.5777936508
571839380.0,161.268333333
2996056988.0,33.072952381
3896652702.0,2.8
3542741923.0,26.0006428571
860074920.0,2.0
1561932719.0,
3095622577.0,99.0479047619
3227046837.0,15.8496132756
2251035578.0,16.5086161616
4062335936.0,22.1142619048
2522682305.0,99.4241904762
1705530308.0,24.5133095238
3696571334.0,113.07
3501863883.0,26.6186666667
511906768.0,61.667
4206736337.0,29.2237619048
3969135570.0,6.18285714286
1240241112.0,42.182
4051833820.0,15.5673333333
2006040353.0,7.31944444444
2687480803.0,69.5210238095
1732637669.0,9.16
3558003689.0,4.7259047619
135869424.0,9.4
197093544.0,11.4
1333195762.0,54.9143333333
322589684.0,81.4052323232
1037939704.0,28.032
1912189950.0,20.4658333333
4116632580.0,30.8559285714
1874916359.0,
3824833561.0,45.4606666667
927241245.0,202.345087302
944157726.0,36.312
1116599329.0,48.9903968254
1270992390.0,211.265373016
3718927404.0,144.686333333
4197446704.0,25.1853333333
3852096562.0,32.2733095238
1758966843.0,159.88
2334716998.0,122.858666667
3778204746.0,30.152
1305760850.0,20.14
244462675.0,113.460753968
1919152996.0,
943707226.0,56.9316190476
2043376732.0,105.896
4017534046.0,
2154708496.0,35.4293333333
2684771858.0,48.1312619048
2906420334.0,13.123952381
4197151858.0,51.0152619048
3085964404.0,129.331619048
2377872506.0,89.4632113997
1548748991.0,29.4176428571
3040318592.0,13.6633333333
3423802502.0,42.842
1524790409.0,24.6452619048
1376646283.0,9.82833333333
3675509902.0,92.6640714286
865973392.0,240.168714286
1120441496.0,53.0157380952
4151208132.0,191.456666667
932664477.0,17.788
3507590304.0,284.569
384586913.0,5.88
1546777764.0,81.695
4211618984.0,157.192166667
2979116205.0,27.6417142857
392377518.0,16.0213333333
4050719921.0,101.749087302
1360598195.0,91.2228333333
4216542392.0,
2137593022.0,
256070847.0,17.1582857143
1673548992.0,52.2473571429
2848232641.0,17.3274761905
1465881794.0,49.4883333333
1740027076.0,14.3483333333
1355830470.0,148.601666667
1706497234.0,31.4123333333
1679398101.0,68.3834285714
4025644250.0,10.2823809524
321967324.0,89.9609285714
1379431645.0,1.28
358642912.0,5.3
4029453550.0,16.7638253968
2136347889.0,60.1677777778
3048527090.0,16.7056666667
1077458166.0,10.9623809524
2152346877.0,86.529
3623908612.0,31.201047619
705066247.0,11.72
873911567.0,85.9845714286
2242966804.0,89.6495714286
3933263128.0,19.6805656566
3587429660.0,3.0
1051260193.0,15.5510894661
183359707.0,16.3215685426
3109672237.0,47.5135952381
468416893.0,92.2878333333
1082086708.0,7.86
947148085.0,28.1943333333
3069891465.0,36.9966666667
4263990585.0,20.3596666667
1236740319.0,23.0285952381
1853191050.0,13.3895952381
1498838336.0,24.6821904762
3678401862.0,42.379
2492675400.0,62.0011904762
2919210693.0,24.3456666667
1341625680.0,109.781452381
2119570771.0,14.2225238095
1559860566.0,117.356833333
2306061655.0,26.7161428571
2981311836.0,25.3433333333
3304576351.0,12.9226904762
1610184032.0,11.9115952381
783765051.0,34.8952142857
501962084.0,48.3
3090437477.0,21.5984285714
2208191846.0,3.88
3979113834.0,73.6975714286
4272829805.0,29.222
1171027314.0,38.1600952381
156964214.0,60.8307936508
588242317.0,53.7216666667
622466425.0,5.16104761905
173299067.0,229.467666667
1156633980.0,5.42
696685957.0,29.7103333333
2598065556.0,27.7442857143
3557094808.0,12.16
1580438941.0,10.7501587302
84317600.0,26.74
2855671201.0,208.668357143
242955686.0,22.1863333333
738039210.0,
1651219599.0,22.8865238095
1239109318.0,17.2804761905
3485953609.0,11.028
3742897593.0,
981652924.0,224.082666667
335181247.0,4.6
2883999170.0,16.8666666667
3567990215.0,213.4225
739218891.0,3.88
171775437.0,21.9832619048
466367952.0,102.296904762
3863713234.0,22.2535238095
314179150.0,3.88
3422180824.0,45.3702619048
351587919.0,54.4447777778
4115720443.0,125.232142857
2582709158.0,1.68
3290822121.0,14.7338333333
1966446059.0,36.9166190476
3746575853.0,20.6851428571
1158059503.0,31.2938253968
2937419248.0,11.428
132953585.0,164.949666667
3343150373.0,21.8853333333
2682582518.0,
3008132600.0,120.31565873
2487299384.0,11.9779365079
2009945606.0,55.3963333333
1071396361.0,15.7223809524
1720399375.0,125.721166667
821933587.0,24.4166666667
3058402847.0,5.255
1886295579.0,31.8151904762
1795282466.0,90.6567619048
2374923813.0,37.2045952381
3849475626.0,7.36333333333
3247797804.0,19.7821111111
1212634670.0,79.5109285714
1789539889.0,65.2849285714
1971115572.0,60.4863333333
582489655.0,1.86
2645702202.0,57.085
3234780736.0,3.0
4243338818.0,12.678
91739717.0,9.32333333333
3588904522.0,24.46
2483377740.0,82.8413333333
2236601934.0,6.43
3094918738.0,6.348
2176816726.0,2.0
525997655.0,62.2376904762
3880154712.0,23.1048571429
261510752.0,32.0720238095
3435443813.0,3.88
4198307433.0,30.8155238095
2388883054.0,167.562904762
185407090.0,141.858
617879162.0,7.82
2118084886.0,26.764
3478886022.0,86.5018333333
3402217097.0,163.128595238
3218437773.0,43.1719494949
3883677327.0,39.1083333333
941771033.0,136.338139971
4180530846.0,167.533333333
1275393695.0,23.5897619048
1332237991.0,193.698666667
1638313586.0,18.5286666667
295515825.0,24.5411428571
3874215604.0,30.8945
3933861560.0,130.405
4208424633.0,63.1880793651
3960059590.0,14.3483333333
3158144716.0,51.8766666667
2527024846.0,72.5283333333
1205966543.0,30.54
3253046904.0,19.74
611202773.0,75.6523333333
3298506462.0,8.6
3274798815.0,25.7393333333
2381166311.0,3.28
1200830187.0,14.2185952381
1518423631.0,94.4902619048
602085114.0,102.7655
3883054843.0,269.129428571
2494748414.0,167.916904762
4201297666.0,36.6575238095
3657103121.0,6.86
4285110044.0,34.2161608947
3899905824.0,52.127952381
3661641508.0,13.9693333333
720672552.0,1.28
4143560490.0,0.8
1881110329.0,43.844
1657820987.0,13.2253333333
2759186237.0,12.7
3806140231.0,18.33
313775948.0,10.2823809524
3561609037.0,17.9506666667
32388948.0,9.49838095238
2497869653.0,21.2093333333
3418183512.0,35.72
2709034841.0,
2191300442.0,62.4183333333
2011993948.0,22.2836587302
1637365598.0,
1582536544.0,37.7651904762
2310846305.0,8.84
1679660898.0,25.3518095238
1211938659.0,25.1359285714
1638676327.0,114.810714286
1300567917.0,13.0710714286
4172461937.0,109.928333333
1739863923.0,76.3882619048
1528485753.0,20.1033333333
3381188479.0,132.969261905
288397188.0,138.751666667
2030794629.0,31.1593333333
1491908492.0,66.0885238095
2550691725.0,20.9793333333
1921382330.0,217.310333333
3404068752.0,35.9972142857
2750404497.0,12.321
1645606805.0,34.1879285714
2551666585.0,3.28
1604024219.0,19.9515952381
3550779297.0,26.4335714286
1221009051.0,33.0873333333
3451967396.0,115.163333333
359864230.0,16.1479285714
179509162.0,15.74
925185965.0,16.2544761905
2913793969.0,79.2036428571
1453414330.0,53.489
3158480830.0,62.7235952381
226736066.0,35.2448989899
2265090379.0,3.62
2477266886.0,143.406666667
554056686.0,38.01
3631372238.0,5.28
2438748111.0,46.3420151515
2987530192.0,33.7292619048
2642753501.0,37.888
580103847.0,12.7
493197297.0,36.072
2869240831.0,150.976666667
678940729.0,52.8452857143
2079665836.0,29.1407619048
1284511760.0,49.913547619
3449395218.0,4.268
4085970964.0,49.536
1613707386.0,24.202
2610558998.0,19.77
437327904.0,11.7046666667
3232315427.0,14.8
1729181738.0,21.6396666667
3657848878.0,14.6683333333
805615667.0,17.1008809524
976910388.0,96.1500873016
1977284662.0,10.5865952381
2596952119.0,77.0785238095
932018235.0,25.4376428571
427808828.0,0.62
3456333885.0,245.621142857
2493978686.0,11.1286666667
551057472.0,15.9660238095
715610178.0,36.869
1811899403.0,108.115666667
2018506826.0,22.4631666667
2394025655.0,33.9742380952
1383159884.0,6.28
1101158478.0,26.5736904762
4146624593.0,22.0339047619
3410212948.0,19.6916666667
1709185112.0,117.529666667
2926860379.0,14.98
1514248290.0,96.4880714286
1551325285.0,47.7318809524
2458753130.0,6.36333333333
3102701678.0,38.2066666667
1087592563.0,15.7566666667
138197111.0,46.35
3933755514.0,30.8375952381
2589694076.0,109.176666667
4198365309.0,48.379047619
3267967108.0,17.5523809524
1576130694.0,88.3963333333
2933889167.0,
4056283291.0,141.518333333
503453855.0,75.9016666667
421583216.0,23.5225238095
330002118.0,38.3335
3832551592.0,22.0626666667
3581273116.0,176.240333333
3504232619.0,164.459666667
829192364.0,195.37952381
76011693.0,11.0277777778
3719747758.0,47.7056666667
3869382833.0,22.2252857143
875118281.0,
3986745716.0,10.98
1837160634.0,13.5303571429
1132714357.0,35.5649285714
789592262.0,103.612595238
88373450.0,44.7334285714
788560084.0,
3615217883.0,11.16
2072312029.0,17.3563333333
4255810597.0,49.8029047619
893065444.0,6.24
4022775505.0,46.7899285714
1085602029.0,76.7546428571
3320682734.0,124.19797619
1109121263.0,11.5543809524
1745590513.0,6.09926190476
1220720897.0,104.440095238
3614505789.0,
361732358.0,81.1945952381
3407411468.0,117.993333333
2887596301.0,31.7896666667
3459275023.0,7.12883333333
927439134.0,22.948
1956268421.0,115.721261905
729512225.0,14.4748989899
3691403563.0,152.918595238
1200462129.0,15.7946666667
697006387.0,13.8383333333
4029937973.0,32.4838253968
159635782.0,24.8043571429
4075493706.0,17.7288333333
1369454925.0,5.88
1951029591.0,11.16
203774297.0,53.11
958658909.0,14.5949761905
3265034590.0,7.49766666667
1576114533.0,
72718694.0,19.9945
1871985001.0,42.72
1741699434.0,
2099632493.0,10.72
4113152368.0,37.7675952381
3583203698.0,27.5424285714
3117619572.0,108.215309524
2343754101.0,22.4362380952
848662249.0,11.78
1403378041.0,13.5303571429
1361631611.0,29.3128809524
3914362602.0,48.1796666667
4643202.0,4.0
3307264388.0,23.701
3271063951.0,154.985
485333393.0,49.0427777778
670357906.0,26.015
2863987099.0,5.485
4149287333.0,3.88
37935529.0,15.2633333333
3328186799.0,78.8029285714
689772978.0,16.0726666667
2537568694.0,6.28792857143
2277284281.0,16.4678571429
3422230977.0,19.6285952381
512334274.0,180.962119048
3200489924.0,14.5879285714
2457386742.0,15.1251904762
2308995527.0,16.32
3073882568.0,3.42
1854691785.0,21.4305714286
3566295499.0,18.4659285714
2187549133.0,24.8374126984
3618181813.0,110.547333333
203979224.0,7.12
4241785291.0,16.3019047619
2437863907.0,14.2766666667
1359378916.0,41.6452619048
2463136232.0,
1709521385.0,
2901006827.0,47.2689285714
2333530607.0,19.1373333333
1786010104.0,21.9612619048
3288160761.0,7.56
3883276796.0,41.6341666667
669817356.0,16.1912619048
3263830544.0,5.36
2657384977.0,9.98
3585636883.0,39.0599285714
2131909140.0,7.68
2667043355.0,2.0
2404661795.0,35.0175238095
2846800427.0,76.5181507937
3553172013.0,
3289564253.0,35.7129285714
3250715193.0,
4081252925.0,40.3352857143
271497799.0,23.8879285714
3817855562.0,1.0
2499344973.0,
957332047.0,18.2173333333
3397794385.0,165.804134921
3967015511.0,5.88
875764320.0,10.04
2753223268.0,11.2780952381
771340907.0,6.28
2449627756.0,156.675904762
1806793328.0,59.4869285714
3736459894.0,
1148893818.0,5.12
2990185083.0,61.795547619
2046892668.0,69.5984206349
3467385471.0,9.54
1449008960.0,11.2228333333
1351482663.0,127.99197619
2776128130.0,12.4683809524
40491651.0,83.096
2571655820.0,3.88
1929247386.0,101.794595238
1227471515.0,2.0
1134443164.0,88.1523333333
1882749605.0,8.70238095238
3033774758.0,164.597619048
430414510.0,174.928904762
1319968541.0,
586021554.0,13.4879285714
2315229877.0,15.5562828283
1948625147.0,131.769809524
4081760952.0,136.758833333
358260511.0,10.858
22256316.0,79.1533333333
1331550909.0,10.26
2311822017.0,76.277968254
3590882422.0,6.0
1204391713.0,25.1209047619
4018109131.0,34.349047619
1888672462.0,35.4456666667
3612859092.0,11.12
1731795669.0,37.2872380952
2839780066.0,187.331738095
866073317.0,
2907028199.0,12.61
4265422151.0,15.0771666667
3729758955.0,4.5
3384551890.0,56.0334285714
363141879.0,6.10252380952
3755088636.0,179.985380952
1520301184.0,194.709619048
2890521360.0,18.5781904762
1019198242.0,11.5216666667
98581287.0,0.66
1060059945.0,34.29
1570650922.0,124.890095238
3749239597.0,91.2461904762
3089701680.0,26.681
767754035.0,37.2092380952
2417144969.0,23.6502828283
3785988920.0,41.1502113997
4255292219.0,136.711238095
970193724.0,6.52447619048
2117811005.0,21.336952381
3638917951.0,13.3686904762
15145794.0,49.378
3649688715.0,25.1346666667
4022688588.0,88.781
3338779471.0,270.275333333
3563690834.0,13.92
625179483.0,23.4892619048
1847245667.0,116.479190476
2918734700.0,21.0456666667
4055022445.0,180.443333333
2867346286.0,152.78
4124490216.0,53.8856666667
3814265525.0,18.184
2310486505.0,76.4746666667
3369384825.0,24.9686666667
3082582913.0,2.0
2331876230.0,120.878753968
1665702791.0,59.7115952381
3598203784.0,17.3311111111
1988500374.0,64.0111666667
4022524826.0,94.6591904762
16030619.0,
4160281504.0,16.7739285714
4037139365.0,62.714
764009382.0,11.2228333333
3221486508.0,175.820642857
2970154141.0,11.275
3929193078.0,13.34
878579529.0,26.5402828283
1343527868.0,66.894
4068178877.0,19.5542380952
1738030014.0,7.41038095238
4241914816.0,15.0698730159
1839918322.0,16.9966666667
1815354318.0,26.3002857143
105642960.0,16.5933333333
2622856149.0,75.4513095238
2600873807.0,15.06
2794118114.0,7.42
2043248465.0,207.242
1962322428.0,20.36
3842497516.0,59.1207777778
2148965358.0,17.438952381
158940143.0,173.016238095
2604497909.0,32.2179047619
268442623.0,2.0
1109564424.0,17.7816666667
2079505419.0,112.98
1510816782.0,115.256
3922295823.0,21.3309047619
3368393744.0,13.4841587302
2482302037.0,232.566047619
2147465338.0,10.0
3856037277.0,254.268
2974096410.0,5.06526190476
372857885.0,33.4153333333
380673055.0,101.920666667
394984483.0,9.56
1533582384.0,12.1816666667
4219345971.0,120.207642857
183204935.0,3.88
3971218504.0,79.8891666667
1105067091.0,21.5726161616
50076758.0,20.5418730159
1130470487.0,13.9863809524
173341789.0,
2941705310.0,24.7503730159
2398788706.0,14.272952381
2257353829.0,41.6711904762
1989368937.0,115.062666667
24755307.0,2.0
4186537070.0,83.8932193362
250920048.0,71.4492619048
702889076.0,18.2829047619
4182602942.0,21.4946428571
2302891199.0,15.4732619048
881204355.0,82.4092698413
309935240.0,52.5455555556
1974402191.0,21.9942619048
3958791318.0,18.11
2561965207.0,68.86
3936615581.0,45.198
2759880560.0,34.3508571429
3182419120.0,196.553261905
2401565873.0,54.5859285714
4291488745.0,38.7759285714
2840263860.0,9.38
1814088826.0,21.6905952381
410565817.0,46.8015
670366919.0,11.12
2472254668.0,232.469809524
2760817870.0,46.1110656566
68991036.0,
395738321.0,45.0512619048
2375990486.0,133.663833333
1395580121.0,25.264
2931588314.0,13.63
1750662364.0,49.675
1260751404.0,192.47
3970042405.0,9.88733333333
1120148704.0,197.918333333
2257001698.0,6.86
1039301878.0,215.683571429
886897913.0,3.88
491535621.0,100.346666667
2194177287.0,65.535
3141172489.0,
2228226605.0,24.137
3968851216.0,5.88
227245329.0,12.16
1556585746.0,14.5246190476
2614397486.0,153.873190476
3611704599.0,8.42833333333
808714118.0,98.6833333333
1889213735.0,3.88
2509626664.0,2.22
2419561692.0,2.0
651050282.0,
2701409582.0,2.0
1211170095.0,21.84
4158479668.0,21.4466666667
2255150393.0,32.8227619048
376003904.0,31.72
787487372.0,111.673666667
2713115974.0,3.0
1545878855.0,31.5633333333
1000660300.0,40.9026666667
1260887373.0,17.0599761905
3495624015.0,53.942
2173959522.0,6.98
2280783209.0,7.81047619048
2105236843.0,8.28
3299913618.0,20.530952381
1570651505.0,10.96
209313138.0,45.4525952381
2505014644.0,28.7394285714
3698515322.0,135.064666667
164953467.0,21.4433333333
538404590.0,24.7533095238
1843297665.0,13.1907142857
1591762309.0,9.82
3103078432.0,11.6936666667
2015690124.0,10.04
3931028877.0,11.4922380952
3262332304.0,99.4345952381
354131348.0,19.175952381
4046083310.0,20.2385952381
1108729241.0,11.1827142857
1295580580.0,3.24
2963283368.0,73.5638333333
1618673067.0,158.277380952
1362372441.0,
3950779824.0,3.0
3384843698.0,9.4385952381
287219131.0,93.2622380952
2583739840.0,3.88
2610486723.0,23.8049494949
2330787268.0,106.636
2337250757.0,8.05533333333
1241464267.0,27.4649285714
3397828046.0,24.5478571429
340975058.0,18.594952381
799989205.0,22.5697619048
235994585.0,174.498
3336568290.0,17.3122380952
3255694526.0,27.9346190476
1904492019.0,21.012
65797629.0,30.1513333333
2966199806.0,12.6349761905
3281387017.0,114.509666667
4051443216.0,105.468
3813654034.0,18.1633333333
2359614999.0,94.3225952381
1542995481.0,209.438333333
3462888987.0,22.8939047619
2056594679.0,206.547
2441575971.0,3.62
2037194281.0,41.5242619048
2979749419.0,113.090928571
1328774706.0,2.0
1620573756.0,12.0867777778
1255956033.0,3.88
2282454601.0,174.045333333
1746599500.0,26.5106666667
4241981006.0,181.980380952
4111670865.0,27.8973333333
448503396.0,172.784960317
2145680999.0,24.5829285714
2903367273.0,61.2196666667
1849286254.0,11.54
3360521839.0,2.0
4087340658.0,19.3599761905
3924696691.0,130.693333333
583376511.0,11.0
2184633986.0,13.88
3272932995.0,2.92
2094557805.0,38.628
3511541392.0,49.15
4168267032.0,91.6422142857
599457430.0,22.7401746032
1678261911.0,
2295021210.0,137.828261905
2397413019.0,37.0617113997
791486108.0,6.66
2647432870.0,
2173427367.0,124.801261905
4165164713.0,31.2872857143
873627318.0,36.4156666667
510492343.0,41.519
153026235.0,14.8212857143
1188789953.0,208.927904762
3977731781.0,15.8279285714
2705112774.0,55.4536666667
2528212257.0,72.5219047619
2161078220.0,103.436404762
148438730.0,18.6066666667
991469263.0,53.8904761905
3454443216.0,11.8844761905
206110424.0,11.8483809524
1623826137.0,25.0572063492
1175566970.0,21.4806190476
2716475113.0,15.12
3763732209.0,44.8342619048
3477126898.0,8.84961904762
3276087030.0,18.3856666667
1421057783.0,11.26
2459865723.0,147.565952381
3654246152.0,17.985
2863300363.0,167.613333333
1191894799.0,48.0511904762
2867445520.0,14.454952381
639244931.0,16.2
2574704410.0,3.88
3724459805.0,16.3949761905
3113393951.0,93.915952381
3963895585.0,22.6892857143
1363935017.0,37.7358571429
1729862983.0,3.88
3275121971.0,39.8705
3526450996.0,33.4376666667
2810986298.0,68.9763333333
1139621696.0,34.2912619048
1455914817.0,101.228666667
1651703618.0,13.4502857143
764501827.0,8.58333333333
4109639495.0,4.88
925630280.0,41.8088015873
1283660428.0,140.53547619
3522961232.0,7.16
2566176593.0,35.8218095238
1788977308.0,17.495
1050025814.0,152.634666667
2653339480.0,16.21
2848199995.0,3.3
3062693740.0,18.1173333333
3951886190.0,16.4678571429
1800560616.0,58.1416666667
2359730034.0,15.8475396825
2539634665.0,9.47933333333
2884132730.0,71.0949285714
1069350779.0,
3048705453.0,41.1279285714
865197954.0,18.729452381
3574120325.0,38.0582222222
1634516870.0,46.8141111111
606248839.0,91.5922142857
2726870921.0,12.38
2697568142.0,16.52
1680088979.0,243.375333333
2982068117.0,24.9502619048
257654678.0,81.7748730159
2357903260.0,8.68833333333
3565502365.0,38.0256666667
713408414.0,51.2057142857
224853921.0,43.664952381
171698843.0,21.94
3975717091.0,2.0
52305841.0,
3851599795.0,9.98
2988146614.0,252.967706349
773332920.0,10.9079285714
729505721.0,59.6933333333
1576640450.0,14.4665952381
2883264454.0,244.939
3855073226.0,
1174044620.0,41.6146666667
2135293904.0,17.0149761905
1836335061.0,148.672690476
1701158876.0,45.6366190476
1650802653.0,51.241
3124314078.0,51.3854206349
3740147683.0,3.6
2438152168.0,90.8132619048
571367201.0,180.154666667
2691129325.0,6.24
1736278008.0,3.0
4011778046.0,19.616
