idnum,RandomScorer_LeaveUnscored
     3800760322,0.762629693278054
      353755139,-0.481579108242838
     2729656324,0.181308691665228
     2830325078,-0.545277929817686
     1318838287,-1.410852837244591
      946176016,-0.335085541040562
      453500945,-0.934235534166757
     3191791619,-1.100697662288307
      839647252,-1.283823981096863
     2511904795,-1.215878204465872
     3333611548,-0.487581858013995
     3737272353,-0.381883025470919
      185188386,-1.260116918155420
      573325347,0.750122221343629
     2124324901,-1.180582062300081
      197165095,1.062187506588532
     1188814891,-0.534451228397783
      982360109,-1.114863800684292
     1910931504,-0.835497615996847
      966934580,0.018500982026458
     1563967552,0.177764937305306
     3562463301,-1.407346640950867
     3795304520,-0.974333122908071
      421388363,-0.568269544183124
     1053548620,-1.323411509029181
      596918352,-0.374833087697199
     3317047384,0.615329038134934
     2813616217,-1.208186679536550
      892067936,-1.193506228975075
     1650581602,-0.401336723606142
      595230820,-1.303557871597008
      271982693,-0.960681022906616
     2847694951,0.761827595133387
     1811882090,-0.983013280773171
      377551549,0.811414997932161
     4113883249,-1.224611525078352
     4256784501,-1.122640561754352
     2713296789,0.021813435798469
     1919869055,0.356192197883161
     3376365700,-1.267188852926884
      456062317,-0.644206464559540
     1438113939,-0.171284914125066
     3993051292,1.013653838400350
     2703515805,-1.192423615294696
     1398325407,-1.220615614907427
     2587648164,0.268693439643625
      273670311,-0.020860513134230
     1003888808,-1.357169410556527
     1604305068,-0.608684806603376
      686342322,-0.479650638617657
      779665589,-0.794828980135561
     3893919927,-1.260311181517326
     3389104312,-1.021511140904177
     1134182585,-0.839611169090937
      627261626,-0.348094100614132
     1191354555,0.210131092957345
     3524886718,0.092062601168151
     1729274049,1.005720163507672
     2221392069,-0.076094588416323
     2389745864,-0.122972361294708
     3485769930,-1.045540713282513
     2741403852,-0.642148928333952
     2746769613,0.341889416888477
     1934541010,0.702589344818899
     3035087059,-0.774994426267933
      377725140,-0.917158151858991
      207126743,-0.750658276704395
     2444411098,-0.063220916899973
     2321039579,0.674838222793756
     1908408542,-0.902268126903951
     4243587295,-1.194838234245514
     3824074979,0.266931935883607
     1135370468,-0.686881653080665
     3872112877,-0.014424699190686
      945307889,0.543501235223842
     3187415764,-1.066321608275168
     2530836730,-1.267642274196379
     2476228860,0.249592626527814
      326115587,0.026087065857739
      833462533,-1.360075846908554
     1727209735,-0.338921758870188
     1162879243,-1.407303377715424
     2047435022,-0.307345486825831
     2641698861,-1.423447068170227
      294084880,-1.305247402885243
     3877413140,-0.892703298200560
     2554929200,-0.105973872398632
     2803204391,0.262641741470116
     2214011194,-0.247412188840493
      894198086,0.494580469258552
      705610059,-0.661432179807708
     1743118669,-1.323265061758116
     1125007695,-1.020904318021290
     3385723619,0.757390621838627
     2252398935,-1.470266871654272
     3459391835,0.432915194898379
      304669029,-1.389181145164859
      390603110,-0.751322878033175
     3155247463,0.082998810286330
     3379814765,-0.402985593025961
     2654183790,-0.913350567512898
     4060651888,-1.235732887406590
      788922738,-0.241763964457046
     2233672054,-0.978915139221208
      537633146,0.189871949998671
     2078874347,-0.202996384177855
     3638092168,-1.473186863605534
       58196362,-1.062926696263321
     1150966509,-1.426359206319557
     3796042128,0.194580016152436
     3072508306,0.958473242577964
     3878986134,-1.473186863605534
      884695447,-0.125751988893353
     2726986138,-1.227675527790218
     1247887771,-1.375415947516172
     1732641187,0.855256880982757
     1760543142,-1.343365193250963
     2428084650,-0.394662984889988
      391848367,0.560073774676074
     2284863940,0.676782891269317
     2877448651,1.110568029503345
     2648768974,0.810686904435774
     3103965649,-1.401311052739037
     2899255767,0.558785853068469
     2753938852,-0.651041328546402
     1373077981,-0.534177182972796
     3291931107,-0.682227745448744
     2976760295,-0.556517769567558
     3937534441,0.953990557877725
     2566373869,0.425935395108791
      153805298,-0.964746147576696
     3259998708,0.913810700997996
     2570693374,-1.227305302891613
     2638545403,0.911572950538265
     3669713407,-0.653540024071808
     3405480451,0.489829301535682
     1470259719,-0.014449937398257
      740557322,-0.278308999201112
     1571799565,-1.297887058515888
     3891479981,-1.415606005255793
      986341913,-0.064131104581284
      705159706,0.363330416740266
     1081721374,-0.275776305285665
     1863241819,-0.582369849094647
     2597126692,-0.341972926851278
      221667877,0.380415554586287
     1914327446,-0.927947446950137
      223183399,1.082712057950771
     3211469352,-1.248962462991347
      241197609,-0.811645404227725
     1984922154,-0.050736709396071
     2576130613,-1.017602494498872
     3395469881,-1.066396327617285
     3402240151,-1.162395556662438
     1663754816,-1.370414865915668
     1271890500,-1.323265061758116
     1343382088,0.808630274964389
     3033178703,-1.450370926508124
      292889168,-1.441832806288644
      666796625,-0.440097164638972
     3016565331,-0.890794598153528
     2052186708,0.378128182524445
     1490195897,-0.014145023459178
     4169212504,-0.173178261899573
      417350235,-0.030029811516672
     1728774750,-0.822251154213819
      311411296,-1.379032961977933
     1287709284,-0.260834082963494
     4235797096,-1.318263204032761
      675529322,-0.039825565981927
     1059373679,1.311677110989973
     4062413426,-1.462764628592572
     1409090165,0.087069914997197
     4113760888,-1.033635425808933
      369566332,0.369406890318570
     2875887722,-1.315529345062777
     4098630272,-0.812463287080241
     4028572289,-1.104143828893075
     1352336002,0.025380153436476
      906519175,0.357870029118505
      304628365,0.425364659453939
       10216085,-0.208325658765401
     1988797078,-0.272148746114261
     2873991845,0.977388004570074
      437625510,-1.435286830253944
     2165359274,-0.162036288263978
       73499309,0.650836138075103
      453935793,-1.189896416742451
      952656562,-0.563632113461827
     4205724340,-0.825827441455049
     2069758649,-0.501194444424047
     2741191355,0.866911830258922
     3283878590,0.682806494275735
     3142525631,-1.135438128164197
      523649730,-1.008003479772002
     4123853512,-1.311495600180654
     1685709517,-0.676699658876300
     1258242766,-1.303672426574732
     1070883551,-1.025390925323152
     1791967981,-0.341576816506549
     3400393458,-0.837473882418877
     4201267955,-1.231267873609032
     2118558452,0.204333093146684
     1015923445,-0.063345619781950
      949631785,-0.617774134362056
     3668738810,-1.315948820138859
     1073349371,-1.143308864234762
     2505499390,-0.478057378308268
     4166579669,-1.295998857444918
     3559965440,-0.752090615855550
      897123075,-0.593877668689416
     2681979655,-0.200161059993775
     1441981193,0.944230075784106
     4106216208,-0.979633410091001
     3462333912,-1.351740858777677
      638078708,0.153813798161496
     2974147351,-0.184901628942698
     2914370328,-0.437855524748754
     1892746009,-0.257102043409064
     3677799199,0.522244516038527
     1169204003,0.478495309079601
     1936007973,-0.927242317035699
      806708007,-1.015106046977260
     1608631094,0.172129085852647
     1696105276,-1.205280002959161
     2249868093,-0.984329426772925
     2222695232,-0.227535875139761
     2573599555,-0.026486356151036
     1429955396,-0.916043307067752
     2720654149,-0.271652365685290
     2580513606,-0.072403324382522
      690398023,-0.525910713169046
      659227466,-1.127011708829600
     2955338574,-0.430937144857130
     3011535696,-0.576269934652350
     1160487773,0.629249234632333
      744663868,-0.905834781700502
     2922939247,0.438766194655811
     1433748338,-1.367094268362611
     2961039507,-1.422296196096731
     3111535476,0.342461360883514
       32088949,-1.459893074793727
     1426896361,-0.277423279295181
      433057940,-0.600177342268530
     3194807165,-1.458303143439091
     1019339646,0.370539831971843
     1647534975,-0.429314751955763
      858350469,-0.029831856647908
     2629267607,1.007489353164244
     1027169090,-1.412393454984915
     1849353105,-0.319937665840783
      286638994,-0.177314056667170
     2989687710,0.073692661788718
     1496245153,0.560794015266663
     2666668962,-0.392663127339864
     1649050534,1.450387229562741
     4086546480,-0.841300410798561
     2431878056,-0.478956308786435
     1054392476,-1.317987853232789
     3983721386,-0.832825029213336
     3547186101,-1.355178160042368
     1271940024,-0.874492217219211
     2976252859,-0.612003087009347
     3947971520,-0.234705948213411
     3630015435,-1.215945795343486
     2771690453,-1.473186863605534
     3713369050,1.547145969817032
      672097245,0.425255902864450
     1828045801,0.258283948891014
     1945779026,-0.634545330408965
     2213987327,-1.246562999454399
     1292968960,0.026672705651429
     4157858823,-1.358763202825312
      519627787,0.068149951462888
     1844839439,-0.891495852700888
     4284400659,-0.127796737277251
     2236015636,-1.354976592072902
      483353625,-1.027411885339873
     3308774428,0.265050776826917
     1376461855,-0.719444624307051
      537584677,-0.109535703338859
     3008103465,-0.606057997736173
     3834668077,-0.089039143962013
      446301236,0.120193908643164
      941974584,-0.521458134383283
     1939563579,-1.357574001086459
     1289569344,-1.287971077859876
     4180902980,-1.203855566667533
     3227673675,-0.153363658655884
     1158259789,0.718477046242150
      317244499,-1.196593478358659
      454796374,-0.277772706270746
     2202215511,-0.256113130792103
     2596816399,-0.519904624493467
     3106997341,-0.109535703338859
      733611111,0.136479136499608
     1067025519,0.715239339560595
     4294673526,-1.073202944250157
     4185400452,-1.374055802058465
     1617239679,0.467543300333970
     3374695568,-0.283489469611975
     1206240403,-1.248418203744909
     3201827993,-1.197740080323776
     3232900250,-0.177358905574790
     1428432027,1.347845242742212
     2711708833,-0.013926113152992
      920454310,1.039596589032453
      571753639,-0.985132043780378
     1126746995,-0.998663984159306
     1667204277,-0.876413817524959
      313550011,0.002464335946910
      646497471,-1.198617773758021
     1315759297,0.379180169950132
     2464793805,-0.632210238224468
     1308222670,-1.141134395687195
     1588069587,0.737078435416627
     3661513945,-0.443215838341435
       32228579,-0.944046238718267
     3753092331,0.576843500336370
     1938523372,-0.621578110672387
     2436539631,0.523880998796994
     1541915895,-0.322580027509746
     3465635069,-0.944389902649548
      662078719,-0.795905021936962
     1569137927,-0.099954296892087
     1092740361,0.471755533114050
     1959060749,-0.748463196769153
      526099734,-0.124886766625155
     1805632795,-0.720894751364136
     2728165595,-0.147088994901513
     2880521510,-0.408993713471074
     2794472743,0.744925057631791
     3355780392,0.564115424783969
      363750706,-1.165544561441881
     1938466099,-0.721331810241616
     2094727390,-0.914620630374512
     3575465272,0.498427220328224
      273895788,0.248175029921737
     1469015365,-1.222736700452419
     1617683788,0.618735315505548
     2958140749,-0.305700801215520
     1897915727,-0.650166225013419
     1939383633,-1.015318792666879
     2697307475,-0.647489547686371
     1368417620,-0.829335407400033
     1803011641,-0.694958265092833
     2568684888,-1.297525586521120
     1154467164,0.404522989857238
     3971409246,-1.182187886409039
     3764143455,-1.198586682129289
     1731183970,-0.313600285631361
     3410019693,0.821746228147719
     2200094066,-0.240188688381733
     1236739443,1.112551193173486
      835233154,-0.431917443270885
     1629496711,-0.576778125888033
     2325005705,0.350575401708904
     1799652746,-0.645885449877926
     3211797899,1.293275906872828
     3082794562,-1.170044325229497
      138167699,-1.309373014174690
     1489954197,-0.692317205833569
     1476494742,-0.925284538380620
     1142482327,-1.087638744635996
     2037712283,-1.263255267763576
     4072318365,-1.294864692182853
     3115345311,-0.658740693818127
     1460618660,0.641229196507828
     1297860013,-0.001537576000991
      272904435,-0.105327042020409
      635291084,-1.187605184697968
     1800046030,-1.361307374622401
      558360016,-0.064966618177049
     2459084241,0.333483245681191
     3968607702,-1.133161131326144
     2083562968,-1.086410363408020
      953476577,-0.159230686440296
      897680871,0.175526494028033
     1763665395,-0.025640268046598
     2126898676,-0.890665185789777
     3647849976,-1.291601265069963
     4021978617,-0.548156926328326
     2058618366,0.460064489147025
      662488577,-0.517922057033021
     3080914437,-1.405858012479636
     3734898185,-0.345124068424023
      913548811,-1.473186863605534
     4266337807,0.524570620427847
      853501460,0.141885556341990
      805750294,-1.007534780779423
     3027027480,0.096761321526125
      435725854,0.090702382482874
     2100676127,-1.051744085994096
     3802498599,-0.395427088425557
     3007915564,-1.402297455152224
     1234429485,-0.198184947816347
      535884040,0.536648728722528
     2161788471,-0.913626684904599
     2511439416,-0.404158096087497
     1698022969,-1.233160854772044
     4086146619,-0.072580022440554
      842294845,-0.721380410487991
     4168803909,-1.360235211773100
     1994379532,0.117986717147563
     3302123087,0.429807585345372
       10454613,0.444809478372500
     3393062486,-1.020938514336066
     3799115353,0.284303014421528
     3531949659,-1.331327321394346
     2840495709,0.106529015473438
     1122002527,-0.145974118888995
     2800633460,0.770202959239619
      396691063,-0.481786143540390
     1615472252,-1.412393454984915
     2444273279,-0.316934115717639
     1872873092,-0.045302459542676
     3535808133,-1.428025924512883
     2440177287,-0.995374488377617
      432072329,-1.285819441874676
      449480333,-1.345546207127018
     2484930196,-0.695472666929939
        3666201,-1.117741884919572
       12830381,-0.519889355863632
      512681658,-0.651234173912298
     2549458627,-0.377488224458426
     2602469060,-0.684027331474127
      955357542,0.447474116478479
     3120219847,-1.457807360432599
     4282705615,-0.186195043765930
     2077591249,-0.808400541159197
      339741137,-1.397101346239276
     2626951163,-0.499610593712501
     3723120933,0.052455366896944
      534554350,-1.441775395410243
     3183331061,-0.061675911326148
      801151677,0.584153654896010
       54322946,-0.650215188079149
     3614328581,-0.760979596388069
     2623170318,-0.313650291450110
     1308763924,-0.691759084115997
     2536572694,-1.407505751399734
     3372730136,0.410134189321274
     2548852512,-0.784306679099547
     1813563172,1.073294523870975
     1464133416,-0.039716759433873
     3378226997,0.215412502681363
     4239607614,0.025847004090067
     1143826247,-0.931465836946716
     3776816971,0.443058923499925
     2423061474,-0.733253474384223
      512280408,-0.942839950293887
     1043089241,-0.754330116753465
     3775596378,-0.523768421988365
     3665520476,0.057208008057321
     3474933600,-1.347165233815313
     4031072098,-0.629876036169697
      444450661,-0.073506006157938
      849774440,-0.824170008190842
     1433962346,0.188009292564240
     1952794477,-0.114412120451639
     2995955573,-0.712385246010206
     1704225769,-1.420412745418171
     2470291321,0.570805502072367
     3565143937,0.039582250960959
      552560514,-1.226195525141692
     2815600518,-0.927075078322511
     4290324359,-0.610147273445407
     2880883692,-0.216762934266720
      472389271,-1.473186863605534
      284764044,0.895855156667705
     3582994324,-1.473186863605534
     2626771950,0.762059741485596
     3688818588,-0.295166110706870
     1759545245,-0.861053680111933
     4072204192,-1.320706856046055
     3409389475,-0.367968296879851
     2691467177,-0.043618235884354
      730261418,1.163513455907240
     3902744498,-0.887420353730215
     3375097779,0.009566074681915
       54159288,-0.892425852978705
     3593717691,1.531260421865606
     2302737397,-1.027314326026160
     3393409355,-1.264903133803518
     1072588745,0.522033726983826
      865208268,0.669146169698557
     2184102221,-0.030832133264818
     4266641366,-1.473186863605534
     2923874264,-0.940363584170699
     3872409566,0.466817739581962
       14444511,-1.389250356818645
     1813981160,-0.454390806878599
     2119559147,-0.554735509214223
     3165702128,-0.629087381413987
     1394616307,-0.003664597001753
     2930903030,-0.240415432392312
     3797428218,-0.360414862159225
      391486463,-0.455457015287485
     3717400577,-0.237483420950998
     3536439299,1.229967140127131
     1426753545,-0.580250115741857
     1919813642,0.150574975782775
      598886413,0.026032350651973
     2523490319,-0.066451939880877
      104974358,0.595843844295519
     2680932378,-1.340836482120655
     3821144119,0.110597412888242
     3657566264,-1.335114357383583
     3942852667,0.147304143207547
      215066694,0.903178697971795
     3171109900,-0.482944965331402
      185988792,0.195393839975720
      888719444,0.511619585804684
     3661016430,0.012782954870297
     3698378842,0.315890464517837
     1485326427,-0.604873979359811
     4060702813,-0.141100699856019
      722061407,0.744214875915427
     3024685155,-0.297138722538082
     3530762340,-0.219656318186732
     3716821350,-0.380865417916244
     1778878570,0.107309702781441
     2934818931,0.263522499519462
     3277588603,0.207346157273773
     1272088704,0.085992773281999
      119572611,-1.151458315897264
      315926660,-0.209870361800177
     2581653639,-0.736347571573342
     3799238793,1.326858560169731
      786253963,1.182580201666814
     1143785614,-0.923617597848243
     2067851411,-1.362068352580478
     2402835482,-0.136180831293974
     2344855714,-0.066159557918291
     2032634024,-0.364123786512365
     3504388530,-0.547808147017222
     1406576822,-1.387530053868332
     2790394039,-0.043779809490285
     3213093054,-0.165236577416271
      283691199,-0.344745591180826
      994404544,-0.337245892847286
       14813380,0.280090947536386
     2711246540,-1.228658931638543
      177470199,-0.603386500876368
      724060372,-1.421847169048694
     1323002069,-0.815573941270526
      146589912,-0.088363795892465
      892250330,-0.353528519921179
      550209759,-1.049198701977590
     2734393568,0.322296303978423
     2031331565,0.372365823357080
     3237611768,-1.177513212166075
     2729109755,0.763411343894891
      561490172,0.185892291216945
      710658324,0.666563240435375
      362989846,0.861766743972377
     2556455193,-1.047401897243591
     1867671834,-1.294761548983055
     3609626909,0.486468881625614
     3781830943,-1.312168008642076
      465324329,-0.135293789532862
     2973804842,1.711793798887806
     3022424368,-1.354748862454414
      121407795,-0.704209561683886
     2932574516,0.428196724507396
      784951605,-1.102400576275824
     3579980088,-1.237075243784911
     3384019258,-1.402514207713162
     1624413919,-0.436710175437918
     2881947964,-1.248844092970532
     1635494206,0.407189052420670
     1679182144,-1.473186863605534
     2828519747,-0.635504627720934
     2902034762,-1.034305053345128
     1438673227,0.425935395108791
     4218906960,-1.281384219202574
     2082318676,-1.293156979905882
      710502743,-0.969409511764662
      376809818,-0.574108572330325
      543017310,-1.319948595376643
      699418984,-0.104840789918896
     4010740074,0.801360810560952
      485509484,-0.646368524466135
      793872755,-0.467903424102562
     2659576180,0.508473276187496
      125806967,-0.220908403756552
     1293221082,-0.758149863730315
      562694526,-1.146499476868355
      227821952,-0.453800571453256
     1774100886,-0.634622351876196
     4188449159,-0.802957187389067
     3712313737,-0.671631538442161
      128166283,0.668831034546463
     1581525388,0.258697889086677
     2406443405,-0.158614245527484
     2430035694,-1.235303961018033
     3661605270,-1.095132774239921
      671066522,-0.751009548005476
      366201244,-0.203300632340127
     4108421541,-0.488407988100100
      863701417,0.244922973975503
     1941146030,-1.198762663028887
     1581997128,-0.823386652500387
     4113836467,0.085992773281999
     2659667017,-0.230799444662665
     1574094581,0.822195653860106
     2292255175,-0.272514868439769
     3688663497,-0.749022634136066
     1724574161,0.010039197067280
       41839058,-1.149756325623454
     1945078227,-0.817817668656926
      551700951,-0.906289439416916
     2140367323,0.528978835973721
     3855157726,-1.241675788737211
     2536016354,0.595632564822716
      822921699,-0.627305392774883
     3981625830,-0.922173591139432
     1644022252,0.478080131204854
     1967294964,-0.980804302568591
      907995638,0.219866341582764
     3771247314,0.048940960066927
     1619470841,0.019050619453090
      910289404,0.002604722053457
      298740821,-0.188551945917872
     1480362498,-0.958080248461494
      174795272,-1.016941337744567
     2367269385,0.276400922126715
     3204377106,-0.170987441486544
     2129357338,-1.473186863605534
     3421776413,-1.305874932301020
     2116913700,-0.650998111387029
      871664165,0.034847892576261
      495856172,-1.403881466531221
      900909613,0.469649777383951
      277219886,0.910760433345687
      139594293,-0.422921724687897
     1480124983,0.611079865992233
     1905125954,-0.629481011112169
     3671812676,0.725101871205604
     3897887302,-1.141288571720907
     1701030471,-1.299425528645459
     1605741128,0.310142956560780
      871524956,0.550695118876525
      262695517,-1.227318643426854
      775948897,-1.014852127536918
     3589671529,-0.087642819173649
     4152535659,-0.218755669413977
     1094199917,-1.382454398826078
     3500518001,-0.371661332809580
      506466751,-1.316801698773896
     2176248451,-0.285977814901118
       57895567,0.445188881361818
     3907627668,0.196153280540397
     1068804761,-0.426297312012770
     2803952283,-0.754856917299956
     3582446236,-1.404906471131572
     1472531102,0.235733914574663
        3762856,-0.095460726458744
     3554809628,0.092417893614280
     3251055280,-1.076936936143603
      710347441,-0.180867310947550
     2717665971,0.788109040641032
     4112337591,-1.327164062561963
      851544763,-0.924257884121379
     1629162174,-0.360495251945541
     4272745155,-0.908198877055804
     2183219908,0.894239563943256
     3976252102,-1.218007833427305
     1572162249,-0.645469960547757
      608275154,-0.234187412192340
      689908435,0.348379658166204
     3760893049,0.783559416556080
      831744733,0.331026172148663
      913926878,-1.473186863605534
      401894115,-0.802443373517957
     3706702972,0.136080919594578
     3952937710,-0.285546904979629
      770288372,-0.208243304444876
      155749111,-0.097800877730690
     2104760106,-0.246600989700464
       71240446,-0.270652126048506
     2660068095,0.919334076183244
     3704515339,-0.399735622013138
     2036861708,0.212221145280684
     3409201936,-1.353607221656622
     3746597652,-1.398513186776177
     1135405846,0.472220663423690
     2917649183,0.702268426807033
     3888565025,0.591812808337555
     2850515750,-0.424543321955769
      584723240,-0.481636720643834
      199543593,-0.769272230267450
     2147815901,-1.464007856572124
     1192790833,-1.441989168724270
      894405427,-1.095173750347883
     1425926964,1.272002523953209
      922536762,-1.342460330102445
      193628988,-0.945622816902094
     1309797181,0.061507120150124
      405179198,-0.368729389679196
     1831422783,-1.445875676715749
     2431150913,0.087393732960106
      233278274,-1.031185887605239
      189960673,-1.444436485022669
      128699208,-0.666876974265345
     2056899406,-0.041445381607276
     1608510287,0.541395675451989
     4277267286,-1.473186863605534
     2374896473,-1.172434542463181
     1885207695,-0.258315812302450
     1898064737,-0.818160473262878
     3421047650,-1.405837797866706
      438504297,-1.385020785856277
       38529900,-0.896143981817282
      412396401,-0.512457065749763
     3241708403,-0.431970322457930
     3544271743,-0.338463417817451
     4134914945,-0.967271773020552
       15666050,-0.135935930107431
     1866476419,-0.337602784948568
      470264709,-0.081653739766359
     3504622477,-1.147871120425678
     2416569231,-1.418988355995674
     2304674709,-0.276374589456151
     3867257754,0.132744229627798
     2081278875,-1.361722289670974
      131722143,-1.445949258429748
     2646150048,0.257196913824700
      597789611,-1.225742184724442
     3596815284,-1.203315505879881
     3759631297,0.630448326001988
     4083223490,-0.317583464512344
      635537227,-0.544510623527240
     1437936582,-1.016304407183830
     3839658957,0.999948829259294
      922490701,-0.869896493588919
      151276515,0.706662388565205
     4173835236,-0.017840337243999
      435866601,-0.206077601537679
     2906852332,-0.176166909190428
      941501424,-1.350113944610908
     4034210806,-1.285661115785718
     3785534455,0.704049246460679
     3905473528,-1.257681220187351
     1214999547,-1.423409460544216
     3314961405,-1.369562790046206
     2168327170,0.429171753037460
      812100611,0.003772131517023
     3298692104,0.278354172629315
      446540812,-0.023595612193006
     3421907983,0.044196973191729
     2074416984,-0.426214368392366
     1466372611,-0.033347072028546
      812198935,-1.265740761753404
     1547700058,0.415932841551973
      892800032,0.406763279045426
     1859578915,-1.291384884276260
     3276610737,-0.725265837292694
     1464842076,0.283653703598159
     1732070447,0.573376664203279
      422128692,0.552490958774377
      136563772,0.953660900478949
      214707270,-0.367676580728994
     3724069959,0.111036112999103
      964193353,0.233151763519007
      225113954,0.633810592598662
      724896846,-0.858682637480690
       27472397,0.591450913101141
     2132896853,-1.399773676290552
      186731606,-1.367635897297080
     3139345593,-1.051160307552228
     4113091686,-0.207428700970673
      890483217,-0.914631910049344
     1281133672,-1.196593478358659
     1916316778,-0.533017407082963
     3866823789,-1.218438645893408
      637979759,-0.665832496660321
     1547750521,0.353046076057211
     4221947002,-0.581116756263667
      657779836,0.565006318222298
     1309641855,0.707461579095630
     1543539840,-0.818191532303824
       57560196,-0.768869727146400
     2315750533,0.696707728732386
      315616399,0.402755699636802
     1237707923,-1.100588457343798
      546335892,-0.210702341425427
     2667998362,-1.133092254950085
     2619206821,-0.457854793595345
     2886823078,-0.814521450443987
     1808840561,-0.237184063731888
     4289817784,-0.347028525957962
     4067798202,-0.561245714809303
      676539582,-1.293437626272706
      158222197,-0.379662900805764
     3189394625,0.095077174003001
     2490846405,-1.380188919683875
     4207217864,0.520296116962667
      619728073,-0.073032279314303
     3415207115,-0.862703560443984
     2792025292,0.646325598829254
     2746559694,0.521982904443702
     1234980050,-1.199444892655209
     1197239508,-0.401627540925495
     4166159578,-0.575741234725741
     1087081695,-1.317715743106094
     1501711584,-0.051548030685516
     1956637930,-1.295551203973995
     3450391790,1.458887598050352
      326528240,-1.441989168724270
     1806167282,-1.229725313822354
     1270320376,0.640915470898407
     2680032505,0.340620479707306
     1575709954,0.039087400490129
     2510011606,-0.229591650361595
     1984441612,-1.135903501328265
       81603853,0.069510527575859
     1198722318,0.797932717604378
     2845256258,-0.947721026777714
     1400704277,-0.354725004962661
     4057451798,0.523971023067373
     1084009755,-0.427645314799521
     1612639517,0.252893777018194
     3119066405,-0.554520934188988
     1129975088,-1.055171972972517
      218664243,-0.268021438352271
     1627884852,-1.327664661855265
     4203793720,0.341682866820639
     2948992316,-0.273189756772436
     3646262592,0.322571555000566
      340897089,-0.148356543608558
      963325255,0.838465608148986
     3003100489,0.529166756091307
     1736035661,0.177373009216912
     3819482455,0.464701867741529
     3509464412,-1.269887576803904
     3729493345,0.211598233417302
     1808911717,0.679790125376354
     4136856940,-0.629301889845583
     3306630510,-0.440678217858315
      876080497,-1.445875676715749
     3045444979,-0.660699915977447
     3877088629,0.667929258737103
     4112346491,-0.968316281219701
     2275192200,-1.439893606500692
     3115961744,-1.388283076137884
     1121602963,-1.302118629359933
      554233248,0.166688286071385
     3111587242,0.139340813250827
     2801913261,-0.104127164076023
     2292977070,-0.395485527988408
       95774621,0.758970209026632
     4023700917,-1.196593478358659
     1294380470,-0.493078967798925
     2861403575,-0.185589542744998
      714436037,1.016029983721463
     1963837347,-0.341383300133889
       52301276,-0.670964740029897
     3370348001,-0.905600620764533
      521080290,-0.188365292648308
      157732323,0.185743441577824
     1092218350,-1.313292421575365
     2427375089,-0.686684948295178
     2573356539,-0.663978194802080
      438541117,-0.184196748588571
     2317192710,-1.025456628200178
     2467114242,-0.446888400362375
     3432402448,-1.473186863605534
     2612645396,-1.010445990887135
     1666158101,-1.307711231036287
     1128051289,-0.352733108101707
     3023048216,-0.589029445357025
     3574722077,0.693157042225855
       42935543,-0.335205000981006
      433974817,-0.283542638707043
     3187461675,-1.173627778552904
     2567114284,-1.063095486835083
     3165597234,-1.092166955013829
     1591840307,-0.766300795411328
     4294270217,-0.799101915387911
       61279800,-0.141869280456540
     3316633147,-1.008497765697958
     4027829823,-1.435074773507089
     2937826883,-1.140331525249878
     3746065989,-0.589281869123290
     2434666055,-1.473186863605534
      124726856,-0.211534519809791
      441200201,-1.106279490845503
     1484713229,0.982764066569686
     1615064656,-0.480177275197511
     3111947859,-0.412380988302245
       80662100,-1.043446230539046
      182988375,-0.425768540248653
     1341727332,-1.028235111405841
     2110109626,-0.895099332769395
     1174163042,-1.377754506942447
     3160174180,0.415940054288063
     3273059941,0.672756780427614
     1939639911,-0.145273454938030
     3061108330,1.124090994215697
      534703725,0.224962142565762
      390794866,0.296549777498214
     1566551667,0.426609047183169
      117821048,-0.275023452909345
     3788000892,0.486136601423006
     4167003777,-0.963080686576575
     3781652098,0.110937375259145
     2503822984,-0.185994803807316
      267021979,-1.207757908208242
     1787417200,-1.391803708828675
       46861991,0.398832687892545
     2308848817,-0.912674579943520
      372616876,-0.616112458430248
     1634043849,0.034804075697907
     2777108152,-1.473186863605534
     1094151866,-1.411887913685334
     2952851131,-0.787155873029728
     4116467389,0.593328757674518
     2554299873,0.317003221494860
     1015049924,-1.304450277213517
      568225478,-1.297860718275937
        1257163,-1.067166850803963
     3766718161,0.576238247565960
     1131998935,0.258756589624830
     3779145439,-0.810019483472960
      158502627,-0.753929329219714
     1257934569,-1.174870495862645
     3527479018,-1.017673340376547
     4253662503,-0.259327755755645
     1742016237,0.549454108805390
     2835645053,-1.473186863605534
     1270771444,0.320264184624569
     1285533434,-0.537296421834084
     3594702588,-0.022370183181125
      569716486,0.265836812110544
     3493744392,-0.324173348476292
     1118646028,0.104239301679031
     1755041549,-1.335040013402182
     3811110673,-1.187448444818826
     3559935768,1.243856800140283
     1856163611,-1.050105918722326
      470564430,-0.592717467527067
     2494672673,1.437386546354573
     3280760610,-0.018167162206083
     2871398184,-0.210079860522780
     2059693868,-1.165887831763500
     2002825005,-0.536021602929316
     1821355823,-1.303032809270117
     2754340045,0.161996872267007
     1563422519,-1.473186863605534
     4184403768,-0.617794784542679
     2891705652,-0.433933661083796
     1947537211,-1.047886349778411
     2326703934,-1.474008351710921
     4131991365,0.629502837584377
     1520840518,1.450194055034971
     1466478409,-0.656968218762143
     1088122699,-0.258536236383526
     1625018191,-1.279445745872038
     3360501585,0.123692915498313
      977096533,0.479788744929102
      891039579,-0.363215027137972
     2575724380,0.402794022356321
     2424926057,-0.657979762875280
     3913175832,-0.629924657592988
     1306963824,1.486278552597083
      333893490,-0.402985593025961
     2842627955,1.206132051634736
     2790084474,-0.702796220014649
     3598651262,-1.473186863605534
     3701772160,-1.154499725581889
     2219446146,0.312049329337593
      872843243,0.436412744490307
     1111143713,0.715953560463311
     3528822674,0.056360102915304
      386305939,0.200634861822329
     3936325532,-1.223178765858661
     1404981150,0.681918456672064
     1193187313,-0.006211734065283
       20688811,-1.137434105940894
     2853515181,-0.252891815548399
     3113996209,-1.235165670181545
     1660064414,-0.012196661976804
     1890627511,-1.397166379694847
     2260168632,-1.334777184668525
     1434742717,1.062569150789499
     3640913861,0.576495246419166
     1497722098,-1.173751060171935
     1845333964,0.156937548063309
      225832912,-0.429374230227257
       73166801,0.802794478050415
      797700051,0.242280870464628
     3357044693,0.290657800045198
      888716623,-0.944757667974885
     2629504988,-1.273025827923081
     2833321952,-0.222225204235037
     1710721019,0.245032934767643
     3111604202,0.060726732734412
     2572185579,-0.768869727146400
     2221617133,-0.314921165434084
     1065373685,-0.420960517066971
     2359283704,-1.071988795092730
     1002508282,-1.161176292448017
     2144358400,0.490277476259524
     4059254786,-1.163345604170533
     2151395332,0.063324089017594
     1771663369,0.243610783973664
     1644675757,-0.987210450990109
     2880106515,0.408293495484520
     3645190166,0.194087755079606
     2797146136,-0.079754320801278
     1003261977,-0.872883322133703
     4010594330,-0.889572795107216
      599339043,-0.169008150797882
      419508265,-0.365551520940246
     2960835250,0.074321075104270
     3216420911,0.159545609909896
      785199153,-1.059976322146085
     3114435252,-1.352774272336670
     1968173115,-1.188669677850864
      368218175,-0.509614793975262
      570683458,0.153953991742699
     1182511172,0.633156798322517
     2836033610,-0.208489024741942
     3658068043,-1.363574129560755
     1667321933,0.213101025305757
     1891242075,-0.068926153564508
      513757280,-0.794730817740958
     1141059689,-1.312340044470351
     4061130858,-0.959287778090770
     3817222253,0.079121981219296
     4210077806,0.482490406466318
      801247343,0.360927840691816
     1404883058,-1.122785849993067
     2602663273,0.421969791398101
     1048768634,-1.306444967000982
     2657046652,-0.205835059022613
     3864252545,0.129717859659917
     2237673603,1.215647553704569
     2421854341,0.629928044825497
      136507530,0.543849964483042
      924930627,-0.079304189838173
      651522193,0.369732694943177
     2166853780,0.041030401013343
     2702725269,-1.382244775306651
     4151390359,-0.909754880918534
     2986135709,0.567205840984480
     1758154911,0.913816931699335
     2516537511,0.465428049325469
     3086430378,0.074847716879923
     1435692403,-0.983195320983512
     3685699764,-0.549064203796048
     2678173878,0.474461660078306
     2225983673,-1.158654617807479
     1639616705,-1.343876688773677
     2313941188,-1.441775395410243
     2584465614,1.160595698937370
     1085755604,-0.234238890378526
     2336269006,-0.960636716936849
     1392865495,-0.965497632506710
      204878041,-1.283624771711235
     2208863950,0.413271449490203
      411234533,-1.018785443017634
     3142389990,-0.828796257835019
     2562715879,0.199658370144286
     1832407275,-0.630246084069550
       51712238,-1.062680277336604
     3871650035,0.294509551773486
     2483400949,0.015079198366070
       60575993,-1.208659486723985
     2130260220,1.010943090242770
     3350425853,0.679077817757989
     2476863742,-0.186616980119065
     1659875587,-0.680173517790681
     3855200517,1.019063185015342
     1547096328,-0.361793557526195
     2777682188,-1.376467193670660
      742314262,-0.266561634744900
      798781721,-0.442142358861175
     2888331548,-0.914143702556445
     4292202783,-1.291708582472335
     2007396645,-0.214098964104448
      326324523,-1.401017857861034
     1881395523,-0.780893807536785
     1117376840,-0.663346133798408
     3651252553,-0.735446735612880
     3995873611,-0.861611623696687
     4240494925,-0.682833208841626
     2956833103,-0.761870536943937
     1540526416,-1.266759446327590
     1310118228,-1.107295124886627
       18403675,0.601014567451960
     3357978977,-1.127760749876226
       48025958,-1.034300933023548
     1330295145,-0.485211403013253
     3185160556,0.437809326961428
     1735913840,-0.844185468772527
     2328408434,-0.849772273486644
     2424140147,-0.019213001974839
      604664181,-0.167110974028355
     1622684023,-1.044202493557858
     4134559124,0.266501186129552
     1571344767,-0.733814273804146
     1945629056,-0.476167266230167
     2355196302,-1.109451468143657
     2244055444,-0.242176344644530
      502436245,0.250526161881224
     1502884246,-0.429222525217658
     3126899100,-1.449768128006103
     3530199455,-1.289685282918777
     2656756466,-1.334889379514784
     4075598256,-1.201322238146018
     3791221174,0.244480291200987
     3342668217,1.086077632293859
      519926207,-0.999796582618103
     2989142466,0.301354839720247
     3548320198,-0.276554100087922
     1564103114,0.409534344948114
     2135077325,0.296745833532949
      474837456,-0.650133444311719
     1093013972,-1.314318790371024
     3503854040,-0.993757026023108
     3165442525,-0.327311496721227
     2289595681,-0.301794235828868
     1256182240,-1.060910699428945
     1905316321,-0.604939509434615
       87519714,-0.829397478296216
     1686114793,-1.311347425238808
     3822293485,-0.237888598069553
     3408679406,0.904907150865712
     2990330352,0.945599579623923
     3120738802,0.151943813984876
     2122168404,0.950210869132044
     3520115198,0.544638639627254
     4113224195,-0.935062369124906
     2837329513,-0.220356374440900
     2350354953,-0.619549548148310
     2571596299,-0.527985204011745
     1198436877,-0.949431174073003
      473862671,-0.318626028382193
     1672737297,-0.461565512143719
     3980784151,0.129654788213770
     3613018202,-0.972918853697623
      697963049,-1.238339513029075
      280945415,-1.421737509861562
      476525107,-1.340952716754587
     1443332873,1.047072839176937
     4168364602,-1.125171985091643
     2441351741,0.738107657410164
      819589694,0.171430650117285
     2476257859,0.003473050003658
     2640457142,0.550851331047970
     3536450118,0.265392796138691
      606532167,0.160913287699502
      906285644,-1.219697219478233
      336466512,-0.764951917005624
     1352815192,-1.029961042942448
     3814961753,-0.129343572339578
     2478674523,-0.725289925511779
     2007282268,0.144509471511818
     2584023645,0.455729660765903
      237580894,-0.039386494313689
     1269019240,0.079200772208171
       28562031,-1.051286122041135
     2931069552,-1.110848583124876
     2379077800,-1.473787181478510
     1444024960,-0.097720216433128
      936596102,0.141298453926683
      586519180,-0.625200594211914
     1301975697,0.076637133067928
     1730433688,0.926651419397813
     2970555038,-0.335520335637317
     3498168993,-0.385504790769910
     2911457959,0.688347110869830
     2402292397,-1.389744396506128
     1438274224,-0.198371403826492
     1777947317,0.117503346450785
     2084278972,0.692405383426492
     1421005503,-0.720292354029650
     1494217410,0.962592059732569
      565949124,-0.991829656145677
      175198917,-0.175694943582014
      583611083,1.036052728488636
     3384578765,0.861551834488844
     1782723279,-0.441832408064248
     2097738457,-1.425067522891645
     2389824220,-1.120273869164669
     3222165626,-0.739447178886027
     2592420575,-0.092180424703519
     1239435542,-1.384169260947779
     3518264036,0.787895152735808
     2382885606,-1.065003565595793
     1022186216,-1.326560408252101
     2053690102,-0.915742105765033
     2249691904,-1.432944247749163
     3469480706,0.228475747080476
     3021493001,-0.920293179795830
     1991938829,-1.213857547164319
     3229520661,0.455467068108631
     2101334808,0.328598077134063
     3217699612,0.208820866669304
      849261353,-0.566205046835808
     1292038956,0.606928532320463
       13579059,-0.726841500531362
     1078121284,-1.324003055165436
     1937757001,-1.417233768017358
     1091227106,0.197833340098321
      753881937,-0.756351168940178
      944763734,-0.140737741138443
     2388218712,-0.019649200607440
      892212061,0.187910949305647
     3296187235,-0.899978788381743
     3507802980,-0.886488980709654
     1602499431,-0.002587728037135
     2056270699,-0.302241725848704
     3042571116,-0.074278127383638
     3374379886,-1.341022175259849
      591328112,0.367825038877463
     2915136374,0.716319692119250
     2790757250,-0.080973346989480
       39662473,-0.647220874348899
      544502666,-0.457654918129851
     1496134540,-1.274750080941072
      571839380,0.213707547457940
     2996056988,-0.600560406401718
     3896652702,-1.304038668047246
     3542741923,-0.177827360079330
      860074920,-1.473186863605534
     1561932719,-1.404401523914676
     3095622577,0.769646787892669
     3227046837,0.307349787032534
     2251035578,-0.380594337578205
     4062335936,-0.841924209449285
     2522682305,0.618646640762750
     1705530308,0.306711699545362
     3696571334,0.080149936298870
     3501863883,-0.950338979775263
      511906768,0.213428591137718
     4206736337,-0.052522251664825
     3969135570,-1.271803020102812
     1240241112,-0.296388625476312
     4051833820,-0.130340458140406
     2006040353,-0.874130471416025
     2687480803,0.378092779124628
     1732637669,-1.000952149583672
     3558003689,-1.235764929987643
      135869424,-0.456851844145085
      197093544,-0.796261784373762
     1333195762,-0.434868486351004
      322589684,0.477672930206982
     1037939704,-0.539015726282616
     1912189950,-1.034209731503506
     4116632580,-0.433331880988376
     1874916359,-1.472955451795043
     3824833561,0.509917594210698
      927241245,0.877517727125397
      944157726,-0.383196240631919
     1116599329,0.174174976332344
     1270992390,1.268489990600439
     3718927404,0.688976827793857
     4197446704,-0.520220496060739
     3852096562,-0.379951953776144
     1758966843,1.116561328233789
     2334716998,1.060108972829624
     3778204746,-0.404641125911042
     1305760850,-0.571838185601701
      244462675,0.224590402836042
     1919152996,-1.428551533316415
      943707226,-0.140367667373713
     2043376732,0.784009394416102
     4017534046,-1.367094268362611
     2154708496,-0.291633365120545
     2684771858,-0.057570912448254
     2906420334,-0.799397339478151
     4197151858,0.190317513773863
     3085964404,0.135892060433623
     2377872506,0.014756658148729
     1548748991,0.397087111516804
     3040318592,-0.352860229286764
     3423802502,-0.231741758683487
     1524790409,-0.625679520339431
     1376646283,-0.467003342260346
     3675509902,0.481625863042400
      865973392,1.497549256700595
     1120441496,-0.242748201673922
     4151208132,1.183538695566851
      932664477,-0.866172021136932
     3507590304,1.345906953760001
      384586913,-1.368199455643200
     1546777764,0.179497307513994
     4211618984,0.936482416656779
     2979116205,-0.421208825909555
      392377518,-0.762917224838140
     4050719921,0.638876706646806
     1360598195,0.430857433155193
     4216542392,-1.373760696910832
     2137593022,-1.353182892289138
      256070847,-1.004679981649705
     1673548992,-0.403675968445202
     2848232641,-0.267919446332725
     1465881794,0.040903817974694
     1740027076,-1.360075846908554
     1355830470,0.615421035048680
     1706497234,-0.220110389804409
     1679398101,0.056142286469579
     4025644250,-0.420426473995982
      321967324,0.195101820210827
     1379431645,-1.376400629709764
      358642912,-1.263793421452469
     4029453550,-0.611653699708216
     2136347889,-0.361657018642707
     3048527090,-0.317004688688576
     1077458166,-0.837151533223136
     2152346877,0.557903217300443
     3623908612,-0.341244720747063
      705066247,-1.247297558720681
      873911567,0.319132244478706
     2242966804,-0.082261806657797
     3933263128,-0.119849115085814
     3587429660,-1.292508704780291
     1051260193,-0.200666822470161
      183359707,-0.088564214639160
     3109672237,-0.223480666507614
      468416893,0.681920488586734
     1082086708,-1.068552446460015
      947148085,-0.175210755336042
     3069891465,-0.733644518382342
     4263990585,-1.132322187222760
     1236740319,0.166917874304080
     1853191050,-0.559548360712495
     1498838336,0.154077269693280
     3678401862,0.452622511132861
     2492675400,0.055410910187468
     2919210693,-0.464605666048372
     1341625680,0.249416138248475
     2119570771,-1.028749156420353
     1559860566,0.463714107377758
     2306061655,-0.832527753095285
     2981311836,-0.508253455560368
     3304576351,-1.192661826277776
     1610184032,-1.136093941136535
      783765051,-0.892709687441666
      501962084,0.383802181238809
     3090437477,-0.667785388168250
     2208191846,-1.365941115260551
     3979113834,0.758945102799064
     4272829805,-0.145782562773001
     1171027314,-0.084282272557026
      156964214,0.118905446280268
      588242317,-0.587430188084061
      622466425,-0.646668632179052
      173299067,0.559954988163423
     1156633980,-1.264811904272386
      696685957,-0.616745938270421
     2598065556,-0.800520852316830
     3557094808,-1.263800408041270
     1580438941,-0.900517135058796
       84317600,-0.978900326517014
     2855671201,1.164316315339070
      242955686,-0.679962935575275
      738039210,-1.432291198144697
     1651219599,-1.248556118428014
     1239109318,-0.791692786899915
     3485953609,-1.263608020357358
     3742897593,-1.455480170317317
      981652924,0.864865156696137
      335181247,-1.141084396456316
     2883999170,-0.612680587424774
     3567990215,0.967229951347057
      739218891,-1.410374356069177
      171775437,-1.057088664688691
      466367952,0.312559888940996
     3863713234,-0.734075248741614
      314179150,-1.375801574916519
     3422180824,0.076157087578506
      351587919,-0.678990698979843
     4115720443,0.839130176958743
     2582709158,-1.237289985632852
     3290822121,-0.957596824676100
     1966446059,-1.034563302126241
     3746575853,-0.194355049296919
     1158059503,-0.321623118589857
     2937419248,-0.324123523032746
      132953585,1.057631660266326
     3343150373,-0.572281742323800
     2682582518,-1.385675227390236
     3008132600,0.363450925913415
     2487299384,-0.245204507463320
     2009945606,0.340835785313102
     1071396361,-0.819051100358689
     1720399375,0.214395438138623
      821933587,-0.936754040931603
     3058402847,-1.123251240251814
     1886295579,-0.215179023785026
     1795282466,0.583933209103152
     2374923813,-0.612930846622460
     3849475626,-0.664859137591333
     3247797804,-0.190075601217706
     1212634670,0.511680291963370
     1789539889,-0.487658043078397
     1971115572,0.406108959790668
      582489655,-1.369636510855192
     2645702202,0.429566223688864
     3234780736,-1.445375022926811
     4243338818,-0.474198278571481
       91739717,-0.663977743339765
     3588904522,-0.007476648342005
     2483377740,-0.016638772363471
     2236601934,-0.468654506969832
     3094918738,-1.100138239532119
     2176816726,-1.473186863605534
      525997655,0.148082665341059
     3880154712,-0.634995211404000
      261510752,-0.364701699667231
     3435443813,-1.303431898433838
     4198307433,-0.873954712760384
     2388883054,0.824714854581038
      185407090,0.903283441015855
      617879162,-1.151023903037449
     2118084886,-0.197138813974683
     3478886022,0.911792524410706
     3402217097,1.075455171254845
     3218437773,-0.358398776690210
     3883677327,-0.639407831444039
      941771033,0.870336542805846
     4180530846,0.783224994511088
     1275393695,-0.387981341619449
     1332237991,1.086042013736211
     1638313586,0.170711307563208
      295515825,-0.870708479200615
     3874215604,-0.123232643397800
     3933861560,0.091030787644877
     4208424633,0.007469603329367
     3960059590,-1.012750728129590
     3158144716,0.153546126761501
     2527024846,0.770114636893558
     1205966543,-0.074753973258285
     3253046904,-1.159982426169298
      611202773,0.564823727494187
     3298506462,-1.173953868946968
     3274798815,0.036947435362459
     2381166311,-1.423501356127765
     1200830187,-0.722863716767648
     1518423631,0.375593629957462
      602085114,0.775017569441596
     3883054843,1.522211887273840
     2494748414,0.842651821326727
     4201297666,-0.383036012501764
     3657103121,-1.329885876531862
     4285110044,-0.210864730127000
     3899905824,0.187700380083743
     3661641508,-1.261541195160080
      720672552,-1.397101346239276
     4143560490,-1.406627574227765
     1881110329,0.129659986147268
     1657820987,-1.264223252130038
     2759186237,-1.125484864807247
     3806140231,-0.450252917617253
      313775948,-0.230188437088870
     3561609037,0.173692522107405
       32388948,-0.837192587779321
     2497869653,-0.829952934730472
     3418183512,0.353041753460237
     2709034841,-1.376616021411744
     2191300442,0.175520470267743
     2011993948,-1.105686390694367
     1637365598,-1.392256505191499
     1582536544,0.356009927233597
     2310846305,-1.372419199270544
     1679660898,-0.595319511265700
     1211938659,-0.840475286442592
     1638676327,0.356732985715158
     1300567917,-0.856637327092368
     4172461937,-0.358481831718750
     1739863923,0.375685643420230
     1528485753,-1.166591398484971
     3381188479,0.802149487584722
      288397188,0.161814471914932
     2030794629,-0.833636000313876
     1491908492,-0.007477238668698
     2550691725,-1.102198288790886
     1921382330,0.911905173551185
     3404068752,-0.225912671455984
     2750404497,-0.503174535995749
     1645606805,-0.658929942855172
     2551666585,-1.416292817758193
     1604024219,-0.927922310076650
     3550779297,-0.503681910658538
     1221009051,-0.087883037522097
     3451967396,-0.069304719967997
      359864230,-0.696270156356009
      179509162,-1.255876600164455
      925185965,-0.850516277861689
     2913793969,0.511030062816410
     1453414330,-0.516708949235691
     3158480830,0.346700625471235
      226736066,-0.270942472087913
     2265090379,-1.317716129328842
     2477266886,0.052702713209496
      554056686,0.049923161678794
     3631372238,-1.133985877826340
     2438748111,0.193431544386676
     2987530192,-0.772441380198251
     2642753501,-0.369703883391214
      580103847,-1.125484864807247
      493197297,-0.516059353294496
     2869240831,0.682829962119515
      678940729,-0.532904479514417
     2079665836,-1.104095968074357
     1284511760,0.314988905067848
     3449395218,-1.333458447904200
     4085970964,0.256600220234763
     1613707386,-0.623562502442755
     2610558998,-0.489294858130428
      437327904,-1.242534832198185
     3232315427,-0.981827497042776
     1729181738,-1.151361130274574
     3657848878,-0.449015420624966
      805615667,-1.274143401379896
      976910388,0.110213258905279
     1977284662,-0.939348563248728
     2596952119,0.606602053329353
      932018235,-0.230513166300334
      427808828,-0.782965050747970
     3456333885,1.679712119396931
     2493978686,-0.665443114125010
      551057472,-0.474535675202555
      715610178,-0.180001556123366
     1811899403,0.999039006551233
     2018506826,-0.162531376219513
     2394025655,-0.167578392807807
     1383159884,-1.386959820698596
     1101158478,-0.476127630358566
     4146624593,-0.146226897267157
     3410212948,-0.030374324834895
     1709185112,-0.242948421391704
     2926860379,-1.310325377073005
     1514248290,-0.054116352071698
     1551325285,-0.618898778454450
     2458753130,-0.715700590372196
     3102701678,-0.180864952103151
     1087592563,-0.625739799149842
      138197111,0.176648770862244
     3933755514,0.028967261768910
     2589694076,0.313938770035235
     4198365309,0.171571002074630
     3267967108,-0.260219517859001
     1576130694,0.574356347911187
     2933889167,-1.384441077980368
     4056283291,1.020173988014959
      503453855,0.269342557765364
      421583216,-0.641690781998046
      330002118,-0.532383736165229
     3832551592,-0.141319085940790
     3581273116,1.043575295222942
     3504232619,0.583939671538188
      829192364,0.778361091205243
       76011693,-0.686417616564936
     3719747758,-0.592192056458816
     3869382833,-0.744206545287002
      875118281,-1.454241902973211
     3986745716,-1.237726267435271
     1837160634,-1.192755040262721
     1132714357,-0.194877691642597
      789592262,0.199493617411809
       88373450,-0.148219250493041
      788560084,-1.462764628592572
     3615217883,-1.307604890980425
     2072312029,-0.728881697421644
     4255810597,-0.338696823392046
      893065444,-1.441775395410243
     4022775505,-0.579015659848852
     1085602029,0.541577421250941
     3320682734,1.223794943134564
     1109121263,0.137125200108261
     1745590513,-1.394742771979904
     1220720897,0.189783142922941
     3614505789,-1.386186754234245
      361732358,0.435058066809567
     3407411468,-0.286560978683936
     2887596301,-0.144046812925657
     3459275023,-0.869483633239002
      927439134,-0.945658344311244
     1956268421,0.177450339573934
      729512225,-0.198900398453260
     3691403563,0.459626796446096
     1200462129,-1.020531297932027
      697006387,-1.179070687972642
     4029937973,-0.508565917311833
      159635782,-0.596885701977463
     4075493706,-0.646721360516502
     1369454925,-1.366897957897544
     1951029591,-1.322831966270493
      203774297,-0.346635526647429
      958658909,-1.274352210533483
     3265034590,-0.943191145843590
     1576114533,-1.353358374657429
       72718694,-0.872535780266374
     1871985001,-0.754434154169512
     1741699434,-1.470938873499090
     2099632493,-1.288469069405981
     4113152368,-0.348145035789567
     3583203698,-0.302818873320506
     3117619572,0.427714279187278
     2343754101,0.156937548063309
      848662249,-1.289547826752711
     1403378041,-1.188669677850864
     1361631611,-0.900279833436798
     3914362602,-0.093859738604625
        4643202,-1.125252716325737
     3307264388,0.288573478992467
     3271063951,0.830981244479484
      485333393,0.144617917934300
      670357906,-0.388713394556900
     2863987099,-0.683867551045938
     4149287333,-1.411969160782737
       37935529,-0.854725637645929
     3328186799,0.515055102973139
      689772978,-1.110632388145292
     2537568694,-1.192809532349393
     2277284281,-1.248076108992476
     3422230977,-0.589644718089219
      512334274,0.724744142512756
     3200489924,-1.143308864234762
     2457386742,-1.153873762536617
     2308995527,-0.848726403055529
     3073882568,-1.326431372824172
     1854691785,-1.164793017439900
     3566295499,-1.019169293549956
     2187549133,-0.671876105977992
     3618181813,0.289419779486492
      203979224,-1.226195525141692
     4241785291,-1.139957678058023
     2437863907,-0.695081536850057
     1359378916,0.363619851242124
     2463136232,-1.427163351891452
     1709521385,-1.417800955558968
     2901006827,0.535855634095874
     2333530607,0.304520953896678
     1786010104,-1.158680188807276
     3288160761,-1.332423658970278
     3883276796,0.278167209944148
      669817356,-1.123968744525256
     3263830544,-1.196021447921789
     2657384977,-0.333031890848329
     3585636883,-0.132267934346174
     2131909140,-0.738681685722890
     2667043355,-1.473186863605534
     2404661795,-0.457895877701870
     2846800427,0.180487610217406
     3553172013,-1.455120681790760
     3289564253,-0.501848250923734
     3250715193,-1.307515075551917
     4081252925,-0.198641698896461
      271497799,-0.230180688022306
     3817855562,-1.350993170279600
     2499344973,-1.472806151226586
      957332047,-0.028989163063815
     3397794385,0.151196492661526
     3967015511,-1.285661115785718
      875764320,-1.191777995943438
     2753223268,-1.167728875685681
      771340907,-1.280291736859135
     2449627756,0.742618505880299
     1806793328,0.301014498037199
     3736459894,-1.294172848812102
     1148893818,-1.349838650081290
     2990185083,0.341019764695207
     2046892668,0.364259848186548
     3467385471,-0.241091026961386
     1449008960,-1.034414973917239
     1351482663,0.636641834438854
     2776128130,-0.722774908809599
       40491651,0.093961177781697
     2571655820,-1.378118655978199
     1929247386,1.019786141854907
     1227471515,-1.473186863605534
     1134443164,0.307869530518838
     1882749605,-0.890449718103427
     3033774758,0.575712639764743
      430414510,0.823611796391776
     1319968541,-1.400077373235568
      586021554,-1.080173248608657
     2315229877,-0.311832731527369
     1948625147,0.750899081068494
     4081760952,0.866736436615346
      358260511,-1.087707750003275
       22256316,-0.607566292182278
     1331550909,-1.218102766190020
     2311822017,0.450893152208966
     3590882422,-1.165886471319151
     1204391713,-0.173233206235401
     4018109131,0.178777071341976
     1888672462,-0.755950013184076
     3612859092,-1.154407262569102
     1731795669,-0.337860332482873
     2839780066,0.306384737300082
      866073317,-1.391262022835162
     2907028199,-1.272981698063008
     4265422151,-0.232811666108545
     3729758955,-1.238900607356282
     3384551890,0.350290284950895
      363141879,-1.253179789431387
     3755088636,0.346331479424620
     1520301184,0.855584543158478
     2890521360,-0.519363460972740
     1019198242,-0.916211087195405
       98581287,-1.336411387361331
     1060059945,-0.604728261126817
     1570650922,0.015702714529308
     3749239597,0.462826230976506
     3089701680,-0.629773549610378
      767754035,-0.229235366093490
     2417144969,-0.282921245708458
     3785988920,-0.454999570428664
     4255292219,0.814613125215405
      970193724,-1.122918486333439
     2117811005,-1.396440329355661
     3638917951,-0.985170653577971
       15145794,0.502329897235010
     3649688715,-0.795372091959667
     4022688588,0.313172972331307
     3338779471,1.293394074881830
     3563690834,-1.077027741080454
      625179483,-1.090235771741800
     1847245667,0.538621030999896
     2918734700,0.065222586400559
     4055022445,0.711858438222796
     2867346286,0.903537724170590
     4124490216,0.107538848637376
     3814265525,-0.807140910501516
     2310486505,0.336896663287631
     3369384825,-0.204870044151182
     3082582913,-1.473186863605534
     2331876230,0.513403298856831
     1665702791,-0.047847773781576
     3598203784,-1.027499654374013
     1988500374,0.470747742038000
     4022524826,0.369648237643827
       16030619,-1.463417712240497
     4160281504,-1.086757775668049
     4037139365,0.286754654680637
      764009382,-1.034414973917239
     3221486508,0.709530432411971
     2970154141,-1.222639166649128
     3929193078,-1.348772699535515
      878579529,-0.261169398730784
     1343527868,-0.101842576029105
     4068178877,-1.211801239306120
     1738030014,-0.711066673359905
     4241914816,-0.387292342895656
     1839918322,-0.880651136754000
     1815354318,-0.620807593303919
      105642960,-0.923940897546918
     2622856149,0.638973949891180
     2600873807,-1.099226669942114
     2794118114,-1.317381232824313
     2043248465,1.095273752755318
     1962322428,-1.279402007070434
     3842497516,0.088445982118016
     2148965358,-0.551606327758828
      158940143,0.622151766533576
     2604497909,-0.144214861869957
      268442623,-1.255114954998741
     1109564424,-0.739582759838727
     2079505419,-0.390783573030587
     1510816782,0.405494783819182
     3922295823,-0.767002880676075
     3368393744,-0.616260187632108
     2482302037,0.968322195796863
     2147465338,-1.009045156012899
     3856037277,0.951007683023043
     2974096410,-1.177875375020209
      372857885,-0.806833318994855
      380673055,0.450909120964528
      394984483,-0.121889138252846
     1533582384,-1.011543670658576
     4219345971,0.322889521569958
      183204935,-1.342710862511835
     3971218504,0.299422496810755
     1105067091,-1.209916359866280
       50076758,-1.057820753700851
     1130470487,-0.386651670594533
      173341789,-1.473787181478510
     2941705310,-0.978038890680990
     2398788706,-1.347694432522579
     2257353829,-0.436912481525253
     1989368937,1.015943494252714
       24755307,-1.392263497400520
     4186537070,-0.060834204599308
      250920048,0.148910701479796
      702889076,-1.097785196993637
     4182602942,-0.749879587935612
     2302891199,-0.813908401796424
      881204355,0.192505981519169
      309935240,0.046786252729291
     1974402191,-0.814360965754234
     3958791318,-0.075648082619018
     2561965207,0.791054472809582
     3936615581,0.326445069518177
     2759880560,-0.711501609056174
     3182419120,1.129364216592017
     2401565873,-0.777730021292187
     4291488745,0.047538627207850
     2840263860,-1.064812667102886
     1814088826,-0.770566625746024
      410565817,0.294188860795802
      670366919,-1.154407262569102
     2472254668,0.435755165126874
     2760817870,0.144888102796251
       68991036,-1.423218397353991
      395738321,0.191297002386381
     2375990486,0.484044973093468
     1395580121,0.049351584066185
     2931588314,-0.793754839942167
     1750662364,-0.879836406047553
     1260751404,0.762426396883409
     3970042405,-0.511226733710827
     1120148704,1.212430705399850
     2257001698,-1.340190589195656
     1039301878,1.137741533426670
      886897913,-1.388488513828495
      491535621,0.482728246104199
     2194177287,-0.246010963864037
     3141172489,-1.468767080259396
     2228226605,-0.936473934981924
     3968851216,-1.131202135605349
      227245329,-1.307159061133775
     1556585746,-1.226541329526228
     2614397486,0.690413745420341
     3611704599,-0.826552081867216
      808714118,-0.078227251768736
     1889213735,-1.387530053868332
     2509626664,-1.293625031550801
     2419561692,-1.473186863605534
      651050282,-1.382912460070940
     2701409582,-1.392909211607649
     1211170095,-1.140685650775305
     4158479668,-0.553383690682680
     2255150393,-0.723289433108071
      376003904,0.061586076731488
      787487372,0.935196954643673
     2713115974,-1.424698867852781
     1545878855,-0.488620508952392
     1000660300,0.750811083514237
     1260887373,-0.629288058681410
     3495624015,0.393373955671423
     2173959522,-1.234246779579075
     2280783209,-1.153051318817879
     2105236843,-1.364442436535813
     3299913618,-0.084977745082089
     1570651505,-0.407913271662853
      209313138,-1.081003783327961
     2505014644,-0.751359890003420
     3698515322,1.010398944328982
      164953467,-0.478490934206519
      538404590,-0.440068860658781
     1843297665,-0.747630785080749
     1591762309,-1.041902143968999
     3103078432,-0.813720728895452
     2015690124,-0.888742950466855
     3931028877,-0.757299023670065
     3262332304,0.360594971886157
      354131348,-1.057373288843485
     4046083310,-0.911503791290271
     1108729241,-0.868800480950292
     1295580580,-0.813520429477327
     2963283368,-0.044214767206652
     1618673067,1.155901918244031
     1362372441,-1.430661277351047
     3950779824,-1.435074332032343
     3384843698,-1.280821376233533
      287219131,0.174394832863198
     2583739840,-1.313642960010713
     2610486723,-0.542785043169859
     2330787268,0.730610239702412
     2337250757,-1.333356123436341
     1241464267,-1.042240083438245
     3397828046,-1.201322238146018
      340975058,-0.795398903768408
      799989205,-0.800731791950185
      235994585,0.740583918369745
     3336568290,-0.316470388105196
     3255694526,-0.361557899048146
     1904492019,-0.800789749452856
       65797629,-0.177921121149615
     2966199806,-1.254256631040465
     3281387017,0.821984782845356
     4051443216,0.547216169571031
     3813654034,-1.125274090695164
     2359614999,0.621678930292629
     1542995481,0.640582645822244
     3462888987,0.227760390515961
     2056594679,0.764782505096022
     2441575971,-1.374230926012407
     2037194281,0.171218775545182
     2979749419,0.173967227408899
     1328774706,-1.473186863605534
     1620573756,-1.216283173874757
     1255956033,-1.170671138681695
     2282454601,1.113193258629705
     1746599500,-0.947696742478856
     4241981006,0.819641444389986
     4111670865,-0.784847162674058
      448503396,1.010037551604043
     2145680999,-0.839619503954936
     2903367273,0.066247537783073
     1849286254,-1.319948595376643
     3360521839,-1.442583393733354
     4087340658,-1.244409259358826
     3924696691,1.016202981702850
      583376511,-1.259116617777905
     2184633986,-1.139133585345338
     3272932995,-1.315139021738520
     2094557805,-0.018676264626406
     3511541392,-0.286708889029182
     4168267032,0.741324994255632
      599457430,-0.396039771413926
     1678261911,-1.461477048068024
     2295021210,0.665697844764034
     2397413019,-0.407643253542098
      791486108,-1.379048910604406
     2647432870,-1.407463781160908
     2173427367,0.823260103844964
     4165164713,-0.571654472526888
      873627318,-0.252828586946481
      510492343,0.006641184227898
      153026235,-0.887982596822292
     1188789953,0.638004515789147
     3977731781,-1.012672343101644
     2705112774,-0.022650631462797
     2528212257,-0.198514683766392
     2161078220,0.261635857172932
      148438730,-0.806025965717732
      991469263,0.133586488104850
     3454443216,-0.975523342742414
      206110424,-0.961167844360263
     1623826137,-0.157213758988908
     1175566970,-0.327746982365571
     2716475113,-0.608829431320532
     3763732209,-0.455276211465632
     3477126898,-0.948596349207619
     3276087030,0.154714709178882
     1421057783,-1.122909988918318
     2459865723,0.806260243459588
     3654246152,-0.199033240192033
     2863300363,0.779190881477972
     1191894799,-0.693211292644672
     2867445520,-0.456207968960929
      639244931,-1.035625664004003
     2574704410,-1.251352547323205
     3724459805,-0.795072306223450
     3113393951,0.401216644130400
     3963895585,-0.518096348542091
     1363935017,0.133106639238071
     1729862983,-1.408695942415503
     3275121971,0.127026300373712
     3526450996,-0.383689133875953
     2810986298,0.981416050547620
     1139621696,-0.408511836124476
     1455914817,0.582073824714438
     1651703618,-1.196593478358659
      764501827,-0.997056739777183
     4109639495,-1.286407195909500
      925630280,0.373077563744848
     1283660428,0.662436062569476
     3522961232,-1.018317216982851
     2566176593,-0.491763218643452
     1788977308,-1.008919154209689
     1050025814,0.985982149568681
     2653339480,-0.447205191803466
     2848199995,-1.211963185805087
     3062693740,-0.498420916315456
     3951886190,-1.176871891580693
     1800560616,0.386223137590871
     2359730034,-0.013224145583013
     2539634665,-1.196170795519788
     2884132730,0.170891589392724
     1069350779,-1.425067522891645
     3048705453,-0.362139896896322
      865197954,-0.822312512334053
     3574120325,-0.162056619369714
     1634516870,0.254937487505295
      606248839,0.039232337192345
     2726870921,-1.298676251520360
     2697568142,-1.094152217645034
     1680088979,0.896875097588711
     2982068117,-0.349459428129511
      257654678,0.013762364359600
     2357903260,-1.180950208561715
     3565502365,-0.739751978195006
      713408414,-0.141838174561247
      224853921,-0.053261523157743
      171698843,-0.611380552772795
     3975717091,-1.473186863605534
       52305841,-1.445586626984380
     3851599795,-1.416432639810187
     2988146614,1.346216407168923
      773332920,-1.147762608915343
      729505721,0.224813074606936
     1576640450,-0.947458364710559
     2883264454,1.187991346594074
     3855073226,-1.470266871654272
     1174044620,0.068885417483997
     2135293904,-0.832826439469682
     1836335061,0.805587881437050
     1701158876,-0.952970330836989
     1650802653,0.340504627047626
     3124314078,0.387156833123899
     3740147683,-1.124676404155702
     2438152168,-0.001178972215940
      571367201,0.433329974658084
     2691129325,-1.441775395410243
     1736278008,-1.380545535456781
     4011778046,-0.520272492484383
