idnum,logistic_ensemble_regularization_factor=0.5_internal_random
     3800760322,0.705106355659482
      353755139,0.291909411407600
     2729656324,0.489660030894468
     2830325078,0.390931974213799
     1318838287,0.210603708888563
      946176016,0.273616048986575
      453500945,0.247039103160740
     3191791619,0.279858223668065
      839647252,0.200545832065307
     2511904795,0.218828485180868
     3333611548,0.269346356279881
     3737272353,0.251754740715713
      185188386,0.236669517816413
      573325347,0.581743428653837
     2124324901,0.234852121916712
      197165095,0.889051376726531
     1188814891,0.264211639218749
      982360109,0.284604557422617
     1910931504,0.246734516994746
      966934580,0.429268387577413
     1563967552,0.456841050495460
     3562463301,0.201263385348073
     3795304520,0.251789955409161
      421388363,0.260949821291079
     1053548620,0.208855152518293
      596918352,0.265611777928019
     3317047384,0.341802308326627
     2813616217,0.237802437476805
      892067936,0.241193247446492
     1650581602,0.379424703433632
      595230820,0.238596105738222
      271982693,0.235090211634470
     2847694951,0.920600747227861
     1811882090,0.228338181628170
      377551549,0.593697093983046
     4113883249,0.225363055674006
     4256784501,0.247856128567102
     2713296789,0.370111415371235
     1919869055,0.466118259810549
     3376365700,0.234178034089700
      456062317,0.249686105859937
     1438113939,0.304222334415644
     3993051292,0.749098660683977
     2703515805,0.211631756260924
     1398325407,0.217730881760281
     2587648164,0.340299358881758
      273670311,0.292026011370779
     1003888808,0.211755969929868
     1604305068,0.245720046749431
      686342322,0.276700737109262
      779665589,0.296482222726642
     3893919927,0.233764061840753
     3389104312,0.233015583431566
     1134182585,0.230981872132307
      627261626,0.397841057162304
     1191354555,0.695177275718479
     3524886718,0.278492662694168
     1729274049,0.902987686689374
     2221392069,0.333637693596503
     2389745864,0.247331863392997
     3485769930,0.255614673819971
     2741403852,0.362133411715926
     2746769613,0.317740837685097
     1934541010,0.636244205120175
     3035087059,0.283566630288716
      377725140,0.250416867688628
      207126743,0.267958593253017
     2444411098,0.355632515133054
     2321039579,0.579900568423714
     1908408542,0.283999058775975
     4243587295,0.240309489316328
     3824074979,0.514399484234704
     1135370468,0.276927833645044
     3872112877,0.333358132972304
      945307889,0.714119001027248
     3187415764,0.239462258909093
     2530836730,0.209485570362713
     2476228860,0.263331061373000
      326115587,0.378789836131617
      833462533,0.239819817895043
     1727209735,0.321301352597826
     1162879243,0.200846883425577
     2047435022,0.327833356205714
     2641698861,0.201511765884175
      294084880,0.200194357304383
     3877413140,0.304699711470510
     2554929200,0.255468235161469
     2803204391,0.625402535590709
     2214011194,0.244725938368141
      894198086,0.512539934951404
      705610059,0.262880013263949
     1743118669,0.226676467224008
     1125007695,0.231417738264881
     3385723619,0.761689678510180
     2252398935,0.201916226462986
     3459391835,0.273766837862805
      304669029,0.236055101172738
      390603110,0.273979142531175
     3155247463,0.249132193616546
     3379814765,0.258223681183581
     2654183790,0.280773114154780
     4060651888,0.216584213327236
      788922738,0.442474861884381
     2233672054,0.254602316390467
      537633146,0.298869728844370
     2078874347,0.274623689641544
     3638092168,0.207965835668063
       58196362,0.223125579924105
     1150966509,0.212347057737812
     3796042128,0.304520355818575
     3072508306,0.472071236313727
     3878986134,0.205925652675781
      884695447,0.251718072911561
     2726986138,0.222917122724883
     1247887771,0.219733814115323
     1732641187,0.889337044267836
     1760543142,0.258785812318719
     2428084650,0.351366415719372
      391848367,0.524662642351191
     2284863940,0.626463827585142
     2877448651,0.870138463119027
     2648768974,0.667050698670231
     3103965649,0.205351715948128
     2899255767,0.468553071322611
     2753938852,0.292919640874788
     1373077981,0.279982375232574
     3291931107,0.308987888846209
     2976760295,0.319347275783562
     3937534441,0.535149406900015
     2566373869,0.236478288906474
      153805298,0.229056437938714
     3259998708,0.511149556449432
     2570693374,0.237630748296637
     2638545403,0.701548821727603
     3669713407,0.310445768466204
     3405480451,0.376484703528491
     1470259719,0.261851019736255
      740557322,0.290154391584136
     1571799565,0.205018432932089
     3891479981,0.209025288185279
      986341913,0.342507578460122
      705159706,0.281892650185704
     1081721374,0.242560603377704
     1863241819,0.262914920988143
     2597126692,0.287725106373365
      221667877,0.320410149775959
     1914327446,0.234776896063996
      223183399,0.826768389881608
     3211469352,0.233999447789411
      241197609,0.353298071024299
     1984922154,0.409925740211612
     2576130613,0.252109688841767
     3395469881,0.238883502676368
     3402240151,0.248348384737231
     1663754816,0.201397991475934
     1271890500,0.228034991216665
     1343382088,0.648170871909816
     3033178703,0.219932116434323
      292889168,0.210803361452777
      666796625,0.252122663793928
     3016565331,0.251581568623485
     2052186708,0.381307937595022
     1490195897,0.252209000674752
     4169212504,0.304909134695047
      417350235,0.332343968814099
     1728774750,0.219049460349396
      311411296,0.210919480378701
     1287709284,0.259487158329807
     4235797096,0.209526863223927
      675529322,0.259985836528983
     1059373679,0.956644026840258
     4062413426,0.200235792394606
     1409090165,0.248579877965649
     4113760888,0.277707119000464
      369566332,0.626135547719956
     2875887722,0.226036273493637
     4098630272,0.258641769716277
     4028572289,0.248700302730865
     1352336002,0.388623840103873
      906519175,0.475021839735987
      304628365,0.399742013970784
       10216085,0.350473613121476
     1988797078,0.298936440931672
     2873991845,0.874737147595467
      437625510,0.205061761829156
     2165359274,0.236669684320347
       73499309,0.642109918867868
      453935793,0.233940270617342
      952656562,0.274530876813926
     4205724340,0.430738140801851
     2069758649,0.298446950918883
     2741191355,0.497905906888738
     3283878590,0.672277800214742
     3142525631,0.233042633698954
      523649730,0.290759448823113
     4123853512,0.205730814961519
     1685709517,0.255936034789442
     1258242766,0.246044198314330
     1070883551,0.246301758356082
     1791967981,0.331008188916077
     3400393458,0.265019137994863
     4201267955,0.246995479644869
     2118558452,0.605386777320919
     1015923445,0.236347620874184
      949631785,0.268784182173916
     3668738810,0.233141724179281
     1073349371,0.241143821376080
     2505499390,0.343028038355101
     4166579669,0.208991934910267
     3559965440,0.265299241835558
      897123075,0.239465590812699
     2681979655,0.232186709948957
     1441981193,0.828054124928428
     4106216208,0.271998205497856
     3462333912,0.212226027544602
      638078708,0.384882090279194
     2974147351,0.401795285466042
     2914370328,0.345499654680237
     1892746009,0.254562090512438
     3677799199,0.698681939006495
     1169204003,0.625517757011897
     1936007973,0.225493208007114
      806708007,0.230899568695258
     1608631094,0.372186924141129
     1696105276,0.233879937957035
     2249868093,0.257736286410061
     2222695232,0.257842624678617
     2573599555,0.280728763558712
     1429955396,0.236877084910094
     2720654149,0.262287322097622
     2580513606,0.302318454862388
      690398023,0.259990462979099
      659227466,0.219848800882158
     2955338574,0.270146906094780
     3011535696,0.367643349170424
     1160487773,0.677077799503769
      744663868,0.273204799807792
     2922939247,0.364563498606316
     1433748338,0.200732881046390
     2961039507,0.211059966679854
     3111535476,0.404951846355903
       32088949,0.201870203320860
     1426896361,0.262427496825061
      433057940,0.297191607075391
     3194807165,0.200278134293849
     1019339646,0.747511682194657
     1647534975,0.288895843130396
      858350469,0.269122659506133
     2629267607,0.792025392673192
     1027169090,0.203822676556413
     1849353105,0.270000733908372
      286638994,0.355041083094840
     2989687710,0.321031539515820
     1496245153,0.718876686740271
     2666668962,0.237042336281407
     1649050534,0.903617278668985
     4086546480,0.258862359960228
     2431878056,0.235913312779945
     1054392476,0.227756257664037
     3983721386,0.265142779449235
     3547186101,0.210513983686802
     1271940024,0.246110619212182
     2976252859,0.369060908538134
     3947971520,0.277120408741885
     3630015435,0.231871780858355
     2771690453,0.207102215616668
     3713369050,0.920823307542841
      672097245,0.781163177806317
     1828045801,0.606162258800134
     1945779026,0.257336912972260
     2213987327,0.243352135632433
     1292968960,0.291669159069113
     4157858823,0.205486511504886
      519627787,0.292467097988049
     1844839439,0.279419993492796
     4284400659,0.297486826153206
     2236015636,0.201677185219451
      483353625,0.239510505467084
     3308774428,0.725135264982986
     1376461855,0.315629338920657
      537584677,0.285830495886030
     3008103465,0.248373335413205
     3834668077,0.220658554327170
      446301236,0.400461910888762
      941974584,0.329411372606918
     1939563579,0.219092947677383
     1289569344,0.210762612450586
     4180902980,0.226333416682170
     3227673675,0.279404852344816
     1158259789,0.799550527899081
      317244499,0.237997984165824
      454796374,0.461910202780515
     2202215511,0.584410354212088
     2596816399,0.262945831436169
     3106997341,0.286186913890824
      733611111,0.428805688954892
     1067025519,0.688551816073910
     4294673526,0.227559194772197
     4185400452,0.199980189563889
     1617239679,0.666359896957627
     3374695568,0.249945903904135
     1206240403,0.254875350238611
     3201827993,0.229028329470887
     3232900250,0.281966799144920
     1428432027,0.803792834767284
     2711708833,0.316158328190434
      920454310,0.923990945896357
      571753639,0.250724677770560
     1126746995,0.216287850434172
     1667204277,0.249391621006829
      313550011,0.273004176107533
      646497471,0.232435787931655
     1315759297,0.375071563784458
     2464793805,0.236500747885159
     1308222670,0.220213397676992
     1588069587,0.479350338996601
     3661513945,0.261207317914394
       32228579,0.216695446127226
     3753092331,0.867178290771063
     1938523372,0.438637748056915
     2436539631,0.551450215093267
     1541915895,0.523601154769411
     3465635069,0.229649108785201
      662078719,0.241154542179868
     1569137927,0.301737836922030
     1092740361,0.743141853784294
     1959060749,0.268190726065022
      526099734,0.267942119882335
     1805632795,0.259625445975198
     2728165595,0.283513725860310
     2880521510,0.240639837070867
     2794472743,0.754558085868232
     3355780392,0.234746043828502
      363750706,0.253941815119785
     1938466099,0.246654958613615
     2094727390,0.233355961449904
     3575465272,0.377800732983911
      273895788,0.400179825516053
     1469015365,0.225796945799557
     1617683788,0.706747219843271
     2958140749,0.318230831395205
     1897915727,0.244455282846004
     1939383633,0.228024387671344
     2697307475,0.237297261310032
     1368417620,0.258018350113294
     1803011641,0.286391102944436
     2568684888,0.227067174573146
     1154467164,0.447256894322607
     3971409246,0.250793527122802
     3764143455,0.261541569837704
     1731183970,0.312797163831293
     3410019693,0.544686117057109
     2200094066,0.273574841961715
     1236739443,0.751004573072859
      835233154,0.258075109943148
     1629496711,0.265088049112873
     2325005705,0.494440122512186
     1799652746,0.259308327467149
     3211797899,0.915960994243086
     3082794562,0.244045311789638
      138167699,0.233479308319078
     1489954197,0.231546011620777
     1476494742,0.253108944873222
     1142482327,0.266934030062532
     2037712283,0.227873311723935
     4072318365,0.231746268647667
     3115345311,0.214482931607925
     1460618660,0.711544017691689
     1297860013,0.276058827975203
      272904435,0.254626138273992
      635291084,0.243053203892908
     1800046030,0.207892033087730
      558360016,0.368075708075564
     2459084241,0.512959427310132
     3968607702,0.221017652783568
     2083562968,0.260351816385208
      953476577,0.298217532739018
      897680871,0.249162373422576
     1763665395,0.281843998494236
     2126898676,0.228031968468820
     3647849976,0.212641064172150
     4021978617,0.232217102408681
     2058618366,0.519146947406840
      662488577,0.337385113505425
     3080914437,0.206241639800279
     3734898185,0.312342544216261
      913548811,0.207574206503859
     4266337807,0.564702472802905
      853501460,0.256076240957010
      805750294,0.230308091196113
     3027027480,0.325304617218566
      435725854,0.367770483732037
     2100676127,0.226859080872471
     3802498599,0.311713488606601
     3007915564,0.212675547272702
     1234429485,0.284660823198111
      535884040,0.784803751688714
     2161788471,0.264582931583472
     2511439416,0.298170794199586
     1698022969,0.241726221434848
     4086146619,0.320872010084552
      842294845,0.318767449643396
     4168803909,0.216547434810367
     1994379532,0.551336211543712
     3302123087,0.602051490589536
       10454613,0.367526199786282
     3393062486,0.243231229588081
     3799115353,0.281028654925740
     3531949659,0.200208364614495
     2840495709,0.373503616610192
     1122002527,0.241890109358974
     2800633460,0.873356509304692
      396691063,0.266954587210497
     1615472252,0.205934226772226
     2444273279,0.252746492208895
     1872873092,0.305347823575465
     3535808133,0.213006773562173
     2440177287,0.250922986353412
      432072329,0.217622209822918
      449480333,0.211416311583343
     2484930196,0.254198073460238
        3666201,0.271518456156285
       12830381,0.282552954967184
      512681658,0.224920361108631
     2549458627,0.255816982426300
     2602469060,0.346124987637735
      955357542,0.361436189240432
     3120219847,0.201785799005035
     4282705615,0.370591194552899
     2077591249,0.278573127859049
      339741137,0.205610615716060
     2626951163,0.297242282239114
     3723120933,0.267524846047502
      534554350,0.217976233786024
     3183331061,0.287491319436772
      801151677,0.703142844911893
       54322946,0.302981243281878
     3614328581,0.230043313070373
     2623170318,0.309648244230788
     1308763924,0.246982678232544
     2536572694,0.200896146958352
     3372730136,0.434789241996168
     2548852512,0.297996500768592
     1813563172,0.929416626054162
     1464133416,0.250905466750528
     3378226997,0.404689279078446
     4239607614,0.329536202811173
     1143826247,0.227041212021279
     3776816971,0.608642699889288
     2423061474,0.246433978495681
      512280408,0.240729624666957
     1043089241,0.295043688581357
     3775596378,0.273198654077287
     3665520476,0.280579872045174
     3474933600,0.213026754724851
     4031072098,0.278458268614866
      444450661,0.301564473760446
      849774440,0.239896770878479
     1433962346,0.377388397477276
     1952794477,0.277369487132568
     2995955573,0.268861719033702
     1704225769,0.200834114576124
     2470291321,0.553039781346927
     3565143937,0.323491976782815
      552560514,0.219865612207635
     2815600518,0.228277809123293
     4290324359,0.231349348358480
     2880883692,0.349052982584220
      472389271,0.207964472060739
      284764044,0.827187019106942
     3582994324,0.205668505292064
     2626771950,0.614723369936782
     3688818588,0.573205801592245
     1759545245,0.252229087199262
     4072204192,0.201356405553506
     3409389475,0.221546493871632
     2691467177,0.397484348842346
      730261418,0.743247985174569
     3902744498,0.268448295839473
     3375097779,0.354318866874309
       54159288,0.249868103994452
     3593717691,0.945736007908007
     2302737397,0.234932404411662
     3393409355,0.248131661756589
     1072588745,0.379834891428746
      865208268,0.678787868505232
     2184102221,0.322455983305243
     4266641366,0.206922120411400
     2923874264,0.232172703627879
     3872409566,0.429778832206474
       14444511,0.199207511783372
     1813981160,0.220243337667673
     2119559147,0.269337610656125
     3165702128,0.277169443291780
     1394616307,0.301060086235491
     2930903030,0.215002982432400
     3797428218,0.258968363994743
      391486463,0.264550924964188
     3717400577,0.469741132012058
     3536439299,0.884096392669144
     1426753545,0.263374023307593
     1919813642,0.252022189019732
      598886413,0.264032471464518
     2523490319,0.273795069744532
      104974358,0.426977237237030
     2680932378,0.204467124053361
     3821144119,0.389759831644491
     3657566264,0.210478773207951
     3942852667,0.415944395147248
      215066694,0.911326303952124
     3171109900,0.228888625792820
      185988792,0.689338502043108
      888719444,0.473184986901763
     3661016430,0.382378486721562
     3698378842,0.505292211522945
     1485326427,0.274982471937327
     4060702813,0.264413138623084
      722061407,0.586579180438431
     3024685155,0.239055545609240
     3530762340,0.317493124580311
     3716821350,0.236618995937075
     1778878570,0.450779088641094
     2934818931,0.531226892587022
     3277588603,0.367410551005788
     1272088704,0.310562839283753
      119572611,0.241219000710840
      315926660,0.294912755793165
     2581653639,0.397238923388030
     3799238793,0.874774865742361
      786253963,0.860512865998342
     1143785614,0.256875704852149
     2067851411,0.212884989996455
     2402835482,0.300389081341953
     2344855714,0.383793081628343
     2032634024,0.219127274489373
     3504388530,0.302824186986441
     1406576822,0.211074197314099
     2790394039,0.293951544769332
     3213093054,0.287448795124536
      283691199,0.314611564363151
      994404544,0.286082243698614
       14813380,0.366214890866812
     2711246540,0.211730321752957
      177470199,0.254087251425271
      724060372,0.200138680523197
     1323002069,0.238831670278774
      146589912,0.272574767914389
      892250330,0.454508527546668
      550209759,0.245486940682436
     2734393568,0.414379837605461
     2031331565,0.390694239656784
     3237611768,0.229829510583599
     2729109755,0.792751575431686
      561490172,0.339357650905310
      710658324,0.649700356534090
      362989846,0.629637729895684
     2556455193,0.243251768773058
     1867671834,0.200795773321693
     3609626909,0.431897918794835
     3781830943,0.215567894681267
      465324329,0.327320972251670
     2973804842,0.851149724835618
     3022424368,0.218135901963453
      121407795,0.284218679408525
     2932574516,0.738559756962643
      784951605,0.272683637240675
     3579980088,0.310340055804253
     3384019258,0.217559470040347
     1624413919,0.234047883819484
     2881947964,0.207027697371835
     1635494206,0.474274355395001
     1679182144,0.206712136227032
     2828519747,0.248219176033672
     2902034762,0.268514498012874
     1438673227,0.236796579158575
     4218906960,0.220742963951308
     2082318676,0.241372345343100
      710502743,0.246076989942194
      376809818,0.220817132242353
      543017310,0.232465389553384
      699418984,0.268326311518053
     4010740074,0.724105096542399
      485509484,0.272057580616949
      793872755,0.229779135012231
     2659576180,0.416231969003225
      125806967,0.374400864928536
     1293221082,0.275731839090198
      562694526,0.230519031991407
      227821952,0.294280857484732
     1774100886,0.306464235204456
     4188449159,0.273318284417014
     3712313737,0.248053215140107
      128166283,0.628481897581549
     1581525388,0.312856012046920
     2406443405,0.230762110104807
     2430035694,0.236484927640826
     3661605270,0.233890057675412
      671066522,0.220202855462184
      366201244,0.516643406284431
     4108421541,0.263785449500660
      863701417,0.258357885089244
     1941146030,0.227010629235134
     1581997128,0.259400523979377
     4113836467,0.313251237758479
     2659667017,0.230630681352637
     1574094581,0.744508302357933
     2292255175,0.242084598435477
     3688663497,0.214108513022119
     1724574161,0.591275838635631
       41839058,0.268037927457734
     1945078227,0.242368437774716
      551700951,0.350435093305177
     2140367323,0.333279685468715
     3855157726,0.240306713787249
     2536016354,0.563381816953601
      822921699,0.255570264293526
     3981625830,0.278873284999494
     1644022252,0.266413125167886
     1967294964,0.297281016507005
      907995638,0.708314004329794
     3771247314,0.234992792482779
     1619470841,0.315210295808127
      910289404,0.268271026929536
      298740821,0.560345835447485
     1480362498,0.266499489161490
      174795272,0.274261251525652
     2367269385,0.338838113819052
     3204377106,0.223962979900076
     2129357338,0.208246227817214
     3421776413,0.211055691095696
     2116913700,0.259038842787609
      871664165,0.257557724958263
      495856172,0.217451094164224
      900909613,0.682093705630558
      277219886,0.862690070809714
      139594293,0.577769998442617
     1480124983,0.288488452794721
     1905125954,0.275165344562166
     3671812676,0.815608466113842
     3897887302,0.238671811904835
     1701030471,0.207256053715571
     1605741128,0.608697183726150
      871524956,0.378418316566039
      262695517,0.213549230020746
      775948897,0.230803851510048
     3589671529,0.294610985394335
     4152535659,0.244786918635315
     1094199917,0.211623754034454
     3500518001,0.236883978740408
      506466751,0.199532886259372
     2176248451,0.250618945605974
       57895567,0.532388987727351
     3907627668,0.386752131610671
     1068804761,0.449536243593347
     2803952283,0.248668886424516
     3582446236,0.200133506769246
     1472531102,0.454948615439976
        3762856,0.481477231932104
     3554809628,0.428431484545443
     3251055280,0.234649666886821
      710347441,0.537195939567265
     2717665971,0.620742248759930
     4112337591,0.237458196160104
      851544763,0.293172296787979
     1629162174,0.236201553199608
     4272745155,0.240920101349445
     2183219908,0.585347435200656
     3976252102,0.212052714911688
     1572162249,0.307574094902314
      608275154,0.360979465224009
      689908435,0.682597090378398
     3760893049,0.523663304134772
      831744733,0.536323212524573
      913926878,0.207517165352856
      401894115,0.264580766807754
     3706702972,0.314046434792789
     3952937710,0.283688070767952
      770288372,0.447461744921155
      155749111,0.257339948927761
     2104760106,0.288142798879579
       71240446,0.246172927665674
     2660068095,0.756009012243844
     3704515339,0.229256340352388
     2036861708,0.535223515509607
     3409201936,0.204739225077424
     3746597652,0.212068497641415
     1135405846,0.385146792195157
     2917649183,0.791625586549989
     3888565025,0.555592284228811
     2850515750,0.434770078327534
      584723240,0.245446162795684
      199543593,0.324029605001906
     2147815901,0.201864178559758
     1192790833,0.201682432676484
      894405427,0.236294928605875
     1425926964,0.826296869647946
      922536762,0.215054317816432
      193628988,0.227231765191247
     1309797181,0.378843732891213
      405179198,0.275777301859444
     1831422783,0.209647085988226
     2431150913,0.387703529446326
      233278274,0.229253523991987
      189960673,0.201684257676719
      128699208,0.236979419410138
     2056899406,0.453716183942259
     1608510287,0.669653013975755
     4277267286,0.206938912187969
     2374896473,0.249539898899543
     1885207695,0.282667766513631
     1898064737,0.237667370834495
     3421047650,0.260848930411713
      438504297,0.212311348188336
       38529900,0.263544341449172
      412396401,0.305968800622743
     3241708403,0.272522622405471
     3544271743,0.277376964799627
     4134914945,0.231728756709911
       15666050,0.278248917962690
     1866476419,0.256416891547225
      470264709,0.330830945788714
     3504622477,0.226434132003095
     2416569231,0.200114060834222
     2304674709,0.292736632087649
     3867257754,0.656830782608268
     2081278875,0.210691273016209
      131722143,0.201426148504856
     2646150048,0.689756523740108
      597789611,0.201019508592728
     3596815284,0.244035920846826
     3759631297,0.631610398197760
     4083223490,0.237819483660697
      635537227,0.235937821819562
     1437936582,0.226619967832617
     3839658957,0.623230879731743
      922490701,0.278160415206017
      151276515,0.560659361542834
     4173835236,0.370097534888738
      435866601,0.227519048203675
     2906852332,0.269832985176754
      941501424,0.208918571679096
     4034210806,0.217920518701376
     3785534455,0.852793186801763
     3905473528,0.231873158407395
     1214999547,0.201862087833950
     3314961405,0.199890544309940
     2168327170,0.340841435882560
      812100611,0.721270089654810
     3298692104,0.501024656069998
      446540812,0.281029186878787
     3421907983,0.289224630430387
     2074416984,0.333294945135335
     1466372611,0.547451490078864
      812198935,0.404888301119787
     1547700058,0.310769371321252
      892800032,0.297438241850919
     1859578915,0.211527904282674
     3276610737,0.240332983267234
     1464842076,0.341689298033281
     1732070447,0.439837651371091
      422128692,0.536747238913415
      136563772,0.893515028650194
      214707270,0.317720544504731
     3724069959,0.315330842669579
      964193353,0.240180556332935
      225113954,0.445072727758690
      724896846,0.249487898096587
       27472397,0.616824117352456
     2132896853,0.212227673873022
      186731606,0.216782694120225
     3139345593,0.234706250888859
     4113091686,0.274224284187984
      890483217,0.255616413353817
     1281133672,0.236400211835642
     1916316778,0.274643151594289
     3866823789,0.212226790819631
      637979759,0.289702552839778
     1547750521,0.535124846981539
     4221947002,0.281808381607500
      657779836,0.375482906492301
     1309641855,0.748315136315081
     1543539840,0.261205908898273
       57560196,0.223093109799080
     2315750533,0.530384777585338
      315616399,0.657467228887642
     1237707923,0.232176634730522
      546335892,0.236095430143210
     2667998362,0.230743544445626
     2619206821,0.265251255364460
     2886823078,0.368888137461559
     1808840561,0.247899396739070
     4289817784,0.330357707306891
     4067798202,0.250487409834864
      676539582,0.216657997467966
      158222197,0.322530333408602
     3189394625,0.365905849474847
     2490846405,0.212061882314127
     4207217864,0.569908020071188
      619728073,0.331153508828095
     3415207115,0.252068364116897
     2792025292,0.651277414895626
     2746559694,0.589259300442292
     1234980050,0.223282791798193
     1197239508,0.467926634625806
     4166159578,0.255714429264286
     1087081695,0.231470687177112
     1501711584,0.249831447705555
     1956637930,0.283713297262869
     3450391790,0.947567100287395
      326528240,0.200445745699916
     1806167282,0.250900082929392
     1270320376,0.727646023781693
     2680032505,0.371602112006604
     1575709954,0.588995166046366
     2510011606,0.370946833373441
     1984441612,0.243154241829378
       81603853,0.293521816766618
     1198722318,0.851816228908905
     2845256258,0.281926034175678
     1400704277,0.261773860130548
     4057451798,0.464797590578014
     1084009755,0.312077909704495
     1612639517,0.557305061347260
     3119066405,0.247241504526349
     1129975088,0.216306486633364
      218664243,0.314113927572834
     1627884852,0.212090784658814
     4203793720,0.583878880245510
     2948992316,0.269478100183158
     3646262592,0.399334337375044
      340897089,0.332206363186804
      963325255,0.606682604313464
     3003100489,0.596223649418770
     1736035661,0.377081147298005
     3819482455,0.516023037803092
     3509464412,0.211172094916750
     3729493345,0.504064118296510
     1808911717,0.683724503978578
     4136856940,0.267683858750908
     3306630510,0.293621004043806
      876080497,0.209369572004437
     3045444979,0.248310403332471
     3877088629,0.714842846439651
     4112346491,0.303776956882964
     2275192200,0.199974356901771
     3115961744,0.209882533636412
     1121602963,0.216833846833934
      554233248,0.306810064143608
     3111587242,0.376391100651615
     2801913261,0.325916647063452
     2292977070,0.297333626824465
       95774621,0.671723917468801
     4023700917,0.237434927707016
     1294380470,0.255316012466147
     2861403575,0.273222045697013
      714436037,0.628794860007718
     1963837347,0.253534303221570
       52301276,0.261242234763508
     3370348001,0.248892438141369
      521080290,0.243589259832517
      157732323,0.448184670865696
     1092218350,0.205726132922430
     2427375089,0.305094439820850
     2573356539,0.311470076378498
      438541117,0.275772457135143
     2317192710,0.242657647544233
     2467114242,0.293008592061704
     3432402448,0.206183286532660
     2612645396,0.264347672153373
     1666158101,0.211937190962736
     1128051289,0.266657099289664
     3023048216,0.241124670195700
     3574722077,0.746947251222216
       42935543,0.401750029971394
      433974817,0.272024573375547
     3187461675,0.227796795961677
     2567114284,0.268896579930766
     3165597234,0.237216003592967
     1591840307,0.248367335675828
     4294270217,0.275158095837708
       61279800,0.266958693565812
     3316633147,0.234398088129203
     4027829823,0.203807738649271
     2937826883,0.229104523441056
     3746065989,0.264240702653291
     2434666055,0.206049738195311
      124726856,0.339386801261264
      441200201,0.235458395570248
     1484713229,0.687812921313751
     1615064656,0.295098482884270
     3111947859,0.230484811730466
       80662100,0.251726627351836
      182988375,0.260539250973048
     1341727332,0.250234218179525
     2110109626,0.245280475998264
     1174163042,0.220171747132544
     3160174180,0.555145097293539
     3273059941,0.696685740398899
     1939639911,0.301993480486883
     3061108330,0.862059756622265
      534703725,0.309532357149266
      390794866,0.472464731077176
     1566551667,0.564365421159294
      117821048,0.268405117104232
     3788000892,0.695885777922058
     4167003777,0.237794867005934
     3781652098,0.341389295765416
     2503822984,0.452366039024837
      267021979,0.211524486844567
     1787417200,0.210657837717555
       46861991,0.351697766541065
     2308848817,0.222105933414715
      372616876,0.252452564073099
     1634043849,0.370246379522505
     2777108152,0.207083030984536
     1094151866,0.211342056164079
     2952851131,0.238677778396374
     4116467389,0.694941319441151
     2554299873,0.547637443362974
     1015049924,0.233715781227657
      568225478,0.220520997588796
        1257163,0.222466058697864
     3766718161,0.416397113674889
     1131998935,0.311559353205166
     3779145439,0.266094426439548
      158502627,0.278573467346357
     1257934569,0.242115170729028
     3527479018,0.250299038054878
     4253662503,0.235914557863102
     1742016237,0.356845310357019
     2835645053,0.207889414575492
     1270771444,0.337622586128049
     1285533434,0.303570779035136
     3594702588,0.488164973610955
      569716486,0.348069385235940
     3493744392,0.298986681696935
     1118646028,0.259849366597705
     1755041549,0.211791315324950
     3811110673,0.214620182211018
     3559935768,0.927664265051774
     1856163611,0.230277945605862
      470564430,0.285282246978403
     2494672673,0.901487596177299
     3280760610,0.277852616996106
     2871398184,0.463818636997612
     2059693868,0.207909646752021
     2002825005,0.264915353654872
     1821355823,0.205475655550365
     2754340045,0.472446219831592
     1563422519,0.207934198761655
     4184403768,0.218713343311318
     2891705652,0.264761391550638
     1947537211,0.241034171457354
     2326703934,0.200186365386112
     4131991365,0.646333060049081
     1520840518,0.915871271809904
     1466478409,0.326225055452493
     1088122699,0.298662834134071
     1625018191,0.217009086467849
     3360501585,0.304518288937584
      977096533,0.534312964798372
      891039579,0.289253659728439
     2575724380,0.435997540150044
     2424926057,0.305270167747568
     3913175832,0.254503111105415
     1306963824,0.952054154570131
      333893490,0.257526226005629
     2842627955,0.880103419485955
     2790084474,0.314158132214344
     3598651262,0.208026579867706
     3701772160,0.260987746105472
     2219446146,0.520431040055037
      872843243,0.684206003680112
     1111143713,0.425695374903041
     3528822674,0.355782119401085
      386305939,0.370294446295320
     3936325532,0.209816582345801
     1404981150,0.739250845244945
     1193187313,0.375908070479771
       20688811,0.233324906689218
     2853515181,0.290522743992176
     3113996209,0.215517279077027
     1660064414,0.326754102932465
     1890627511,0.203941436580226
     2260168632,0.235981640608259
     1434742717,0.844123332607527
     3640913861,0.656211862805518
     1497722098,0.205880104703015
     1845333964,0.259721243550374
      225832912,0.350425233720626
       73166801,0.675673834957118
      797700051,0.285965415280879
     3357044693,0.250758318582170
      888716623,0.377411897407723
     2629504988,0.234645806672912
     2833321952,0.245622930604477
     1710721019,0.701058418628018
     3111604202,0.334568874404803
     2572185579,0.221368032359642
     2221617133,0.321936958861333
     1065373685,0.245404982101079
     2359283704,0.231078783674144
     1002508282,0.233924961797266
     2144358400,0.499956248143800
     4059254786,0.230171636562287
     2151395332,0.493173236892298
     1771663369,0.360387249286609
     1644675757,0.240059101344549
     2880106515,0.491917011854322
     3645190166,0.236262640986265
     2797146136,0.324630110021337
     1003261977,0.233379968742826
     4010594330,0.313134538375276
      599339043,0.336281991949262
      419508265,0.262251877544434
     2960835250,0.405670280248840
     3216420911,0.457901792986579
      785199153,0.293814479822388
     3114435252,0.210266135227665
     1968173115,0.237338027828955
      368218175,0.211325378105504
      570683458,0.252324190013886
     1182511172,0.482153799749887
     2836033610,0.290092400447405
     3658068043,0.226012413210313
     1667321933,0.633650039476370
     1891242075,0.231745210130379
      513757280,0.236701603173315
     1141059689,0.223761280944356
     4061130858,0.225797382883863
     3817222253,0.256765089129323
     4210077806,0.263824522300811
      801247343,0.564186228206164
     1404883058,0.273866627326055
     2602663273,0.373275888162567
     1048768634,0.231515118496668
     2657046652,0.299812039623669
     3864252545,0.366946489386087
     2237673603,0.890299264758314
     2421854341,0.452598852673231
      136507530,0.569106798055166
      924930627,0.256965658241091
      651522193,0.637226215530246
     2166853780,0.328354404145441
     2702725269,0.211291459800846
     4151390359,0.238070483866790
     2986135709,0.869214389525607
     1758154911,0.904833007248656
     2516537511,0.306686170800758
     3086430378,0.403098289803689
     1435692403,0.233190333793892
     3685699764,0.220561080849323
     2678173878,0.349054546523883
     2225983673,0.230432501262053
     1639616705,0.233191831013661
     2313941188,0.218992513788290
     2584465614,0.725046095901132
     1085755604,0.245357742835887
     2336269006,0.204675325251317
     1392865495,0.243889626800564
      204878041,0.224400512890263
     2208863950,0.495246013263978
      411234533,0.280988448136103
     3142389990,0.248819158358186
     2562715879,0.333866711776618
     1832407275,0.295575133146541
       51712238,0.231206643886830
     3871650035,0.440891693111193
     2483400949,0.483177485280637
       60575993,0.232882378825407
     2130260220,0.812174870478400
     3350425853,0.621582434797866
     2476863742,0.349398448732668
     1659875587,0.252252651648248
     3855200517,0.907157636564756
     1547096328,0.320222620413171
     2777682188,0.200985235294156
      742314262,0.244017773427169
      798781721,0.236460194629510
     2888331548,0.309575063892482
     4292202783,0.219791681633230
     2007396645,0.318388229383007
      326324523,0.200660171093091
     1881395523,0.234022271955883
     1117376840,0.294764885912444
     3651252553,0.220680862310871
     3995873611,0.245437657864537
     4240494925,0.253698895617847
     2956833103,0.246410671302873
     1540526416,0.214262097201325
     1310118228,0.238829800385291
       18403675,0.457093263800332
     3357978977,0.249997730208432
       48025958,0.254135009023365
     1330295145,0.281735128930037
     3185160556,0.808426855831833
     1735913840,0.236025010353620
     2328408434,0.245516260902262
     2424140147,0.405044695220917
      604664181,0.299649269599672
     1622684023,0.264182847059812
     4134559124,0.231870105792829
     1571344767,0.245443417755818
     1945629056,0.254438986938412
     2355196302,0.240452427211099
     2244055444,0.577736344533247
      502436245,0.413586132647293
     1502884246,0.247361384464413
     3126899100,0.201546662853591
     3530199455,0.229952803052074
     2656756466,0.211074927421436
     4075598256,0.272071297043493
     3791221174,0.691366549970631
     3342668217,0.674885811762116
      519926207,0.218744506756406
     2989142466,0.346269888987323
     3548320198,0.250400974589794
     1564103114,0.421475058747493
     2135077325,0.413470409018685
      474837456,0.247510684423180
     1093013972,0.223115055153676
     3503854040,0.214093176971114
     3165442525,0.575958157429083
     2289595681,0.225603571741824
     1256182240,0.218368604157204
     1905316321,0.263771509655724
       87519714,0.328406783932593
     1686114793,0.201031482013562
     3822293485,0.297230450328954
     3408679406,0.853026421985835
     2990330352,0.882548484213689
     3120738802,0.333960380089363
     2122168404,0.888273700999815
     3520115198,0.569215467819622
     4113224195,0.227977980668538
     2837329513,0.325404859453768
     2350354953,0.276592081795262
     2571596299,0.227332933304720
     1198436877,0.262258922108472
      473862671,0.277406359701242
     1672737297,0.279291560428919
     3980784151,0.675086240292324
     3613018202,0.214658866944893
      697963049,0.212462072726981
      280945415,0.200850175502558
      476525107,0.242329179639110
     1443332873,0.544897069831360
     4168364602,0.219511887322070
     2441351741,0.809160209735173
      819589694,0.318787029049926
     2476257859,0.284148390566947
     2640457142,0.367885026615794
     3536450118,0.239992979296644
      606532167,0.390478741166600
      906285644,0.213043602244636
      336466512,0.225472389419601
     1352815192,0.255280687468064
     3814961753,0.463569166989824
     2478674523,0.238155383892190
     2007282268,0.358977566189713
     2584023645,0.513905408233327
      237580894,0.296906415036402
     1269019240,0.366453931040777
       28562031,0.262962136941091
     2931069552,0.225102510151394
     2379077800,0.201738938760549
     1444024960,0.360995280942219
      936596102,0.255766395043349
      586519180,0.231001722344604
     1301975697,0.437324080325256
     1730433688,0.615230852548443
     2970555038,0.238170770895303
     3498168993,0.541586545931118
     2911457959,0.570255660659492
     2402292397,0.201472991045015
     1438274224,0.363108646327710
     1777947317,0.645596470413784
     2084278972,0.834896383597819
     1421005503,0.310125293088955
     1494217410,0.783777043376182
      565949124,0.247037030051108
      175198917,0.271233936121435
      583611083,0.919921884602011
     3384578765,0.670976951213967
     1782723279,0.275600592923551
     2097738457,0.199769405368447
     2389824220,0.260679293090437
     3222165626,0.284568481179385
     2592420575,0.325404309444334
     1239435542,0.207333407332344
     3518264036,0.432235551744538
     2382885606,0.233115565638607
     1022186216,0.233717822205025
     2053690102,0.257001254140746
     2249691904,0.211363255973009
     3469480706,0.300858641487549
     3021493001,0.213129442358775
     1991938829,0.219980948891972
     3229520661,0.572677082860028
     2101334808,0.726090871468624
     3217699612,0.334849421226229
      849261353,0.260273244751747
     1292038956,0.541121341677605
       13579059,0.296774888994419
     1078121284,0.211989000975233
     1937757001,0.209301560684636
     1091227106,0.523316578814621
      753881937,0.267325383943613
      944763734,0.346349161288434
     2388218712,0.379330588481791
      892212061,0.362516514579390
     3296187235,0.275390781032855
     3507802980,0.292249823381874
     1602499431,0.403024789551950
     2056270699,0.323651777254155
     3042571116,0.292593971872735
     3374379886,0.231066306067169
      591328112,0.682400407815280
     2915136374,0.782613018942426
     2790757250,0.272312763992582
       39662473,0.219459222054934
      544502666,0.247110026562564
     1496134540,0.237554198241095
      571839380,0.760200675879442
     2996056988,0.296292754425671
     3896652702,0.208200395758199
     3542741923,0.272761793434757
      860074920,0.208235071896347
     1561932719,0.200416835411067
     3095622577,0.539417987134479
     3227046837,0.239586665940941
     2251035578,0.243542713371820
     4062335936,0.261855481445954
     2522682305,0.540297753735866
     1705530308,0.264998927624419
     3696571334,0.598386231719317
     3501863883,0.276049894364938
      511906768,0.393919274427315
     4206736337,0.282543860078379
     3969135570,0.216937473227185
     1240241112,0.326814748741862
     4051833820,0.240875881908372
     2006040353,0.219769369954426
     2687480803,0.423587754328432
     1732637669,0.225309658382492
     3558003689,0.212838804969128
      135869424,0.224369564493834
      197093544,0.230961051774310
     1333195762,0.371316720836878
      322589684,0.470413616806565
     1037939704,0.280388035715188
     1912189950,0.258778823280895
     4116632580,0.286792053524660
     1874916359,0.199528015431709
     3824833561,0.333688482470527
      927241245,0.858124768447912
      944157726,0.305102915796465
     1116599329,0.349958042157432
     1270992390,0.873795347649089
     3718927404,0.708604946564131
     4197446704,0.271681012097946
     3852096562,0.292858846731345
     1758966843,0.754615872883237
     2334716998,0.629231507675923
     3778204746,0.287165090089555
     1305760850,0.255589560987553
      244462675,0.599521635286172
     1919152996,0.200988442734736
      943707226,0.379794650839754
     2043376732,0.566231727977985
     4017534046,0.201584335448722
     2154708496,0.301402882864316
     2684771858,0.347224634366256
     2906420334,0.234302149032587
     4197151858,0.357527289805959
     3085964404,0.659618034549377
     2377872506,0.507041899627056
     1548748991,0.280967158640550
     3040318592,0.234587793976182
     3423802502,0.329140424005178
     1524790409,0.270034673232382
     1376646283,0.224206303923644
     3675509902,0.515726863425865
      865973392,0.915954887321374
     1120441496,0.365057773460146
     4151208132,0.834452285749374
      932664477,0.248387574628463
     3507590304,0.956929726820233
      384586913,0.216346627233713
     1546777764,0.473552086398738
     4211618984,0.747430153219708
     2979116205,0.277618533464673
      392377518,0.244053676572978
     4050719921,0.553215237898515
     1360598195,0.512391976769220
     4216542392,0.200985248889492
     2137593022,0.200151252335169
      256070847,0.248870943185261
     1673548992,0.364327322547318
     2848232641,0.244443887640535
     1465881794,0.351741700312440
     1740027076,0.239804453612123
     1355830470,0.721906058863777
     1706497234,0.290758633473294
     1679398101,0.423568281943438
     4025644250,0.227153208055913
      321967324,0.506674930044245
     1379431645,0.203589136901874
      358642912,0.215877537871904
     4029453550,0.245376488748968
     2136347889,0.391909628944382
     3048527090,0.244615862814712
     1077458166,0.227804100374830
     2152346877,0.490774710628161
     3623908612,0.290166748373743
      705066247,0.233385236863205
      873911567,0.491323349870883
     2242966804,0.507272944709497
     3933263128,0.252448897408832
     3587429660,0.207916582701780
     1051260193,0.239193825247767
      183359707,0.242375862675263
     3109672237,0.343246403290705
      468416893,0.513106691509340
     1082086708,0.222551420067532
      947148085,0.278671060114546
     3069891465,0.308534448833593
     4263990585,0.256987978167596
     1236740319,0.262415797860989
     1853191050,0.234973228582473
     1498838336,0.265118187038491
     3678401862,0.322357058827638
     2492675400,0.397752310764742
     2919210693,0.268543176372053
     1341625680,0.584502061089086
     2119570771,0.239177336142537
     1559860566,0.612700610311686
     2306061655,0.276469410473068
     2981311836,0.271416183871300
     3304576351,0.236325814421199
     1610184032,0.233428435997635
      783765051,0.304632430765444
      501962084,0.346563506480217
     3090437477,0.260178823540392
     2208191846,0.211121376983136
     3979113834,0.437959595777611
     4272829805,0.280805750804725
     1171027314,0.311193941168171
      156964214,0.394446569283415
      588242317,0.367187297901830
      622466425,0.211619026073852
      173299067,0.903242514750431
     1156633980,0.214591745316514
      696685957,0.286746047408064
     2598065556,0.281028404333840
     3557094808,0.232720752246452
     1580438941,0.227718460058690
       84317600,0.278713961625646
     2855671201,0.869567957796564
      242955686,0.262642122277181
      738039210,0.199309898846074
     1651219599,0.265165918146468
     1239109318,0.246229145707954
     3485953609,0.231858165571868
     3742897593,0.200710569436104
      981652924,0.895975162093101
      335181247,0.212890697122298
     2883999170,0.244510149681694
     3567990215,0.878247842202818
      739218891,0.211412635336129
      171775437,0.261413501900317
      466367952,0.553881719839771
     3863713234,0.262965905055880
      314179150,0.212672972356562
     3422180824,0.334981547289509
      351587919,0.370975272940830
     4115720443,0.641827174530747
     2582709158,0.206360601274574
     3290822121,0.241428518657526
     1966446059,0.312130866245492
     3746575853,0.254313634987358
     1158059503,0.289446351958063
     2937419248,0.230150620537349
      132953585,0.770523312895774
     3343150373,0.260774156631728
     2682582518,0.200264776659259
     3008132600,0.623787092736447
     2487299384,0.228764342509497
     2009945606,0.372428962724495
     1071396361,0.241932547928526
     1720399375,0.643996602670073
      821933587,0.270857624494203
     3058402847,0.213731086147616
     1886295579,0.290560847805821
     1795282466,0.508357726118876
     2374923813,0.308563617995128
     3849475626,0.217637584836443
     3247797804,0.252671661901904
     1212634670,0.465358145878834
     1789539889,0.410910032626645
     1971115572,0.389499381633210
      582489655,0.207039849138072
     2645702202,0.375556826786225
     3234780736,0.208957483051964
     4243338818,0.233704267108240
       91739717,0.224304204584211
     3588904522,0.265661666876853
     2483377740,0.480701163184475
     2236601934,0.215604632282298
     3094918738,0.215918982148198
     2176816726,0.205568112097308
      525997655,0.399794382815640
     3880154712,0.263971797130195
      261510752,0.291238569533671
     3435443813,0.211702298868792
     4198307433,0.290992936466771
     2388883054,0.775904655247012
      185407090,0.699227937594836
      617879162,0.220203486741628
     2118084886,0.273497124692130
     3478886022,0.488584338418344
     3402217097,0.763293909595207
     3218437773,0.331639005081591
     3883677327,0.316114261097869
      941771033,0.680063593934926
     4180530846,0.778359630489464
     1275393695,0.264681618623275
     1332237991,0.841402263828608
     1638313586,0.246466440962488
      295515825,0.271222411174142
     3874215604,0.286993455698983
     3933861560,0.662903631212888
     4208424633,0.401723262989840
     3960059590,0.238446357092734
     3158144716,0.358283677810607
     2527024846,0.435492317554002
     1205966543,0.286917851384879
     3253046904,0.257048009004944
      611202773,0.448385060676521
     3298506462,0.223603690103818
     3274798815,0.269867043650546
     2381166311,0.210288833551323
     1200830187,0.237909991161975
     1518423631,0.522930067137964
      602085114,0.552736907732772
     3883054843,0.945804592264117
     2494748414,0.777014322112705
     4201297666,0.308878134388485
     3657103121,0.218827578401834
     4285110044,0.296942189055917
     3899905824,0.359499318310478
     3661641508,0.237973318000038
      720672552,0.204513250231089
     4143560490,0.202933888783395
     1881110329,0.328884632215048
     1657820987,0.238175487691869
     2759186237,0.235861328793347
     3806140231,0.248609481553062
      313775948,0.225215119826495
     3561609037,0.246330009458801
       32388948,0.225293643431371
     2497869653,0.258357300111526
     3418183512,0.302511070647792
     2709034841,0.200071993279858
     2191300442,0.399170705627966
     2011993948,0.263363834352731
     1637365598,0.201622474390311
     1582536544,0.306761475118781
     2310846305,0.225681993308823
     1679660898,0.271578720248655
     1211938659,0.271190769830658
     1638676327,0.603024311762457
     1300567917,0.234436983453610
     4172461937,0.589423488441515
     1739863923,0.450196451576873
     1528485753,0.257782356611437
     3381188479,0.668280820146646
      288397188,0.691370602815946
     2030794629,0.290577089578725
     1491908492,0.411744830590367
     2550691725,0.258452847671565
     1921382330,0.884754610877144
     3404068752,0.304110009009799
     2750404497,0.232349520707174
     1645606805,0.300781492373537
     2551666585,0.210046951248091
     1604024219,0.256915490490433
     3550779297,0.272909517531218
     1221009051,0.294735427626624
     3451967396,0.608193039518654
      359864230,0.243663976514858
      179509162,0.242955957535387
      925185965,0.244852733455928
     2913793969,0.462139201377514
     1453414330,0.366561057613865
     3158480830,0.399395540220342
      226736066,0.302910339646851
     2265090379,0.211389034176424
     2477266886,0.707363046112947
      554056686,0.311149630089199
     3631372238,0.215700734033120
     2438748111,0.340568789705193
     2987530192,0.297845178222002
     2642753501,0.310205343446219
      580103847,0.234210662812283
      493197297,0.304369569882236
     2869240831,0.728560748502494
      678940729,0.364203407013680
     2079665836,0.286828624715094
     1284511760,0.349378590001764
     3449395218,0.212958462095751
     4085970964,0.351766002621405
     1613707386,0.266315917531390
     2610558998,0.254735991698562
      437327904,0.233077253223147
     3232315427,0.241838989105136
     1729181738,0.261163362158366
     3657848878,0.238685820489911
      805615667,0.249196950139799
      976910388,0.529929422661019
     1977284662,0.229160214360783
     2596952119,0.455509215947227
      932018235,0.268733517309180
      427808828,0.202597642064603
     3456333885,0.922436596535453
     2493978686,0.228749049899531
      551057472,0.241417912217204
      715610178,0.307819303469553
     1811899403,0.574296216867832
     2018506826,0.260303730402651
     2394025655,0.296366419019446
     1383159884,0.217749521774475
     1101158478,0.275712300131273
     4146624593,0.258953769344234
     3410212948,0.251315019764310
     1709185112,0.617688042278192
     2926860379,0.243172396729229
     1514248290,0.534955106790274
     1551325285,0.347525033831176
     2458753130,0.216823876356722
     3102701678,0.310318824299693
     1087592563,0.241448886127456
      138197111,0.337124690550419
     3933755514,0.286619580229924
     2589694076,0.583570965868780
     4198365309,0.344549189832723
     3267967108,0.247782105953611
     1576130694,0.498162474832069
     2933889167,0.200924534739226
     4056283291,0.697750730583075
      503453855,0.451283678526158
      421583216,0.265932176359325
      330002118,0.312948082338183
     3832551592,0.259429025209334
     3581273116,0.798491629775752
     3504232619,0.770216067810878
      829192364,0.844776217203866
       76011693,0.227530059781277
     3719747758,0.345442568103399
     3869382833,0.262334773163235
      875118281,0.200201331144457
     3986745716,0.231740690269376
     1837160634,0.237827402957977
     1132714357,0.302277137342304
      789592262,0.561296621123702
       88373450,0.333721731286883
      788560084,0.200255477534968
     3615217883,0.231505075200803
     2072312029,0.248292341614573
     4255810597,0.351787297257303
      893065444,0.219255823092130
     4022775505,0.342849245858083
     1085602029,0.454076613851176
     3320682734,0.633403301955178
     1109121263,0.228851413078510
     1745590513,0.216733110350677
     1220720897,0.565424336633195
     3614505789,0.199807270087789
      361732358,0.469547393680710
     3407411468,0.619971834213439
     2887596301,0.290465818038790
     3459275023,0.220101576434886
      927439134,0.266387970298364
     1956268421,0.606444964895806
      729512225,0.236460957613851
     3691403563,0.735115360612816
     1200462129,0.242398125194177
      697006387,0.237720169033596
     4029937973,0.294181283570199
      159635782,0.270542637903569
     4075493706,0.247226960638516
     1369454925,0.217035148961763
     1951029591,0.232425006019548
      203774297,0.364929481094512
      958658909,0.241639527594926
     3265034590,0.218976877020916
     1576114533,0.199187465246761
       72718694,0.257213859107832
     1871985001,0.328802458778642
     1741699434,0.201600663807273
     2099632493,0.230918429027710
     4113152368,0.310916667179392
     3583203698,0.277485257898947
     3117619572,0.578922858974702
     2343754101,0.258288135872931
      848662249,0.233121993832324
     1403378041,0.237909177045006
     1361631611,0.286363180142039
     3914362602,0.346769196451698
        4643202,0.212379090213850
     3307264388,0.261561812998177
     3271063951,0.739304542584110
      485333393,0.349703257369216
      670357906,0.273576491731197
     2863987099,0.213053911714144
     4149287333,0.211922502115075
       37935529,0.241146676428847
     3328186799,0.460982690932923
      689772978,0.243359186737757
     2537568694,0.216456571116730
     2277284281,0.246829216603808
     3422230977,0.254723361451876
      512334274,0.811977713370982
     3200489924,0.240401590167437
     2457386742,0.241473409822976
     2308995527,0.244577060497752
     3073882568,0.209530892254617
     1854691785,0.261871842234838
     3566295499,0.251121283249290
     2187549133,0.268600623110130
     3618181813,0.585413256584473
      203979224,0.219359010495100
     4241785291,0.244938962073835
     2437863907,0.237851871869989
     1359378916,0.322042416853936
     2463136232,0.201406160027600
     1709521385,0.201082638333912
     2901006827,0.342402911495973
     2333530607,0.250206309732701
     1786010104,0.264193131016910
     3288160761,0.221684053376490
     3883276796,0.323320178606757
      669817356,0.244971401087983
     3263830544,0.214618884158002
     2657384977,0.223760578060493
     3585636883,0.314838171826848
     2131909140,0.220081220297399
     2667043355,0.205823992477783
     2404661795,0.303704069755606
     2846800427,0.452793372507080
     3553172013,0.201516566705987
     3289564253,0.303630307392994
     3250715193,0.199356645547399
     4081252925,0.319349220887747
      271497799,0.264686028689864
     3817855562,0.204651012481433
     2499344973,0.199900613295626
      957332047,0.246470209717097
     3397794385,0.773376121270056
     3967015511,0.215442207306457
      875764320,0.227799719775052
     2753223268,0.230821950185532
      771340907,0.219010570117258
     2449627756,0.746714318687206
     1806793328,0.388517075743549
     3736459894,0.199956860976638
     1148893818,0.216048119461305
     2990185083,0.395288401593962
     2046892668,0.423360132063085
     3467385471,0.222830547421746
     1449008960,0.230227080930282
     1351482663,0.652815180281283
     2776128130,0.233518568832883
       40491651,0.479498196957626
     2571655820,0.212514775982826
     1929247386,0.549760594805214
     1227471515,0.207135024880150
     1134443164,0.497506466566397
     1882749605,0.223167919914371
     3033774758,0.771116288210814
      430414510,0.797682268925992
     1319968541,0.200364953816953
      586021554,0.237558009649017
     2315229877,0.241443342972469
     1948625147,0.664294287143748
     4081760952,0.681566408620445
      358260511,0.230133283398172
       22256316,0.466840687566306
     1331550909,0.227459375906165
     2311822017,0.452241055939314
     3590882422,0.215451927155103
     1204391713,0.269348574871631
     4018109131,0.296702025952299
     1888672462,0.304398108082806
     3612859092,0.231781515573133
     1731795669,0.309349859265709
     2839780066,0.829204691395517
      866073317,0.200179439214337
     2907028199,0.233974387026865
     4265422151,0.237578664434617
     3729758955,0.212128935908717
     3384551890,0.373578287993418
      363141879,0.217475037761250
     3755088636,0.811608088722663
     1520301184,0.843436787384309
     2890521360,0.249837691468327
     1019198242,0.231716266900685
       98581287,0.201935459198751
     1060059945,0.299975567200126
     1570650922,0.642828680040326
     3749239597,0.509150956032281
     3089701680,0.275669949061940
      767754035,0.307559330283331
     2417144969,0.264510597598664
     3785988920,0.322813468115702
     4255292219,0.679609137934821
      970193724,0.218232793473111
     2117811005,0.262957434511704
     3638917951,0.238017070451706
       15145794,0.347243090626652
     3649688715,0.270240054148051
     4022688588,0.500390996540052
     3338779471,0.946759489330078
     3563690834,0.237890316825619
      625179483,0.268693190360193
     1847245667,0.609850947341655
     2918734700,0.255311952586994
     4055022445,0.811395930067792
     2867346286,0.732152092513348
     4124490216,0.368522997488322
     3814265525,0.250440415033455
     2310486505,0.452836701636917
     3369384825,0.267706375387263
     3082582913,0.208142228963710
     2331876230,0.626156244896523
     1665702791,0.389982648997232
     3598203784,0.248507078567035
     1988500374,0.404776329582912
     4022524826,0.522437027830511
       16030619,0.199515985313934
     4160281504,0.246415716402404
     4037139365,0.401016296730906
      764009382,0.229844892822815
     3221486508,0.799280672753740
     2970154141,0.231022884339362
     3929193078,0.238274087675075
      878579529,0.274458636792531
     1343527868,0.416665985404633
     4068178877,0.255468767103735
     1738030014,0.220287428454707
     4241914816,0.238529849146207
     1839918322,0.247227261373599
     1815354318,0.275484380498557
      105642960,0.246379581440202
     2622856149,0.447547894773379
     2600873807,0.242596221452349
     2794118114,0.221851549148270
     2043248465,0.866804999948837
     1962322428,0.257141144930420
     3842497516,0.387498626454638
     2148965358,0.245461298689145
      158940143,0.792257428359322
     2604497909,0.293021021007932
      268442623,0.205944816125027
     1109564424,0.247104703866570
     2079505419,0.599572358890377
     1510816782,0.603124591111258
     3922295823,0.259064260874109
     3368393744,0.236221285345505
     2482302037,0.907010761701001
     2147465338,0.227971457453169
     3856037277,0.932772593926065
     2974096410,0.213806212483143
      372857885,0.297898370468484
      380673055,0.554400636325003
      394984483,0.222668470972636
     1533582384,0.232115717204749
     4219345971,0.622464818096413
      183204935,0.211898615298444
     3971218504,0.465825029748043
     1105067091,0.260797923475790
       50076758,0.259356936759054
     1130470487,0.235812659939369
      173341789,0.199624504532665
     2941705310,0.270171765190055
     2398788706,0.240685227252477
     2257353829,0.323926075923583
     1989368937,0.600320714621567
       24755307,0.206125133738430
     4186537070,0.482724513240443
      250920048,0.432775720696973
      702889076,0.252228985369248
     4182602942,0.258866097353405
     2302891199,0.242598843815327
      881204355,0.475122200883001
      309935240,0.360640393849447
     1974402191,0.261745928542807
     3958791318,0.246393948852530
     2561965207,0.420824652975879
     3936615581,0.332793113853575
     2759880560,0.299375874394895
     3182419120,0.847353207541513
     2401565873,0.372136773492449
     4291488745,0.314620843321071
     2840263860,0.225305881607951
     1814088826,0.259463807722027
      410565817,0.341315217507351
      670366919,0.231245867202997
     2472254668,0.908485265419823
     2760817870,0.338725137931691
       68991036,0.200325948218417
      395738321,0.335064953643429
     2375990486,0.672927172018070
     1395580121,0.267678286160344
     2931588314,0.236784527729166
     1750662364,0.354491736951128
     1260751404,0.837791696783204
     3970042405,0.226298210444704
     1120148704,0.848794246582389
     2257001698,0.219463557667295
     1039301878,0.882166472789828
      886897913,0.210943373123667
      491535621,0.544670371954165
     2194177287,0.413791267638487
     3141172489,0.199616547323816
     2228226605,0.269662737474753
     3968851216,0.217462891834961
      227245329,0.235154522262989
     1556585746,0.239735490809469
     2614397486,0.737906485609746
     3611704599,0.221894923891763
      808714118,0.544360563418271
     1889213735,0.212858918415895
     2509626664,0.207789166502392
     2419561692,0.205764613052131
      651050282,0.200773420523026
     2701409582,0.205460779558263
     1211170095,0.263048334253760
     4158479668,0.259865829509598
     2255150393,0.296716696362695
      376003904,0.290586803481269
      787487372,0.587096496522003
     2713115974,0.208433811205497
     1545878855,0.291156475126436
     1000660300,0.316169600337645
     1260887373,0.247102199479224
     3495624015,0.365723637595166
     2173959522,0.218358128516100
     2280783209,0.220097001553041
     2105236843,0.222287495686238
     3299913618,0.254608269834314
     1570651505,0.229031542947863
      209313138,0.340849839153143
     2505014644,0.284332450339488
     3698515322,0.674099441697281
      164953467,0.259178325732315
      538404590,0.267386758963559
     1843297665,0.233936077525738
     1591762309,0.225830402637208
     3103078432,0.230276489246637
     2015690124,0.227844552720344
     3931028877,0.230106933306861
     3262332304,0.544159327463883
      354131348,0.254639504437541
     4046083310,0.255605570715382
     1108729241,0.229736812451129
     1295580580,0.208976400044984
     2963283368,0.442000172412663
     1618673067,0.748476173541214
     1362372441,0.199374012607687
     3950779824,0.209169866930440
     3384843698,0.225069956824493
      287219131,0.520350870413449
     2583739840,0.211703676836585
     2610486723,0.264686407446298
     2330787268,0.568587562813593
     2337250757,0.221322051035150
     1241464267,0.279391196119155
     3397828046,0.270968846485356
      340975058,0.250760069374984
      799989205,0.264555180592081
      235994585,0.796108106713990
     3336568290,0.246298668352550
     3255694526,0.278061811366353
     1904492019,0.258600917009693
       65797629,0.284015897520236
     2966199806,0.235861624293442
     3281387017,0.601453096067223
     4051443216,0.565617076855566
     3813654034,0.250521196605346
     2359614999,0.521657559278621
     1542995481,0.872522176724459
     3462888987,0.262200540065750
     2056594679,0.867226923216012
     2441575971,0.211282410308938
     2037194281,0.320865890488325
     2979749419,0.596183874344512
     1328774706,0.207606680667607
     1620573756,0.232694234761127
     1255956033,0.210892473505820
     2282454601,0.794625288239818
     1746599500,0.277470078970113
     4241981006,0.814345707449214
     4111670865,0.278593811863210
      448503396,0.791619433005216
     2145680999,0.271288481860814
     2903367273,0.395059262373790
     1849286254,0.231964841513871
     3360521839,0.206642554935830
     4087340658,0.254977615223377
     3924696691,0.658881500338737
      583376511,0.231894623742248
     2184633986,0.239424742987513
     3272932995,0.208641670458642
     2094557805,0.314232351299982
     3511541392,0.349403198389479
     4168267032,0.512683361988255
      599457430,0.263080368191440
     1678261911,0.201574716211540
     2295021210,0.686710275401458
     2397413019,0.309962945432113
      791486108,0.218172225640246
     2647432870,0.200246017618664
     2173427367,0.639085855124022
     4165164713,0.290160228506940
      873627318,0.306559495007831
      510492343,0.321593270002415
      153026235,0.240571126544145
     1188789953,0.870843675731476
     3977731781,0.242624790044117
     2705112774,0.371542083916179
     2528212257,0.437327952757152
     2161078220,0.559882202847617
      148438730,0.251825191162425
      991469263,0.365908443793872
     3454443216,0.232079538393582
      206110424,0.233045233841351
     1623826137,0.267943071540580
     1175566970,0.258255824535260
     2716475113,0.239659653096619
     3763732209,0.335848606636382
     3477126898,0.222318281882276
     3276087030,0.246783908995726
     1421057783,0.231856447777765
     2459865723,0.715893078034118
     3654246152,0.248547873233671
     2863300363,0.778273570979384
     1191894799,0.350022702589967
     2867445520,0.237772535455823
      639244931,0.243852990356417
     2574704410,0.211204527342684
     3724459805,0.246219811832052
     3113393951,0.522480776765703
     3963895585,0.263633148648393
     1363935017,0.310605036667223
     1729862983,0.212936037823692
     3275121971,0.317314973281324
     3526450996,0.295674133886565
     2810986298,0.420655132150696
     1139621696,0.299595596912405
     1455914817,0.550161062347825
     1651703618,0.238054408270739
      764501827,0.222350625573280
     4109639495,0.213124506558118
      925630280,0.320856953995211
     1283660428,0.693894928547740
     3522961232,0.217967168014640
     2566176593,0.304458411641552
     1788977308,0.247314931432879
     1050025814,0.733880732943842
     2653339480,0.242049288633094
     2848199995,0.210659478837761
     3062693740,0.248530827198159
     3951886190,0.246799293749122
     1800560616,0.382141444423646
     2359730034,0.239729075498206
     2539634665,0.225831764847078
     2884132730,0.433677395975870
     1069350779,0.200857460040117
     3048705453,0.323949457552065
      865197954,0.251227042526680
     3574120325,0.312574177168535
     1634516870,0.341313774527341
      606248839,0.513819548717836
     2726870921,0.234960726144981
     2697568142,0.246673195899425
     1680088979,0.921567368979935
     2982068117,0.270369027873838
      257654678,0.476040664057414
     2357903260,0.224375133266393
     3565502365,0.314312596908750
      713408414,0.356532658650453
      224853921,0.328919951024741
      171698843,0.261133494909616
     3975717091,0.205623263477058
       52305841,0.201820642371417
     3851599795,0.228308923754662
     2988146614,0.930989012483118
      773332920,0.231356284580265
      729505721,0.388593753968721
     1576640450,0.238391581613444
     2883264454,0.922684721618136
     3855073226,0.201890973850697
     1174044620,0.321555529344893
     2135293904,0.246464973457553
     1836335061,0.722161912454241
     1701158876,0.341276609978618
     1650802653,0.355889507816761
     3124314078,0.356760582074373
     3740147683,0.208783045237440
     2438152168,0.512134360043034
      571367201,0.811756547059600
     2691129325,0.218606630280843
     1736278008,0.208528992403171
     4011778046,0.252483425463716
