idnum,ExternalScorer_LeaveUnscored_file1_col1
     3800760322,1.000000000000000
      353755139,11.000000000000000
     2729656324,3.000000000000000
     1559860566,1384.000000000000000
     4121108486,5.000000000000000
     1318838287,8.000000000000000
      946176016,9.000000000000000
      453500945,10.000000000000000
     3191791619,2.000000000000000
      839647252,12.000000000000000
     2511904795,14.000000000000000
     3333611548,15.000000000000000
     3737272353,17.000000000000000
      185188386,18.000000000000000
      573325347,19.000000000000000
     2124324901,20.000000000000000
      197165095,21.000000000000000
     1188814891,22.000000000000000
      982360109,23.000000000000000
     1910931504,2779.000000000000000
      966934580,26.000000000000000
     1563967552,30.000000000000000
     3562463301,32.000000000000000
     3795304520,34.000000000000000
      421388363,35.000000000000000
     1053548620,36.000000000000000
      596918352,37.000000000000000
     3317047384,38.000000000000000
     2813616217,39.000000000000000
     3804389469,3236.000000000000000
      892067936,42.000000000000000
     1650581602,43.000000000000000
      595230820,44.000000000000000
      271982693,271.000000000000000
     2847694951,46.000000000000000
     1811882090,47.000000000000000
      377551549,1968.000000000000000
     4113883249,49.000000000000000
     4256784501,50.000000000000000
     2713296789,3420.000000000000000
     1919869055,53.000000000000000
     3376365700,356.000000000000000
      456062317,2315.000000000000000
     1438113939,390.000000000000000
     3993051292,59.000000000000000
     2703515805,60.000000000000000
     1398325407,61.000000000000000
     2587648164,64.000000000000000
      273670311,65.000000000000000
     1003888808,66.000000000000000
     1604305068,67.000000000000000
      686342322,72.000000000000000
      779665589,73.000000000000000
     3893919927,2766.000000000000000
     3389104312,75.000000000000000
     1134182585,76.000000000000000
      627261626,77.000000000000000
     1191354555,78.000000000000000
     3524886718,79.000000000000000
     1729274049,81.000000000000000
     2221392069,83.000000000000000
     2389745864,84.000000000000000
     3485769930,85.000000000000000
     2741403852,86.000000000000000
     2746769613,87.000000000000000
     1934541010,89.000000000000000
     3035087059,90.000000000000000
      377725140,555.000000000000000
      207126743,92.000000000000000
     2444411098,93.000000000000000
     2321039579,94.000000000000000
     1962322428,1097.000000000000000
     1908408542,579.000000000000000
     4243587295,96.000000000000000
     3824074979,98.000000000000000
     1135370468,99.000000000000000
     3872112877,103.000000000000000
      945307889,104.000000000000000
     3187415764,106.000000000000000
     2530836730,652.000000000000000
     2476228860,108.000000000000000
      326115587,112.000000000000000
      833462533,113.000000000000000
     1727209735,114.000000000000000
     1162879243,116.000000000000000
     2047435022,119.000000000000000
     2641698861,1546.000000000000000
      294084880,121.000000000000000
     3877413140,123.000000000000000
     2554929200,1583.000000000000000
     2803204391,130.000000000000000
     2214011194,135.000000000000000
      894198086,140.000000000000000
      705610059,142.000000000000000
     1743118669,855.000000000000000
     1125007695,144.000000000000000
     3385723619,1184.000000000000000
     2252398935,148.000000000000000
     3459391835,150.000000000000000
      304669029,152.000000000000000
      390603110,153.000000000000000
     3155247463,154.000000000000000
     3379814765,157.000000000000000
     2654183790,158.000000000000000
     4060651888,160.000000000000000
      788922738,162.000000000000000
     2233672054,163.000000000000000
      537633146,164.000000000000000
     3460211074,167.000000000000000
     2078874347,168.000000000000000
     3638092168,171.000000000000000
       58196362,172.000000000000000
     1051260193,174.000000000000000
     1150966509,175.000000000000000
     3796042128,176.000000000000000
     3072508306,575.000000000000000
     3878986134,2221.000000000000000
      884695447,1048.000000000000000
     2726986138,182.000000000000000
     1247887771,183.000000000000000
      935698844,184.000000000000000
     1732641187,185.000000000000000
     1760543142,186.000000000000000
     2428084650,189.000000000000000
      391848367,191.000000000000000
     2284863940,1150.000000000000000
     2877448651,200.000000000000000
     2648768974,202.000000000000000
     3103965649,204.000000000000000
     2899255767,207.000000000000000
     2753938852,208.000000000000000
     1373077981,209.000000000000000
     3291931107,210.000000000000000
     2976760295,212.000000000000000
     3937534441,214.000000000000000
     2566373869,215.000000000000000
      153805298,216.000000000000000
     3259998708,217.000000000000000
     2570693374,1197.000000000000000
     2638545403,1279.000000000000000
     3669713407,222.000000000000000
     2208498179,1614.000000000000000
     1470259719,227.000000000000000
      740557322,229.000000000000000
     1571799565,1335.000000000000000
     3891479981,633.000000000000000
      986341913,235.000000000000000
      705159706,236.000000000000000
     1081721374,239.000000000000000
     1863241819,1761.000000000000000
     2597126692,242.000000000000000
      221667877,243.000000000000000
     1914327446,1867.000000000000000
      223183399,245.000000000000000
     3211469352,246.000000000000000
      241197609,247.000000000000000
     1984922154,248.000000000000000
     2828198445,249.000000000000000
     2576130613,251.000000000000000
      125510199,1443.000000000000000
     3395469881,253.000000000000000
     3402240151,1789.000000000000000
     1663754816,254.000000000000000
     1271890500,256.000000000000000
     1343382088,258.000000000000000
     3033178703,259.000000000000000
      292889168,1501.000000000000000
      666796625,261.000000000000000
     3016565331,262.000000000000000
     2052186708,263.000000000000000
     1490195897,265.000000000000000
     4169212504,1517.000000000000000
      417350235,268.000000000000000
     1728774750,270.000000000000000
      311411296,272.000000000000000
     1287709284,275.000000000000000
     4235797096,276.000000000000000
      675529322,277.000000000000000
     1059373679,278.000000000000000
     4062413426,279.000000000000000
     1409090165,281.000000000000000
     4113760888,1598.000000000000000
      369566332,284.000000000000000
     2875887722,1767.000000000000000
     4098630272,286.000000000000000
     4028572289,287.000000000000000
     1352336002,288.000000000000000
      906519175,1637.000000000000000
      304628365,292.000000000000000
       10216085,1668.000000000000000
     1988797078,1673.000000000000000
     2873991845,299.000000000000000
      437625510,300.000000000000000
     2129699496,301.000000000000000
     2165359274,302.000000000000000
       73499309,1727.000000000000000
     1649287854,305.000000000000000
      453935793,306.000000000000000
      952656562,307.000000000000000
     4205724340,308.000000000000000
     2069758649,1760.000000000000000
     2741191355,310.000000000000000
     3283878590,312.000000000000000
     3142525631,313.000000000000000
      523649730,314.000000000000000
     4123853512,315.000000000000000
     1685709517,317.000000000000000
     1258242766,318.000000000000000
     1070883551,323.000000000000000
     1791967981,330.000000000000000
     3400393458,1814.000000000000000
     4201267955,333.000000000000000
     2118558452,334.000000000000000
     1015923445,1911.000000000000000
      949631785,2941.000000000000000
     3668738810,1924.000000000000000
     1073349371,339.000000000000000
     2505499390,340.000000000000000
     4166579669,2363.000000000000000
     3559965440,342.000000000000000
      897123075,1951.000000000000000
     2681979655,345.000000000000000
     1441981193,347.000000000000000
     4106216208,350.000000000000000
     3462333912,816.000000000000000
     1905125954,1124.000000000000000
      638078708,352.000000000000000
     2974147351,354.000000000000000
     2914370328,355.000000000000000
     1892746009,1998.000000000000000
     3677799199,357.000000000000000
     1169204003,2028.000000000000000
     1936007973,359.000000000000000
      806708007,360.000000000000000
     1608631094,362.000000000000000
     1696105276,363.000000000000000
     2249868093,364.000000000000000
     2222695232,367.000000000000000
     2573599555,369.000000000000000
     1429955396,370.000000000000000
     2720654149,1855.000000000000000
     2580513606,372.000000000000000
      690398023,373.000000000000000
      659227466,374.000000000000000
     2955338574,375.000000000000000
     3011535696,377.000000000000000
     1160487773,2170.000000000000000
      744663868,1224.000000000000000
     2922939247,388.000000000000000
     1433748338,389.000000000000000
     2961039507,58.000000000000000
     3111535476,391.000000000000000
       32088949,392.000000000000000
     1426896361,2490.000000000000000
      433057940,395.000000000000000
     3638917951,3161.000000000000000
     3194807165,398.000000000000000
     1019339646,399.000000000000000
     1647534975,400.000000000000000
     4229153664,401.000000000000000
      858350469,2272.000000000000000
     2629267607,2802.000000000000000
     1027169090,3093.000000000000000
     1849353105,408.000000000000000
      286638994,409.000000000000000
     2989687710,413.000000000000000
     1496245153,415.000000000000000
     2666668962,3256.000000000000000
     1649050534,2875.000000000000000
     4086546480,24.000000000000000
     2431878056,420.000000000000000
     1054392476,421.000000000000000
     3983721386,422.000000000000000
     3547186101,425.000000000000000
     1271940024,426.000000000000000
     2976252859,427.000000000000000
     3947971520,2437.000000000000000
     3630015435,434.000000000000000
     2771690453,437.000000000000000
     3713369050,438.000000000000000
      672097245,439.000000000000000
     1828045801,440.000000000000000
     1945779026,442.000000000000000
     2213987327,2600.000000000000000
     1292968960,448.000000000000000
     4157858823,449.000000000000000
      519627787,2629.000000000000000
     1844839439,451.000000000000000
     4284400659,452.000000000000000
     2236015636,453.000000000000000
      483353625,2661.000000000000000
     3308774428,2670.000000000000000
     1376461855,458.000000000000000
      537584677,2692.000000000000000
     3008103465,464.000000000000000
     3834668077,2711.000000000000000
      193651762,467.000000000000000
      446301236,468.000000000000000
      941974584,469.000000000000000
     3453898932,3224.000000000000000
     1939563579,471.000000000000000
     1289569344,2767.000000000000000
     4180902980,474.000000000000000
     3227673675,2147.000000000000000
     1158259789,476.000000000000000
      317244499,479.000000000000000
      454796374,481.000000000000000
     2202215511,482.000000000000000
     2596816399,1090.000000000000000
     3106997341,2834.000000000000000
      733611111,488.000000000000000
     1067025519,491.000000000000000
     4294673526,221.000000000000000
     2692121728,498.000000000000000
     4185400452,499.000000000000000
     1784398986,502.000000000000000
     1617239679,2560.000000000000000
     3374695568,506.000000000000000
     1206240403,508.000000000000000
     3201827993,511.000000000000000
     3232900250,512.000000000000000
     1428432027,513.000000000000000
     2711708833,515.000000000000000
     2784371877,3019.000000000000000
      920454310,519.000000000000000
      571753639,520.000000000000000
     1126746995,3232.000000000000000
     1667204277,526.000000000000000
      313550011,3069.000000000000000
      646497471,531.000000000000000
     1315759297,532.000000000000000
     2464793805,3265.000000000000000
     1308222670,536.000000000000000
     1588069587,537.000000000000000
     3661513945,540.000000000000000
       32228579,544.000000000000000
     3753092331,3192.000000000000000
     1938523372,548.000000000000000
     2436539631,549.000000000000000
     1541915895,3226.000000000000000
     3465635069,557.000000000000000
      662078719,558.000000000000000
     1569137927,561.000000000000000
     1092740361,562.000000000000000
     1959060749,3276.000000000000000
      526099734,424.000000000000000
     1805632795,3309.000000000000000
     2728165595,570.000000000000000
     2880521510,572.000000000000000
     2794472743,3342.000000000000000
     3355780392,574.000000000000000
      363750706,577.000000000000000
     1938466099,578.000000000000000
     2094727390,1949.000000000000000
     3575465272,581.000000000000000
      273895788,1880.000000000000000
     1469015365,586.000000000000000
     1617683788,589.000000000000000
     2958140749,590.000000000000000
     1476928847,3450.000000000000000
     1939383633,592.000000000000000
     2697307475,3461.000000000000000
     1368417620,594.000000000000000
     1803011641,596.000000000000000
      490390872,2436.000000000000000
     1154467164,598.000000000000000
     3971409246,599.000000000000000
     3764143455,600.000000000000000
     1731183970,602.000000000000000
     3410019693,608.000000000000000
     2200094066,2771.000000000000000
     1236739443,610.000000000000000
      835233154,613.000000000000000
     1629496711,131.000000000000000
     2325005705,616.000000000000000
     1799652746,137.000000000000000
     3211797899,618.000000000000000
     3082794562,619.000000000000000
      138167699,620.000000000000000
     1489954197,621.000000000000000
     1476494742,622.000000000000000
     1142482327,623.000000000000000
     2037712283,1762.000000000000000
     4072318365,626.000000000000000
     3115345311,627.000000000000000
     1460618660,631.000000000000000
      410207660,632.000000000000000
     1297860013,231.000000000000000
      272904435,1826.000000000000000
      635291084,643.000000000000000
     1800046030,644.000000000000000
      558360016,646.000000000000000
     2459084241,647.000000000000000
     3968607702,649.000000000000000
     2083562968,651.000000000000000
      953476577,2558.000000000000000
      897680871,386.000000000000000
     1763665395,657.000000000000000
     2126898676,658.000000000000000
     3647849976,660.000000000000000
     4021978617,661.000000000000000
     2058618366,664.000000000000000
      662488577,665.000000000000000
     3080914437,1390.000000000000000
     3734898185,668.000000000000000
      913548811,669.000000000000000
     4266337807,670.000000000000000
      853501460,671.000000000000000
      805750294,672.000000000000000
     3027027480,507.000000000000000
      272025115,674.000000000000000
      435725854,675.000000000000000
     3855200517,1315.000000000000000
     3802498599,534.000000000000000
     3007915564,679.000000000000000
     1234429485,680.000000000000000
      535884040,681.000000000000000
     2161788471,1373.000000000000000
     2511439416,686.000000000000000
     1698022969,687.000000000000000
     4086146619,603.000000000000000
      842294845,690.000000000000000
     4168803909,693.000000000000000
     1994379532,1838.000000000000000
     3302123087,695.000000000000000
       10454613,698.000000000000000
     3393062486,699.000000000000000
     3799115353,700.000000000000000
     3531949659,701.000000000000000
     2840495709,702.000000000000000
     1122002527,703.000000000000000
     2800633460,708.000000000000000
      396691063,710.000000000000000
     1615472252,713.000000000000000
     2444273279,714.000000000000000
     1872873092,716.000000000000000
     3535808133,717.000000000000000
     2440177287,718.000000000000000
      432072329,780.000000000000000
      449480333,721.000000000000000
     2657797779,722.000000000000000
     2484930196,723.000000000000000
        3666201,724.000000000000000
       12830381,730.000000000000000
     1239410355,897.000000000000000
      512681658,734.000000000000000
     2549458627,3149.000000000000000
     2602469060,3377.000000000000000
      955357542,739.000000000000000
     3120219847,741.000000000000000
     4282705615,744.000000000000000
     2077591249,745.000000000000000
      339741137,746.000000000000000
     3723120933,751.000000000000000
      534554350,755.000000000000000
     3183331061,1071.000000000000000
      801151677,2899.000000000000000
       54322946,1106.000000000000000
     3614328581,1113.000000000000000
     2623170318,766.000000000000000
     1308763924,767.000000000000000
     3408730234,2650.000000000000000
     2536572694,768.000000000000000
     3372730136,769.000000000000000
     2548852512,2704.000000000000000
     1813563172,774.000000000000000
     1464133416,776.000000000000000
     3378226997,779.000000000000000
       55371580,783.000000000000000
     4239607614,784.000000000000000
     1143826247,785.000000000000000
     3776816971,787.000000000000000
     2423061474,788.000000000000000
      512280408,795.000000000000000
     1043089241,496.000000000000000
     3775596378,797.000000000000000
     3665520476,799.000000000000000
     3474933600,1325.000000000000000
     4031072098,801.000000000000000
      444450661,802.000000000000000
      849774440,804.000000000000000
     1433962346,805.000000000000000
     1952794477,806.000000000000000
      158222197,811.000000000000000
      435866601,3000.000000000000000
     2470291321,813.000000000000000
     3565143937,1415.000000000000000
      552560514,1417.000000000000000
     2815600518,817.000000000000000
     4290324359,818.000000000000000
     2880883692,820.000000000000000
      472389271,821.000000000000000
      284764044,822.000000000000000
     3582994324,824.000000000000000
     2626771950,825.000000000000000
     3688818588,829.000000000000000
     1759545245,830.000000000000000
     4072204192,831.000000000000000
     3409389475,1494.000000000000000
     2691467177,836.000000000000000
      730261418,837.000000000000000
     3902744498,840.000000000000000
     3375097779,1532.000000000000000
       54159288,845.000000000000000
     3593717691,846.000000000000000
     2302737397,3130.000000000000000
     3995873611,1862.000000000000000
     1634043849,852.000000000000000
      865208268,1595.000000000000000
     2184102221,143.000000000000000
     4266641366,858.000000000000000
     2923874264,859.000000000000000
     3872409566,861.000000000000000
       14444511,862.000000000000000
     1813981160,864.000000000000000
     2119559147,3114.000000000000000
     3165702128,869.000000000000000
     1394616307,871.000000000000000
     2930903030,872.000000000000000
     3797428218,873.000000000000000
     1710721019,874.000000000000000
     3717400577,876.000000000000000
     3536439299,877.000000000000000
     1426753545,879.000000000000000
     1919813642,1749.000000000000000
      598886413,1758.000000000000000
     2523490319,883.000000000000000
      104974358,886.000000000000000
     2680932378,888.000000000000000
     3821144119,898.000000000000000
     3657566264,899.000000000000000
     3942852667,901.000000000000000
      215066694,906.000000000000000
     3171109900,435.000000000000000
      185988792,909.000000000000000
      888719444,1938.000000000000000
     3661016430,1455.000000000000000
     3698378842,913.000000000000000
     1485326427,1954.000000000000000
     4060702813,916.000000000000000
      722061407,917.000000000000000
     3024685155,1974.000000000000000
     3530762340,1976.000000000000000
     3716821350,2975.000000000000000
     1778878570,926.000000000000000
     2934818931,928.000000000000000
     3277588603,2037.000000000000000
     1272088704,2050.000000000000000
      119572611,935.000000000000000
      315926660,2058.000000000000000
     2581653639,937.000000000000000
     3799238793,938.000000000000000
      786253963,940.000000000000000
     1143785614,941.000000000000000
     2067851411,2091.000000000000000
     2402835482,3041.000000000000000
     2344855714,950.000000000000000
     2032634024,3465.000000000000000
     3504388530,2833.000000000000000
     1406576822,958.000000000000000
     2790394039,2352.000000000000000
     3213093054,962.000000000000000
      283691199,963.000000000000000
      994404544,964.000000000000000
       14813380,966.000000000000000
     2711246540,2466.000000000000000
      177470199,2922.000000000000000
      724060372,971.000000000000000
     1323002069,972.000000000000000
      146589912,2267.000000000000000
      892250330,975.000000000000000
      550209759,2286.000000000000000
     2734393568,978.000000000000000
     2031331565,981.000000000000000
     3237611768,2361.000000000000000
     2729109755,528.000000000000000
      561490172,984.000000000000000
      710658324,990.000000000000000
      362989846,991.000000000000000
     2556455193,2445.000000000000000
     1867671834,993.000000000000000
     3609626909,995.000000000000000
     3781830943,331.000000000000000
      465324329,2481.000000000000000
     2973804842,999.000000000000000
     3022424368,1000.000000000000000
      121407795,2509.000000000000000
     2932574516,1003.000000000000000
      784951605,1004.000000000000000
     3579980088,1005.000000000000000
     3384019258,2529.000000000000000
     1624413919,1008.000000000000000
     2881947964,1009.000000000000000
     1635494206,1010.000000000000000
     1679182144,1011.000000000000000
     2828519747,1013.000000000000000
     2902034762,1014.000000000000000
     1438673227,2584.000000000000000
     4218906960,2593.000000000000000
     2082318676,1020.000000000000000
      710502743,1022.000000000000000
      376809818,1024.000000000000000
      543017310,1026.000000000000000
      699418984,1029.000000000000000
     4010740074,1030.000000000000000
      485509484,1031.000000000000000
      793872755,1036.000000000000000
     2659576180,1037.000000000000000
      125806967,1039.000000000000000
     1293221082,1040.000000000000000
      562694526,1041.000000000000000
      227821952,2705.000000000000000
     1774100886,178.000000000000000
     4188449159,1045.000000000000000
     3712313737,1047.000000000000000
      128166283,2737.000000000000000
     1581525388,1049.000000000000000
     2406443405,1050.000000000000000
     2430035694,1461.000000000000000
     3661605270,1054.000000000000000
     2099632493,1055.000000000000000
      671066522,2776.000000000000000
      366201244,1060.000000000000000
     4108421541,1062.000000000000000
      863701417,1063.000000000000000
     1941146030,1065.000000000000000
     1581997128,1066.000000000000000
     4113836467,1067.000000000000000
     2659667017,1331.000000000000000
     1574094581,756.000000000000000
     2292255175,1076.000000000000000
     3688663497,1077.000000000000000
     1724574161,1079.000000000000000
       41839058,1247.000000000000000
     1945078227,2921.000000000000000
      551700951,1082.000000000000000
     2140367323,1084.000000000000000
     3855157726,1085.000000000000000
     2536016354,1086.000000000000000
      822921699,1087.000000000000000
     3981625830,1088.000000000000000
     1644022252,1092.000000000000000
     1967294964,1094.000000000000000
      907995638,3009.000000000000000
     3771247314,1174.000000000000000
     1619470841,1096.000000000000000
      910289404,3025.000000000000000
      298740821,1098.000000000000000
     1480362498,1100.000000000000000
      174795272,1102.000000000000000
     2367269385,1103.000000000000000
     3204377106,1108.000000000000000
     3165686297,1109.000000000000000
     2129357338,1110.000000000000000
     3421776413,1112.000000000000000
     2116913700,1114.000000000000000
      871664165,3290.000000000000000
      495856172,1116.000000000000000
      900909613,2364.000000000000000
      277219886,1118.000000000000000
      139594293,1121.000000000000000
     1480124983,1122.000000000000000
     2845256258,778.000000000000000
     3671812676,1126.000000000000000
     3897887302,1127.000000000000000
     1701030471,1128.000000000000000
     1605741128,1129.000000000000000
      871524956,1134.000000000000000
      262695517,1135.000000000000000
      775948897,1136.000000000000000
     3589671529,1139.000000000000000
     4152535659,1140.000000000000000
     1094199917,1141.000000000000000
     3500518001,1142.000000000000000
      506466751,2258.000000000000000
     1525631612,1144.000000000000000
     1831660160,1145.000000000000000
     2176248451,1146.000000000000000
       57895567,1148.000000000000000
     3907627668,3405.000000000000000
     1068804761,3422.000000000000000
     2803952283,3430.000000000000000
     3582446236,1152.000000000000000
     1472531102,1153.000000000000000
        3762856,1154.000000000000000
     3554809628,1155.000000000000000
     2100676127,676.000000000000000
     3251055280,1156.000000000000000
      710347441,1157.000000000000000
     2717665971,1158.000000000000000
     4112337591,1161.000000000000000
      851544763,1164.000000000000000
     1629162174,2882.000000000000000
     4272745155,1168.000000000000000
     2183219908,1169.000000000000000
     3976252102,1170.000000000000000
     1572162249,1172.000000000000000
      608275154,1828.000000000000000
      689908435,1175.000000000000000
     3760893049,1177.000000000000000
      831744733,132.000000000000000
      913926878,1181.000000000000000
      401894115,146.000000000000000
     3706702972,1188.000000000000000
     3952937710,1191.000000000000000
      770288372,196.000000000000000
      155749111,1194.000000000000000
     2104760106,2571.000000000000000
       71240446,218.000000000000000
     2660068095,2289.000000000000000
     3704515339,1201.000000000000000
     2036861708,1202.000000000000000
     3409201936,1206.000000000000000
     3746597652,1209.000000000000000
     1135405846,1210.000000000000000
     2917649183,1298.000000000000000
     3888565025,1213.000000000000000
     2850515750,1195.000000000000000
      584723240,1215.000000000000000
      199543593,336.000000000000000
     3165442525,1217.000000000000000
     1192790833,1218.000000000000000
      894405427,1219.000000000000000
     1425926964,1220.000000000000000
      922536762,1223.000000000000000
      193628988,385.000000000000000
     1309797181,1225.000000000000000
      405179198,630.000000000000000
     1831422783,1227.000000000000000
     4118555456,1228.000000000000000
     2431150913,1229.000000000000000
      233278274,1230.000000000000000
      189960673,1927.000000000000000
      128699208,1232.000000000000000
     2056899406,169.000000000000000
     1608510287,1235.000000000000000
     4277267286,1237.000000000000000
     2374896473,454.000000000000000
     1885207695,955.000000000000000
     1898064737,1241.000000000000000
     3421047650,1242.000000000000000
      438504297,495.000000000000000
       38529900,1244.000000000000000
      412396401,1245.000000000000000
     3241708403,525.000000000000000
     3544271743,556.000000000000000
     4134914945,1251.000000000000000
       15666050,1252.000000000000000
     1866476419,1253.000000000000000
      470264709,1254.000000000000000
     3504622477,1255.000000000000000
     2416569231,1256.000000000000000
     2304674709,1258.000000000000000
     3867257754,1259.000000000000000
     2081278875,1147.000000000000000
      131722143,1261.000000000000000
     2646150048,640.000000000000000
      597789611,1265.000000000000000
     3596815284,1266.000000000000000
     3759631297,1268.000000000000000
     4083223490,1269.000000000000000
      635537227,2983.000000000000000
     1437936582,1271.000000000000000
     3839658957,1272.000000000000000
      922490701,2520.000000000000000
      151276515,792.000000000000000
     4173835236,238.000000000000000
     1704225769,1282.000000000000000
     2906852332,1284.000000000000000
      941501424,832.000000000000000
     4034210806,1290.000000000000000
     3785534455,1291.000000000000000
     3905473528,1292.000000000000000
     1214999547,1295.000000000000000
     3314961405,1296.000000000000000
      249973761,1299.000000000000000
     2168327170,2666.000000000000000
      812100611,1301.000000000000000
     3298692104,895.000000000000000
      446540812,907.000000000000000
     3421907983,1305.000000000000000
     2074416984,1306.000000000000000
     1466372611,2254.000000000000000
      812198935,1309.000000000000000
     1547700058,1311.000000000000000
      892800032,1313.000000000000000
     1859578915,1314.000000000000000
     3276610737,3100.000000000000000
     1464842076,1317.000000000000000
     1732070447,1319.000000000000000
      422128692,1321.000000000000000
      136563772,1323.000000000000000
      214707270,1329.000000000000000
     3724069959,1330.000000000000000
      964193353,1068.000000000000000
      225113954,1333.000000000000000
      724896846,1334.000000000000000
       27472397,1947.000000000000000
     2132896853,3171.000000000000000
      186731606,1338.000000000000000
     3139345593,1339.000000000000000
     4113091686,1343.000000000000000
      890483217,1950.000000000000000
     1281133672,1345.000000000000000
     1916316778,1346.000000000000000
     3866823789,1347.000000000000000
      637979759,1348.000000000000000
     1547750521,1351.000000000000000
     4221947002,109.000000000000000
      657779836,1354.000000000000000
     1309641855,1355.000000000000000
     1543539840,1356.000000000000000
       57560196,1211.000000000000000
     2315750533,1359.000000000000000
      315616399,1362.000000000000000
     1237707923,1364.000000000000000
      546335892,1365.000000000000000
     2667998362,1366.000000000000000
     2619206821,1276.000000000000000
     2886823078,1371.000000000000000
     1808840561,2542.000000000000000
     4289817784,1377.000000000000000
     4067798202,1341.000000000000000
      676539582,1380.000000000000000
     2995955573,2260.000000000000000
     3189394625,1382.000000000000000
     2490846405,1385.000000000000000
     4207217864,1387.000000000000000
      619728073,1388.000000000000000
     3415207115,3378.000000000000000
     2792025292,2523.000000000000000
     2746559694,1391.000000000000000
     1234980050,1392.000000000000000
     1197239508,1401.000000000000000
     4166159578,2381.000000000000000
     1087081695,1397.000000000000000
     1501711584,2223.000000000000000
      892251366,1399.000000000000000
     1956637930,1402.000000000000000
     3450391790,1404.000000000000000
      326528240,1405.000000000000000
     1806167282,1406.000000000000000
     1270320376,1408.000000000000000
     2680032505,1496.000000000000000
     2940169470,1509.000000000000000
     1575709954,1413.000000000000000
     2510011606,3354.000000000000000
     1984441612,1416.000000000000000
       81603853,1547.000000000000000
     1198722318,1418.000000000000000
     2287758612,1419.000000000000000
     1400704277,1420.000000000000000
     4057451798,1421.000000000000000
     1084009755,1423.000000000000000
     1612639517,1424.000000000000000
     2030794629,1425.000000000000000
     3119066405,2127.000000000000000
     1129975088,1432.000000000000000
      218664243,1642.000000000000000
     1627884852,1435.000000000000000
     4203793720,2048.000000000000000
     2948992316,1438.000000000000000
     3646262592,2497.000000000000000
      340897089,2061.000000000000000
      963325255,1687.000000000000000
     3003100489,1442.000000000000000
     1736035661,1444.000000000000000
     3819482455,1446.000000000000000
     3509464412,1447.000000000000000
     3729493345,1449.000000000000000
     1808911717,33.000000000000000
     4136856940,1453.000000000000000
     3306630510,2970.000000000000000
      876080497,1456.000000000000000
     3045444979,1457.000000000000000
     3877088629,1804.000000000000000
     4112346491,1459.000000000000000
     2275192200,1466.000000000000000
     3115961744,1468.000000000000000
     1121602963,1469.000000000000000
      554233248,1473.000000000000000
     2749003675,2595.000000000000000
     3111587242,1476.000000000000000
     2801913261,1948.000000000000000
     2292977070,1478.000000000000000
       95774621,1479.000000000000000
     1879928240,1480.000000000000000
     4023700917,1482.000000000000000
     1294380470,1969.000000000000000
     2861403575,1484.000000000000000
      714436037,1490.000000000000000
     1963837347,834.000000000000000
       52301276,1499.000000000000000
     3370348001,2070.000000000000000
      521080290,1502.000000000000000
      157732323,1503.000000000000000
     1092218350,1506.000000000000000
     2427375089,1508.000000000000000
     2573356539,2138.000000000000000
      438541117,2951.000000000000000
     2317192710,1851.000000000000000
     2467114242,1686.000000000000000
     3432402448,1516.000000000000000
     2612645396,1518.000000000000000
     1666158101,1519.000000000000000
     1128051289,1302.000000000000000
     3023048216,1521.000000000000000
     3574722077,2225.000000000000000
       42935543,1523.000000000000000
      433974817,1524.000000000000000
     3187461675,1526.000000000000000
     2567114284,1527.000000000000000
     2584023645,1528.000000000000000
     3165597234,1531.000000000000000
     1591840307,2281.000000000000000
     4294270217,1535.000000000000000
       61279800,2298.000000000000000
      783765051,601.000000000000000
     4027829823,1538.000000000000000
     2937826883,1540.000000000000000
     3746065989,1541.000000000000000
     2434666055,2343.000000000000000
      124726856,1543.000000000000000
      441200201,1544.000000000000000
     1484713229,3349.000000000000000
     1615064656,1548.000000000000000
     3111947859,1550.000000000000000
       80662100,1551.000000000000000
      182988375,2387.000000000000000
     1341727332,1554.000000000000000
     2110109626,2579.000000000000000
     1174163042,1559.000000000000000
     3160174180,2419.000000000000000
     3273059941,789.000000000000000
     1939639911,1498.000000000000000
     3061108330,2435.000000000000000
     3728625259,1564.000000000000000
      534703725,903.000000000000000
      390794866,1566.000000000000000
     1566551667,1567.000000000000000
      117821048,1570.000000000000000
     3788000892,1571.000000000000000
     4167003777,2492.000000000000000
     3781652098,1574.000000000000000
     2503822984,1577.000000000000000
      595299979,1579.000000000000000
      267021979,1580.000000000000000
     1787417200,1581.000000000000000
       46861991,1725.000000000000000
     2308848817,1316.000000000000000
      372616876,1585.000000000000000
     1072588745,1586.000000000000000
     2777108152,1587.000000000000000
     1094151866,1588.000000000000000
     2952851131,1589.000000000000000
     4116467389,1590.000000000000000
     2554299873,654.000000000000000
     1015049924,1593.000000000000000
      568225478,2668.000000000000000
        1257163,1596.000000000000000
     3766718161,2703.000000000000000
     1131998935,1599.000000000000000
     3779145439,2734.000000000000000
      158502627,1607.000000000000000
     1257934569,3240.000000000000000
     3527479018,865.000000000000000
     4253662503,1611.000000000000000
     1742016237,1612.000000000000000
     2835645053,1613.000000000000000
      339693299,1615.000000000000000
     1270771444,1616.000000000000000
     1285533434,1618.000000000000000
     3594702588,1619.000000000000000
      569716486,1624.000000000000000
     3493744392,1625.000000000000000
     1118646028,1626.000000000000000
     1755041549,1627.000000000000000
     3811110673,1628.000000000000000
     3559935768,1629.000000000000000
     1856163611,1630.000000000000000
      470564430,1631.000000000000000
     2494672673,1632.000000000000000
     3280760610,1633.000000000000000
     2871398184,1635.000000000000000
     2059693868,1638.000000000000000
     2002825005,1639.000000000000000
     1821355823,2935.000000000000000
     2754340045,535.000000000000000
     1563422519,1643.000000000000000
     4184403768,1644.000000000000000
     2891705652,1645.000000000000000
     1947537211,1646.000000000000000
     2326703934,2968.000000000000000
     4131991365,1648.000000000000000
     1520840518,1649.000000000000000
     1466478409,1726.000000000000000
     1088122699,3008.000000000000000
     1625018191,847.000000000000000
     3360501585,1654.000000000000000
      977096533,1655.000000000000000
      891039579,1657.000000000000000
     2575724380,1658.000000000000000
     2424926057,1659.000000000000000
     3913175832,2057.000000000000000
     1306963824,3095.000000000000000
      333893490,1663.000000000000000
     2842627955,1664.000000000000000
     2790084474,1666.000000000000000
     3598651262,1667.000000000000000
     3701772160,1669.000000000000000
     2219446146,1671.000000000000000
      872843243,866.000000000000000
     1111143713,1675.000000000000000
     3528822674,3179.000000000000000
      386305939,1678.000000000000000
     3936325532,1680.000000000000000
     1404981150,3216.000000000000000
     1193187313,2596.000000000000000
       20688811,2104.000000000000000
     3740528556,3245.000000000000000
     2853515181,1689.000000000000000
     3113996209,1690.000000000000000
     1660064414,2002.000000000000000
     1890627511,1694.000000000000000
     2260168632,1695.000000000000000
     1434742717,1696.000000000000000
     3640913861,1697.000000000000000
      888173217,2004.000000000000000
     1497722098,1699.000000000000000
     1845333964,1701.000000000000000
      225832912,1702.000000000000000
       73166801,1703.000000000000000
      797700051,3348.000000000000000
     3357044693,1705.000000000000000
      888716623,2280.000000000000000
     2629504988,1708.000000000000000
     2833321952,1710.000000000000000
     2626951163,1712.000000000000000
     3111604202,1713.000000000000000
     2572185579,1714.000000000000000
     2221617133,1715.000000000000000
     1065373685,1716.000000000000000
     2359283704,3448.000000000000000
     1002508282,1718.000000000000000
     2144358400,0.000000000000000
     4059254786,1720.000000000000000
     2151395332,3241.000000000000000
     1771663369,1724.000000000000000
     1644675757,304.000000000000000
     2880106515,1728.000000000000000
     3645190166,1731.000000000000000
     2797146136,1732.000000000000000
     1003261977,1733.000000000000000
     4010594330,1052.000000000000000
      599339043,1737.000000000000000
      419508265,105.000000000000000
     2960835250,1741.000000000000000
     3216420911,1742.000000000000000
      785199153,1743.000000000000000
     3114435252,1747.000000000000000
     1968173115,151.000000000000000
      860614717,2189.000000000000000
      368218175,1750.000000000000000
      570683458,1751.000000000000000
     1182511172,181.000000000000000
     3357118537,1753.000000000000000
     2836033610,1754.000000000000000
     3658068043,1755.000000000000000
     1667321933,1756.000000000000000
     1891242075,241.000000000000000
      513757280,1764.000000000000000
     1141059689,1766.000000000000000
     4061130858,1289.000000000000000
     3817222253,500.000000000000000
     4210077806,1987.000000000000000
      801247343,1770.000000000000000
     1404883058,2010.000000000000000
     3517788275,1773.000000000000000
     2602663273,3269.000000000000000
     1048768634,1777.000000000000000
     2657046652,1778.000000000000000
     3864252545,1779.000000000000000
     2237673603,1780.000000000000000
     2421854341,1781.000000000000000
      136507530,1782.000000000000000
      924930627,1784.000000000000000
      651522193,1785.000000000000000
     2166853780,1786.000000000000000
     2702725269,1787.000000000000000
     4151390359,404.000000000000000
     2986135709,2700.000000000000000
     1758154911,1792.000000000000000
     2516537511,1794.000000000000000
     3086430378,446.000000000000000
     1435692403,1799.000000000000000
     3685699764,2819.000000000000000
     2678173878,1801.000000000000000
     2225983673,1802.000000000000000
      160329916,1803.000000000000000
     1639616705,1805.000000000000000
     2313941188,1806.000000000000000
     2584465614,1809.000000000000000
     1085755604,1812.000000000000000
     2336269006,2736.000000000000000
     1392865495,1815.000000000000000
      204878041,1816.000000000000000
     2208863950,3295.000000000000000
      411234533,1820.000000000000000
     3142389990,605.000000000000000
     2562715879,1822.000000000000000
     1832407275,1823.000000000000000
       51712238,492.000000000000000
     3871650035,635.000000000000000
     2483400949,639.000000000000000
       60575993,1829.000000000000000
     2130260220,1830.000000000000000
     3350425853,1831.000000000000000
     2476863742,659.000000000000000
     1659875587,1833.000000000000000
     2477863173,1834.000000000000000
     1547096328,1836.000000000000000
     2777682188,694.000000000000000
      742314262,1842.000000000000000
      798781721,1844.000000000000000
     2888331548,1846.000000000000000
     4292202783,1847.000000000000000
     2007396645,2371.000000000000000
      326324523,1852.000000000000000
     1881395523,1858.000000000000000
     1117376840,1860.000000000000000
     3651252553,844.000000000000000
     3393409355,850.000000000000000
     4240494925,1864.000000000000000
     2956833103,1865.000000000000000
     1540526416,1866.000000000000000
     1310118228,1868.000000000000000
       18403675,1870.000000000000000
     3357978977,1873.000000000000000
       48025958,923.000000000000000
     1330295145,3454.000000000000000
     3185160556,2622.000000000000000
     1735913840,1881.000000000000000
     2328408434,1883.000000000000000
     2424140147,2493.000000000000000
      604664181,1885.000000000000000
     1622684023,1464.000000000000000
     4134559124,3415.000000000000000
     1571344767,1889.000000000000000
     1945629056,1890.000000000000000
     2355196302,1892.000000000000000
     2244055444,1894.000000000000000
      502436245,1895.000000000000000
     1502884246,1850.000000000000000
     3126899100,1899.000000000000000
     3530199455,1069.000000000000000
     2656756466,332.000000000000000
     4075598256,1905.000000000000000
     3791221174,1906.000000000000000
     3342668217,1909.000000000000000
      519926207,1143.000000000000000
     2989142466,1913.000000000000000
     3548320198,1915.000000000000000
     1564103114,1165.000000000000000
     2135077325,1917.000000000000000
      474837456,1919.000000000000000
     1093013972,1921.000000000000000
     3503854040,1923.000000000000000
     2147815901,52.000000000000000
     1256182240,1926.000000000000000
     1905316321,1231.000000000000000
       87519714,1928.000000000000000
     1686114793,1931.000000000000000
     3822293485,1933.000000000000000
     3408679406,1934.000000000000000
     2990330352,1935.000000000000000
     3120738802,1936.000000000000000
     2122168404,2637.000000000000000
     3520115198,1939.000000000000000
     4113224195,1307.000000000000000
     2837329513,192.000000000000000
     2350354953,1944.000000000000000
     2571596299,1945.000000000000000
     1198436877,2059.000000000000000
      473862671,1340.000000000000000
     1672737297,1344.000000000000000
     3980784151,1952.000000000000000
     3613018202,1953.000000000000000
      697963049,1957.000000000000000
      280945415,1959.000000000000000
      476525107,1961.000000000000000
     1443332873,1962.000000000000000
     4168364602,1963.000000000000000
     2441351741,1964.000000000000000
      819589694,2237.000000000000000
     2476257859,1967.000000000000000
     2640457142,1386.000000000000000
     3536450118,1970.000000000000000
      606532167,1971.000000000000000
      906285644,1972.000000000000000
      336466512,1973.000000000000000
     1352815192,1975.000000000000000
     3814961753,1520.000000000000000
     2478674523,1977.000000000000000
     2007282268,1978.000000000000000
      170226269,1979.000000000000000
      237580894,1980.000000000000000
     1269019240,1985.000000000000000
       28562031,1988.000000000000000
     2931069552,1485.000000000000000
     2379077800,1709.000000000000000
     1444024960,1622.000000000000000
      936596102,1994.000000000000000
      586519180,1995.000000000000000
     1301975697,1997.000000000000000
     1730433688,1999.000000000000000
     2970555038,770.000000000000000
     3498168993,1698.000000000000000
     2911457959,2006.000000000000000
     4107874988,2008.000000000000000
     2402292397,2009.000000000000000
     1438274224,2011.000000000000000
     1777947317,3015.000000000000000
     2084278972,2014.000000000000000
     1421005503,2015.000000000000000
     1494217410,1783.000000000000000
      565949124,2019.000000000000000
      175198917,2020.000000000000000
      583611083,2022.000000000000000
     3384578765,2023.000000000000000
     1782723279,2025.000000000000000
     2097738457,2030.000000000000000
     2389824220,2033.000000000000000
     3222165626,1841.000000000000000
     2592420575,2035.000000000000000
     1239435542,2036.000000000000000
     3518264036,2038.000000000000000
     2382885606,2039.000000000000000
     1022186216,2040.000000000000000
     2053690102,2045.000000000000000
     2249691904,2049.000000000000000
     3469480706,2912.000000000000000
     3021493001,2053.000000000000000
     1991938829,2054.000000000000000
     3229520661,2056.000000000000000
     2101334808,2965.000000000000000
     3217699612,1608.000000000000000
      849261353,2064.000000000000000
     1292038956,2065.000000000000000
       13579059,2067.000000000000000
     1078121284,2069.000000000000000
     1937757001,2071.000000000000000
     1091227106,2073.000000000000000
      753881937,1986.000000000000000
      944763734,715.000000000000000
     2388218712,2077.000000000000000
      892212061,2327.000000000000000
     3296187235,2082.000000000000000
     3507802980,2083.000000000000000
     1602499431,2084.000000000000000
     2056270699,2086.000000000000000
     3042571116,2087.000000000000000
     3374379886,2088.000000000000000
     2584441712,2089.000000000000000
     2915136374,2092.000000000000000
     2790757250,2097.000000000000000
       39662473,2284.000000000000000
      544502666,2102.000000000000000
     1496134540,2103.000000000000000
      571839380,2106.000000000000000
     2996056988,2107.000000000000000
     3896652702,2109.000000000000000
     3557749663,2350.000000000000000
     3542741923,2111.000000000000000
      860074920,2112.000000000000000
     1561932719,2117.000000000000000
     3095622577,2396.000000000000000
     3227046837,2121.000000000000000
     2251035578,2122.000000000000000
     4062335936,2124.000000000000000
     2522682305,2125.000000000000000
     1705530308,2126.000000000000000
     3696571334,2128.000000000000000
     3501863883,2131.000000000000000
      511906768,2132.000000000000000
     4206736337,2133.000000000000000
     3969135570,2177.000000000000000
     1240241112,2135.000000000000000
     4051833820,2136.000000000000000
     2006040353,3370.000000000000000
     2687480803,2522.000000000000000
      440939493,280.000000000000000
     3558003689,2141.000000000000000
      135869424,2145.000000000000000
      197093544,953.000000000000000
     1333195762,2572.000000000000000
      322589684,2148.000000000000000
     1037939704,2151.000000000000000
     1912189950,2154.000000000000000
     4116632580,2156.000000000000000
     1874916359,2158.000000000000000
     3824833561,2163.000000000000000
      927241245,2165.000000000000000
      944157726,2166.000000000000000
     1116599329,2167.000000000000000
     1270992390,1513.000000000000000
     3718927404,2169.000000000000000
     4197446704,2171.000000000000000
     3852096562,2721.000000000000000
     1758966843,2176.000000000000000
     2334716998,2179.000000000000000
     3778204746,2181.000000000000000
     1305760850,2183.000000000000000
      244462675,2184.000000000000000
     1919152996,2186.000000000000000
      943707226,2187.000000000000000
     2043376732,2188.000000000000000
     4017534046,2836.000000000000000
     2154708496,2190.000000000000000
     2684771858,2193.000000000000000
     2906420334,2194.000000000000000
     4197151858,2196.000000000000000
     3085964404,2198.000000000000000
     2377872506,2199.000000000000000
     1548748991,2200.000000000000000
     3040318592,2201.000000000000000
     4039144577,2202.000000000000000
     3423802502,2205.000000000000000
     1524790409,2946.000000000000000
     1376646283,2955.000000000000000
     3675509902,2208.000000000000000
     2052215951,2209.000000000000000
      865973392,2210.000000000000000
     1120441496,2214.000000000000000
     4151208132,2215.000000000000000
      932664477,2216.000000000000000
     3507590304,2217.000000000000000
      384586913,3010.000000000000000
     1546777764,2220.000000000000000
     4211618984,2222.000000000000000
     2979116205,2812.000000000000000
      392377518,2224.000000000000000
     4050719921,3047.000000000000000
     1360598195,2228.000000000000000
     4216542392,2230.000000000000000
     2137593022,3078.000000000000000
      256070847,3080.000000000000000
     1673548992,2233.000000000000000
     2848232641,2234.000000000000000
     1465881794,2235.000000000000000
     1740027076,3092.000000000000000
     1355830470,3096.000000000000000
      391486463,2239.000000000000000
       66827474,3128.000000000000000
     1679398101,2244.000000000000000
     4025644250,3147.000000000000000
      321967324,2246.000000000000000
     1379431645,2247.000000000000000
      358642912,2248.000000000000000
     3058144487,2249.000000000000000
     4029453550,2252.000000000000000
     2136347889,2255.000000000000000
     3048527090,2256.000000000000000
       18527477,3221.000000000000000
     1077458166,2259.000000000000000
     2152346877,2261.000000000000000
     3623908612,2262.000000000000000
      705066247,2263.000000000000000
      873911567,3279.000000000000000
     2242966804,2268.000000000000000
     3933263128,3300.000000000000000
     3587429660,2271.000000000000000
     2289595681,3327.000000000000000
      183359707,2689.000000000000000
     3109672237,2278.000000000000000
      468416893,2699.000000000000000
     1082086708,3380.000000000000000
      947148085,2283.000000000000000
     3069891465,2101.000000000000000
     4263990585,2285.000000000000000
     1236740319,977.000000000000000
     1853191050,2287.000000000000000
     1498838336,2290.000000000000000
     3678401862,2294.000000000000000
     2492675400,2295.000000000000000
     2919210693,3325.000000000000000
      467211596,2296.000000000000000
     1341625680,3037.000000000000000
     2119570771,2299.000000000000000
     2830325078,2300.000000000000000
     2306061655,2301.000000000000000
     2981311836,2302.000000000000000
     3304576351,2304.000000000000000
     1610184032,31.000000000000000
     3316633147,2307.000000000000000
      501962084,2308.000000000000000
     3090437477,41.000000000000000
     2208191846,2310.000000000000000
     3979113834,2313.000000000000000
     4272829805,57.000000000000000
     1171027314,765.000000000000000
      156964214,2319.000000000000000
      588242317,2321.000000000000000
      622466425,2322.000000000000000
      173299067,2323.000000000000000
     1156633980,2324.000000000000000
      696685957,2326.000000000000000
     2598065556,2332.000000000000000
     3557094808,2334.000000000000000
     1580438941,2336.000000000000000
       84317600,2337.000000000000000
     2855671201,2338.000000000000000
      242955686,2340.000000000000000
      738039210,2342.000000000000000
     1651219599,3088.000000000000000
     1239109318,2345.000000000000000
     3485953609,2348.000000000000000
     3742897593,2349.000000000000000
      981652924,2351.000000000000000
      335181247,2353.000000000000000
     2883999170,3402.000000000000000
     3364795734,2356.000000000000000
     3567990215,2357.000000000000000
      739218891,2358.000000000000000
      171775437,319.000000000000000
      466367952,2360.000000000000000
     3863713234,2362.000000000000000
      314179150,3146.000000000000000
     3422180824,226.000000000000000
      351587919,2367.000000000000000
     4115720443,2229.000000000000000
     2582709158,418.000000000000000
     3290822121,393.000000000000000
     1966446059,2373.000000000000000
     3746575853,2094.000000000000000
     1158059503,412.000000000000000
     2937419248,2376.000000000000000
      132953585,2042.000000000000000
     3343150373,3061.000000000000000
     2682582518,2380.000000000000000
     3008132600,436.000000000000000
     2487299384,1436.000000000000000
     2009945606,2384.000000000000000
     1071396361,2386.000000000000000
     1720399375,2388.000000000000000
      821933587,493.000000000000000
     2624099863,2391.000000000000000
     3058402847,530.000000000000000
     1886295579,517.000000000000000
     1795282466,2394.000000000000000
     2374923813,542.000000000000000
     3849475626,2397.000000000000000
     3247797804,2586.000000000000000
     1212634670,2399.000000000000000
     1789539889,2401.000000000000000
     1971115572,582.000000000000000
      582489655,2405.000000000000000
     2645702202,2406.000000000000000
     3234780736,2407.000000000000000
     4243338818,2409.000000000000000
       91739717,2410.000000000000000
     3588904522,2412.000000000000000
     2483377740,2413.000000000000000
     2236601934,2414.000000000000000
     3094918738,2415.000000000000000
     2176816726,2416.000000000000000
      525997655,2417.000000000000000
     3880154712,2418.000000000000000
      261510752,2422.000000000000000
     3410957922,2423.000000000000000
     3435443813,2424.000000000000000
     4198307433,2427.000000000000000
     2388883054,2429.000000000000000
      185407090,2431.000000000000000
      617879162,2433.000000000000000
     2118084886,2438.000000000000000
     3478886022,2439.000000000000000
     3402217097,2440.000000000000000
     3218437773,2441.000000000000000
     3883677327,798.000000000000000
      941771033,2682.000000000000000
     4180530846,2288.000000000000000
     1275393695,2448.000000000000000
     1332237991,2450.000000000000000
     1638313586,2453.000000000000000
     2160055984,2454.000000000000000
      295515825,2455.000000000000000
     3874215604,2457.000000000000000
     3933861560,2458.000000000000000
     4208424633,2459.000000000000000
     3960059590,2464.000000000000000
     3158144716,969.000000000000000
     2527024846,2467.000000000000000
     1205966543,2468.000000000000000
     3253046904,2469.000000000000000
      611202773,2470.000000000000000
     3298506462,2472.000000000000000
     3274798815,2473.000000000000000
     2381166311,2475.000000000000000
     1200830187,2476.000000000000000
     1518423631,2480.000000000000000
      602085114,2484.000000000000000
     3883054843,1845.000000000000000
     2494748414,2486.000000000000000
     4201297666,2489.000000000000000
     3657103121,2495.000000000000000
     2224142102,2498.000000000000000
     4285110044,2500.000000000000000
     3899905824,2502.000000000000000
     3661641508,2503.000000000000000
      720672552,2504.000000000000000
     4143560490,2506.000000000000000
     1881110329,2510.000000000000000
     1657820987,2512.000000000000000
     2759186237,2513.000000000000000
     3806140231,2517.000000000000000
      313775948,2519.000000000000000
     3561609037,1273.000000000000000
       32388948,1293.000000000000000
     2497869653,1297.000000000000000
     3418183512,2525.000000000000000
     2709034841,2526.000000000000000
     2191300442,2527.000000000000000
     2011993948,2528.000000000000000
     3869894970,1007.000000000000000
     1637365598,1322.000000000000000
     1732637669,2531.000000000000000
     1582536544,2532.000000000000000
     2310846305,2533.000000000000000
     1679660898,2534.000000000000000
     1211938659,2535.000000000000000
     1638676327,2537.000000000000000
     1300567917,2540.000000000000000
     4172461937,1372.000000000000000
     1739863923,2543.000000000000000
     1528485753,2546.000000000000000
     3381188479,2547.000000000000000
      288397188,2549.000000000000000
     3882964869,2550.000000000000000
     1491908492,2553.000000000000000
     2550691725,2554.000000000000000
     1921382330,2555.000000000000000
     3404068752,2556.000000000000000
     2750404497,1451.000000000000000
     1645606805,2559.000000000000000
     2551666585,2561.000000000000000
     1604024219,3424.000000000000000
     3550779297,2565.000000000000000
     1221009051,2566.000000000000000
     3451967396,2567.000000000000000
      359864230,1504.000000000000000
      179509162,2570.000000000000000
      925185965,2765.000000000000000
     2913793969,1525.000000000000000
     1453414330,1556.000000000000000
     3158480830,1568.000000000000000
      226736066,2583.000000000000000
     2265090379,1015.000000000000000
     2477266886,2585.000000000000000
      554056686,2587.000000000000000
     3631372238,2588.000000000000000
     2438748111,2589.000000000000000
     2987530192,2590.000000000000000
     2642753501,2591.000000000000000
      580103847,2594.000000000000000
      493197297,1685.000000000000000
     4208333822,2598.000000000000000
     2869240831,447.000000000000000
      678940729,979.000000000000000
     2079665836,2605.000000000000000
     1284511760,2607.000000000000000
     3449395218,2609.000000000000000
     4085970964,1776.000000000000000
     1613707386,2320.000000000000000
     2610558998,267.000000000000000
      437327904,3085.000000000000000
     3232315427,2615.000000000000000
     1729181738,2616.000000000000000
     3657848878,2617.000000000000000
      805615667,2618.000000000000000
      976910388,2619.000000000000000
     1977284662,2620.000000000000000
     2596952119,1006.000000000000000
      932018235,1875.000000000000000
      427808828,2624.000000000000000
     3456333885,2625.000000000000000
     2493978686,2626.000000000000000
      551057472,2627.000000000000000
      715610178,2628.000000000000000
     1811899403,450.000000000000000
     2018506826,2632.000000000000000
     2394025655,2633.000000000000000
     1383159884,2634.000000000000000
     1101158478,2635.000000000000000
     4146624593,2636.000000000000000
     3410212948,2564.000000000000000
     1709185112,2639.000000000000000
     2926860379,2641.000000000000000
     1514248290,2642.000000000000000
     1551325285,1981.000000000000000
     2458753130,2644.000000000000000
     3102701678,2645.000000000000000
     3405480451,225.000000000000000
     1087592563,2647.000000000000000
      138197111,2648.000000000000000
     3933755514,124.000000000000000
     2589694076,2651.000000000000000
     4198365309,2652.000000000000000
     2568684888,597.000000000000000
     3609788096,3323.000000000000000
     3267967108,1012.000000000000000
     1576130694,2656.000000000000000
     1188789953,3324.000000000000000
     2933889167,3196.000000000000000
     4056283291,1937.000000000000000
      503453855,2664.000000000000000
      421583216,2665.000000000000000
      330002118,3060.000000000000000
     3832551592,2146.000000000000000
     3581273116,457.000000000000000
     3504232619,2671.000000000000000
      829192364,2672.000000000000000
       76011693,2673.000000000000000
     3719747758,2674.000000000000000
     3869382833,2675.000000000000000
      875118281,3328.000000000000000
     3986745716,2677.000000000000000
     1837160634,2678.000000000000000
     3473062078,2681.000000000000000
     1132714357,2870.000000000000000
      789592262,2683.000000000000000
       88373450,2685.000000000000000
      788560084,2687.000000000000000
     3615217883,2275.000000000000000
     2072312029,2691.000000000000000
     4255810597,462.000000000000000
      893065444,2694.000000000000000
     4022775505,2696.000000000000000
     1085602029,2697.000000000000000
     3320682734,2698.000000000000000
     1109121263,2335.000000000000000
     1745590513,2701.000000000000000
      623458559,2573.000000000000000
     1220720897,2385.000000000000000
     3614505789,2707.000000000000000
      361732358,2708.000000000000000
     3407411468,2709.000000000000000
     2887596301,2710.000000000000000
     3459275023,2420.000000000000000
      927439134,2717.000000000000000
     1956268421,2718.000000000000000
      729512225,742.000000000000000
     3691403563,2724.000000000000000
     1200462129,2727.000000000000000
      697006387,2729.000000000000000
     4029937973,1843.000000000000000
      159635782,2738.000000000000000
     4075493706,2581.000000000000000
     1369454925,2743.000000000000000
     1951029591,2746.000000000000000
      203774297,2747.000000000000000
      958658909,2749.000000000000000
     3265034590,2750.000000000000000
     1576114533,2752.000000000000000
       72718694,2753.000000000000000
     1871985001,2754.000000000000000
     1741699434,2755.000000000000000
     3356088685,2659.000000000000000
     4113152368,2758.000000000000000
     3583203698,2759.000000000000000
     3117619572,2760.000000000000000
     2343754101,2761.000000000000000
      848662249,2763.000000000000000
     1403378041,2764.000000000000000
     1361631611,2693.000000000000000
     3914362602,328.000000000000000
        4643202,2768.000000000000000
     3307264388,2770.000000000000000
     3271063951,2772.000000000000000
      485333393,2773.000000000000000
      670357906,2774.000000000000000
     2863987099,2775.000000000000000
     2047220126,2777.000000000000000
     4149287333,2778.000000000000000
       37935529,2780.000000000000000
     3328186799,2783.000000000000000
      689772978,2784.000000000000000
     2537568694,2785.000000000000000
     2277284281,934.000000000000000
     3422230977,2789.000000000000000
      512334274,2790.000000000000000
     3200489924,2792.000000000000000
     2457386742,2793.000000000000000
     2308995527,2794.000000000000000
     3073882568,2795.000000000000000
     1854691785,2796.000000000000000
     3566295499,2797.000000000000000
     2187549133,2798.000000000000000
     3618181813,2012.000000000000000
      203979224,2933.000000000000000
     4241785291,2803.000000000000000
     2437863907,2804.000000000000000
     1359378916,2805.000000000000000
     2463136232,2806.000000000000000
     1709521385,2969.000000000000000
     2901006827,2808.000000000000000
     2333530607,2988.000000000000000
     1786010104,2814.000000000000000
     3288160761,3017.000000000000000
     3883276796,2816.000000000000000
      669817356,2822.000000000000000
     3263830544,2823.000000000000000
     2657384977,2824.000000000000000
     3585636883,2825.000000000000000
     2131909140,2826.000000000000000
     2667043355,2827.000000000000000
     2404661795,2829.000000000000000
     2846800427,2832.000000000000000
     3553172013,3139.000000000000000
     3289564253,486.000000000000000
     3250715193,3169.000000000000000
     4081252925,3180.000000000000000
      271497799,2843.000000000000000
        9768716,2844.000000000000000
     3817855562,2845.000000000000000
     2499344973,2846.000000000000000
      957332047,2847.000000000000000
     3397794385,2848.000000000000000
     3967015511,2265.000000000000000
      875764320,2854.000000000000000
     2753223268,2855.000000000000000
      771340907,2857.000000000000000
     2449627756,2858.000000000000000
     1806793328,3308.000000000000000
     3736459894,2861.000000000000000
     1148893818,2862.000000000000000
     2990185083,2863.000000000000000
     2046892668,3341.000000000000000
      397204095,3352.000000000000000
     1449008960,3383.000000000000000
     1351482663,2055.000000000000000
     2776128130,2867.000000000000000
       40491651,3362.000000000000000
     2229549705,3379.000000000000000
     3238230667,3386.000000000000000
     2571655820,2873.000000000000000
     1929247386,2878.000000000000000
     1227471515,2879.000000000000000
     1134443164,2880.000000000000000
     1882749605,2884.000000000000000
     3033774758,2885.000000000000000
      430414510,2888.000000000000000
     1319968541,2068.000000000000000
      586021554,2890.000000000000000
     2315229877,2892.000000000000000
     1948625147,2894.000000000000000
     4081760952,2895.000000000000000
      358260511,3369.000000000000000
       22256316,2898.000000000000000
     1331550909,48.000000000000000
     2311822017,2900.000000000000000
     3590882422,494.000000000000000
     1204391713,2904.000000000000000
     4018109131,2907.000000000000000
     1888672462,2908.000000000000000
     3612859092,2909.000000000000000
     1731795669,2910.000000000000000
     2839780066,2914.000000000000000
      866073317,2915.000000000000000
     2907028199,2253.000000000000000
     4265422151,1441.000000000000000
     3729758955,2917.000000000000000
     3384551890,1080.000000000000000
      363141879,1918.000000000000000
     3755088636,2923.000000000000000
     1520301184,2452.000000000000000
     2034572043,2928.000000000000000
     3436862222,264.000000000000000
     2890521360,2932.000000000000000
     3727825694,2937.000000000000000
     1019198242,2939.000000000000000
       98581287,329.000000000000000
     1060059945,956.000000000000000
     1570650922,2942.000000000000000
     3749239597,2943.000000000000000
     3089701680,2944.000000000000000
      767754035,3376.000000000000000
     2417144969,2206.000000000000000
     3785988920,2947.000000000000000
     4255292219,2949.000000000000000
      970193724,1043.000000000000000
     2117811005,1199.000000000000000
       96967487,396.000000000000000
       15145794,406.000000000000000
     3649688715,2479.000000000000000
     4022688588,2957.000000000000000
     3338779471,2958.000000000000000
     3563690834,2959.000000000000000
      625179483,2960.000000000000000
     1847245667,2961.000000000000000
     2483772261,2962.000000000000000
     2918734700,2963.000000000000000
     4055022445,505.000000000000000
     2867346286,509.000000000000000
     4124490216,2967.000000000000000
     3814265525,2800.000000000000000
     2310486505,3189.000000000000000
     3369384825,2971.000000000000000
     3082582913,16.000000000000000
     2331876230,2976.000000000000000
     1665702791,2977.000000000000000
     3598203784,2978.000000000000000
     3334839183,2981.000000000000000
     1988500374,2985.000000000000000
     4022524826,2043.000000000000000
       16030619,1497.000000000000000
     4160281504,2991.000000000000000
     1818829979,2919.000000000000000
     4037139365,2993.000000000000000
      764009382,2994.000000000000000
     3221486508,3246.000000000000000
     2970154141,2998.000000000000000
     3929193078,3001.000000000000000
      878579529,3002.000000000000000
     1343527868,3003.000000000000000
     4068178877,3004.000000000000000
     1738030014,709.000000000000000
     4241914816,3007.000000000000000
     1839918322,1477.000000000000000
     1815354318,3012.000000000000000
      105642960,3014.000000000000000
     2622856149,1706.000000000000000
     2600873807,1869.000000000000000
     2794118114,3022.000000000000000
     2043248465,3392.000000000000000
     3160595433,636.000000000000000
     3842497516,3026.000000000000000
     2148965358,3027.000000000000000
      158940143,3028.000000000000000
     2604497909,3029.000000000000000
      268442623,1283.000000000000000
     1109564424,3032.000000000000000
     2079505419,3034.000000000000000
     1510816782,3035.000000000000000
     3922295823,2341.000000000000000
     3368393744,919.000000000000000
     2482302037,1337.000000000000000
     2147465338,3039.000000000000000
     3856037277,3040.000000000000000
     2974096410,946.000000000000000
      372857885,3043.000000000000000
      380673055,3044.000000000000000
      394984483,3045.000000000000000
     1533582384,3052.000000000000000
     4219345971,3339.000000000000000
      183204935,1064.000000000000000
     3971218504,3058.000000000000000
     1105067091,3062.000000000000000
       50076758,3063.000000000000000
     1130470487,3365.000000000000000
      173341789,3066.000000000000000
     2941705310,793.000000000000000
     2398788706,3068.000000000000000
     2257353829,3071.000000000000000
     1989368937,3072.000000000000000
       24755307,3073.000000000000000
     4186537070,3074.000000000000000
      250920048,3076.000000000000000
      702889076,3077.000000000000000
     4182602942,2231.000000000000000
     2302891199,2232.000000000000000
      881204355,905.000000000000000
      309935240,3086.000000000000000
     1974402191,1239.000000000000000
     3958791318,3090.000000000000000
     2561965207,3091.000000000000000
     3936615581,3094.000000000000000
     2759880560,3202.000000000000000
     3182419120,3099.000000000000000
     2401565873,521.000000000000000
     4291488745,3102.000000000000000
     2840263860,3103.000000000000000
     1814088826,3104.000000000000000
      410565817,205.000000000000000
      670366919,1374.000000000000000
     2472254668,3112.000000000000000
     2760817870,3113.000000000000000
       68991036,2511.000000000000000
      395738321,3115.000000000000000
     2375990486,1414.000000000000000
     1395580121,3120.000000000000000
     2931588314,3121.000000000000000
     1750662364,3122.000000000000000
     1260751404,3190.000000000000000
     3970042405,1115.000000000000000
     1120148704,3124.000000000000000
     2257001698,3125.000000000000000
     1706497234,2243.000000000000000
     1039301878,3131.000000000000000
      886897913,3132.000000000000000
      491535621,3135.000000000000000
     2194177287,3136.000000000000000
     3141172489,3137.000000000000000
     2228226605,1117.000000000000000
     3968851216,3140.000000000000000
      227245329,3141.000000000000000
     1556585746,3142.000000000000000
     2614397486,3143.000000000000000
     3611704599,3144.000000000000000
     1775099163,3145.000000000000000
      808714118,3150.000000000000000
     1889213735,402.000000000000000
     2509626664,3152.000000000000000
     2419561692,3153.000000000000000
      651050282,1620.000000000000000
     2701409582,3155.000000000000000
     1211170095,3156.000000000000000
     4158479668,460.000000000000000
     2255150393,3159.000000000000000
      376003904,3160.000000000000000
      787487372,3162.000000000000000
     2713115974,571.000000000000000
     1545878855,3164.000000000000000
     1000660300,3166.000000000000000
     1260887373,3167.000000000000000
     3495624015,3168.000000000000000
     2173959522,3173.000000000000000
     2280783209,1774.000000000000000
     2105236843,3177.000000000000000
     3299913618,2663.000000000000000
     1570651505,3181.000000000000000
      209313138,3182.000000000000000
     2505014644,3184.000000000000000
     3698515322,3185.000000000000000
      164953467,3186.000000000000000
      538404590,1053.000000000000000
     1843297665,3191.000000000000000
     1591762309,2016.000000000000000
     3103078432,2613.000000000000000
     2015690124,111.000000000000000
     3931028877,3197.000000000000000
     3262332304,3199.000000000000000
      354131348,3200.000000000000000
     4046083310,3201.000000000000000
     1108729241,3203.000000000000000
     1295580580,3207.000000000000000
     2963283368,3210.000000000000000
     1618673067,3211.000000000000000
     1362372441,796.000000000000000
     3950779824,3213.000000000000000
     3384843698,3215.000000000000000
      287219131,3219.000000000000000
     2583739840,3222.000000000000000
     2610486723,3223.000000000000000
     2330787268,2000.000000000000000
     2337250757,2003.000000000000000
     1241464267,2582.000000000000000
     3397828046,3227.000000000000000
      340975058,3229.000000000000000
      799989205,3230.000000000000000
      235994585,3231.000000000000000
     3336568290,3235.000000000000000
     3255694526,3237.000000000000000
     1904492019,2120.000000000000000
       65797629,1428.000000000000000
     2966199806,2149.000000000000000
     3281387017,2174.000000000000000
     4051443216,3248.000000000000000
     3813654034,3250.000000000000000
     2359614999,1462.000000000000000
     1542995481,2213.000000000000000
     3462888987,2219.000000000000000
     2056594679,3023.000000000000000
     2441575971,3257.000000000000000
     2037194281,3260.000000000000000
     2979749419,3261.000000000000000
     1328774706,648.000000000000000
     1620573756,3268.000000000000000
     1255956033,3270.000000000000000
     2282454601,3273.000000000000000
     1746599500,3274.000000000000000
     4241981006,3275.000000000000000
     4111670865,3277.000000000000000
      448503396,3282.000000000000000
     2145680999,3283.000000000000000
     2903367273,3284.000000000000000
     1849286254,3285.000000000000000
     3360521839,3286.000000000000000
     4087340658,3287.000000000000000
     3924696691,2456.000000000000000
      583376511,1797.000000000000000
     2184633986,3292.000000000000000
     3272932995,3293.000000000000000
     2094557805,3298.000000000000000
     3511541392,472.000000000000000
     4168267032,2269.000000000000000
      599457430,3301.000000000000000
     1678261911,3302.000000000000000
     2295021210,3303.000000000000000
     2397413019,3304.000000000000000
      791486108,2569.000000000000000
     2647432870,3312.000000000000000
     2173427367,3313.000000000000000
     4165164713,3314.000000000000000
     2204466868,3317.000000000000000
      873627318,3318.000000000000000
      510492343,3319.000000000000000
     2510893337,550.000000000000000
      153026235,3321.000000000000000
     3635124854,545.000000000000000
      591328112,2218.000000000000000
     3977731781,2389.000000000000000
     2705112774,3326.000000000000000
     2528212257,2274.000000000000000
     2161078220,2314.000000000000000
      148438730,2680.000000000000000
      991469263,3332.000000000000000
     3454443216,3333.000000000000000
      206110424,1379.000000000000000
     1623826137,3335.000000000000000
     1175566970,3336.000000000000000
     2716475113,3447.000000000000000
     2673098476,3343.000000000000000
     3763732209,3346.000000000000000
     3477126898,3347.000000000000000
     3276087030,3350.000000000000000
     1421057783,3351.000000000000000
     3467385471,2865.000000000000000
     2459865723,1991.000000000000000
     3654246152,3357.000000000000000
     2863300363,3358.000000000000000
     1191894799,3359.000000000000000
     2867445520,3360.000000000000000
      639244931,2868.000000000000000
     2574704410,2881.000000000000000
     3724459805,2889.000000000000000
     3113393951,2897.000000000000000
     3963895585,860.000000000000000
     1363935017,3373.000000000000000
     1729862983,3375.000000000000000
     3275121971,1636.000000000000000
     3526450996,2948.000000000000000
     2810986298,3381.000000000000000
     1139621696,2096.000000000000000
     1455914817,3384.000000000000000
     1651703618,3385.000000000000000
      764501827,2830.000000000000000
     4109639495,3387.000000000000000
      925630280,3388.000000000000000
     1283660428,3389.000000000000000
     3522961232,3021.000000000000000
     2566176593,2723.000000000000000
     1788977308,3393.000000000000000
     1050025814,3394.000000000000000
     2653339480,3395.000000000000000
     2848199995,3397.000000000000000
     3062693740,3087.000000000000000
     3951886190,3400.000000000000000
     1800560616,629.000000000000000
     2359730034,3404.000000000000000
     2539634665,3458.000000000000000
     2884132730,3406.000000000000000
     1069350779,3407.000000000000000
     3048705453,3409.000000000000000
      865197954,3410.000000000000000
     3574120325,3411.000000000000000
     1634516870,3412.000000000000000
      606248839,3413.000000000000000
     2726870921,3414.000000000000000
     2697568142,3417.000000000000000
     1680088979,3183.000000000000000
     2982068117,484.000000000000000
      257654678,3421.000000000000000
     2357903260,3426.000000000000000
     3565502365,3427.000000000000000
      713408414,3428.000000000000000
      224853921,3429.000000000000000
      171698843,3193.000000000000000
     3975717091,593.000000000000000
       52305841,3434.000000000000000
     3851599795,3435.000000000000000
     2988146614,3436.000000000000000
      773332920,101.000000000000000
      729505721,3438.000000000000000
     1576640450,3441.000000000000000
     3373170628,3442.000000000000000
     2883264454,3311.000000000000000
     3855073226,3445.000000000000000
     1174044620,3446.000000000000000
     2135293904,1138.000000000000000
     1836335061,3449.000000000000000
     1897915727,591.000000000000000
     1701158876,3451.000000000000000
     1650802653,3452.000000000000000
     3124314078,3453.000000000000000
     3740147683,3456.000000000000000
     2438152168,3457.000000000000000
      571367201,2197.000000000000000
     2691129325,3460.000000000000000
     1736278008,3464.000000000000000
     4011778046,3466.000000000000000
