,NaiveBayesScorer_LeaveUnscored
3800760322.0,1.0
353755139.0,3.41101194573e-71
2729656324.0,3.18084354366e-43
2830325078.0,0.999699200515
1318838287.0,3.58008716625e-08
946176016.0,1.47970803996e-287
453500945.0,5.23957026333e-55
3191791619.0,8.58169988101e-94
839647252.0,7.72828222769e-46
2511904795.0,1.59612295285e-36
3333611548.0,2.62787651606e-188
3737272353.0,1.17985272086e-294
185188386.0,1.13772387674e-40
573325347.0,2.82795608384e-147
2124324901.0,9.48226428188e-112
197165095.0,1.0
1188814891.0,0.0
982360109.0,1.98707640497e-112
1910931504.0,9.60912885513e-34
966934580.0,3.36849158926e-54
1563967552.0,1.18537958463e-67
3562463301.0,0.00251248746811
3795304520.0,1.77106961827e-258
421388363.0,3.50706492979e-267
1053548620.0,2.39922368194e-58
596918352.0,3.42466968318e-79
3317047384.0,4.81498694249e-144
2813616217.0,5.07909925465e-76
892067936.0,4.4537898776e-54
1650581602.0,6.49106997034e-51
595230820.0,1.75751582452e-22
271982693.0,4.47702542538e-196
2847694951.0,1.0
1811882090.0,7.6593361064e-39
377551549.0,1.0
4113883249.0,2.13847623401e-19
4256784501.0,1.05346329642e-56
2713296789.0,2.55203927776e-207
1919869055.0,2.63359385755e-14
3376365700.0,1.94450637028e-39
456062317.0,1.90769388362e-176
1438113939.0,1.73429504937e-127
3993051292.0,1.0
2703515805.0,7.72062069399e-37
1398325407.0,1.55025930416e-49
2587648164.0,1.3761788422e-193
273670311.0,1.06812198294e-179
1003888808.0,1.37164884224e-11
1604305068.0,1.54526722792e-228
686342322.0,2.78486014875e-72
779665589.0,1.73072385872e-46
3893919927.0,9.76808094475e-56
3389104312.0,1.98221548157e-91
1134182585.0,2.81247406854e-72
627261626.0,1.41467348099e-30
1191354555.0,1.0
3524886718.0,0.0
1729274049.0,1.0
2221392069.0,3.7703645923e-30
2389745864.0,7.18480286483e-258
3485769930.0,2.1573646945e-106
2741403852.0,7.80225184662e-15
2746769613.0,3.97733094342e-39
1934541010.0,1.0
3035087059.0,8.71419831202e-83
377725140.0,1.93585362619e-186
207126743.0,7.44175770501e-143
2444411098.0,1.1156150519e-44
2321039579.0,1.13403486378e-25
1908408542.0,5.50045846993e-59
4243587295.0,1.01555807573e-62
3824074979.0,1.92934879959e-38
1135370468.0,4.44584825683e-89
3872112877.0,1.5347153292e-170
945307889.0,1.0
3187415764.0,9.40729358406e-60
2530836730.0,1.11103663284e-41
2476228860.0,1.50326148405e-244
326115587.0,5.61984964714e-166
833462533.0,1.87224843217e-38
1727209735.0,1.72472234867e-101
1162879243.0,2.32622545462e-08
2047435022.0,4.33355611301e-63
2641698861.0,0.000161741026166
294084880.0,1.24523719632e-28
3877413140.0,7.04302515885e-58
2554929200.0,1.13558719039e-204
2803204391.0,5.003583166e-31
2214011194.0,0.0
894198086.0,1.17609167605e-62
705610059.0,1.67713562974e-179
1743118669.0,6.03457644092e-26
1125007695.0,6.13084750265e-86
3385723619.0,1.0
2252398935.0,0.134499750561
3459391835.0,0.0
304669029.0,7.85072248501e-65
390603110.0,1.09794502949e-212
3155247463.0,0.0
3379814765.0,0.0
2654183790.0,4.85248178232e-61
4060651888.0,2.06705878526e-39
788922738.0,4.95362551588e-19
2233672054.0,5.05859943179e-260
537633146.0,1.2406819801e-52
2078874347.0,4.06773725247e-153
3638092168.0,5.68348348556e-10
58196362.0,7.00944774925e-84
1150966509.0,4.67564253051e-11
3796042128.0,0.0
3072508306.0,1.09810664021e-147
3878986134.0,5.68348348556e-10
884695447.0,5.1756959627e-296
2726986138.0,1.07808317089e-191
1247887771.0,4.23252927588e-52
1732641187.0,1.0
1760543142.0,4.07324508916e-44
2428084650.0,1.21510035652e-37
391848367.0,1.0
2284863940.0,3.37060248254e-53
2877448651.0,1.0
2648768974.0,1.0
3103965649.0,1.72339069608e-11
2899255767.0,2.98310857744e-166
2753938852.0,2.67361326811e-147
1373077981.0,1.2509032306e-176
3291931107.0,3.79093108385e-144
2976760295.0,1.65887328984e-129
3937534441.0,7.86482211422e-07
2566373869.0,0.0
153805298.0,1.14435115164e-96
3259998708.0,2.03028126018e-12
2570693374.0,4.29079080266e-28
2638545403.0,1.0
3669713407.0,3.06320700422e-322
3405480451.0,2.77146921054e-54
1470259719.0,1.41551510312e-169
740557322.0,4.73660470156e-96
1571799565.0,1.94406966065e-57
3891479981.0,7.53669716052e-17
986341913.0,5.45432003686e-195
705159706.0,9.04088814823e-133
1081721374.0,0.0
1863241819.0,9.02635285199e-199
2597126692.0,0.0
221667877.0,3.44476109322e-153
1914327446.0,7.74349791488e-67
223183399.0,1.0
3211469352.0,2.80459492015e-37
241197609.0,2.03428708192e-20
1984922154.0,1.34561736687e-76
2576130613.0,2.6057451231e-66
3395469881.0,1.9748842626e-20
3402240151.0,1.17244086881e-89
1663754816.0,2.98283458126e-07
1271890500.0,6.03457644092e-26
1343382088.0,1.0
3033178703.0,4.10339952848e-23
292889168.0,5.59117029488e-15
666796625.0,3.17222947462e-192
3016565331.0,2.16517702808e-154
2052186708.0,4.83830608494e-125
1490195897.0,4.88060428852e-242
4169212504.0,4.11597064761e-122
417350235.0,1.11918410749e-302
1728774750.0,2.3449956147e-193
311411296.0,5.13055178685e-05
1287709284.0,0.0
4235797096.0,1.0389372895e-20
675529322.0,6.88051046965e-218
1059373679.0,1.0
4062413426.0,0.340488399773
1409090165.0,0.0
4113760888.0,3.62232966345e-48
369566332.0,1.06356119661e-09
2875887722.0,1.56550065092e-25
4098630272.0,3.48804383055e-237
4028572289.0,1.84365066661e-81
1352336002.0,3.756580518e-115
906519175.0,1.01065957714e-69
304628365.0,1.98541948307e-74
10216085.0,1.16722360434e-112
1988797078.0,4.28537714296e-42
2873991845.0,1.0
437625510.0,4.39639654192e-07
2165359274.0,4.51842175636e-104
73499309.0,1.69473765828e-09
453935793.0,4.414942491e-41
952656562.0,2.83941316595e-103
4205724340.0,2.63603960674e-82
2069758649.0,1.079408837e-90
2741191355.0,5.03612413323e-37
3283878590.0,9.56831413205e-20
3142525631.0,1.44661154057e-43
523649730.0,3.85713462804e-21
4123853512.0,5.96965174512e-14
1685709517.0,5.89367123867e-66
1258242766.0,2.51625088865e-57
1070883551.0,8.49603998143e-139
1791967981.0,1.08202096513e-51
3400393458.0,2.84936585104e-67
4201267955.0,1.20811484088e-26
2118558452.0,1.0
1015923445.0,7.45224104802e-71
949631785.0,2.4210490027e-114
3668738810.0,9.5515432336e-42
1073349371.0,3.40283273681e-118
2505499390.0,2.12507643462e-73
4166579669.0,0.305559995384
3559965440.0,3.11623621917e-151
897123075.0,1.02000357229e-257
2681979655.0,6.4632171058e-264
1441981193.0,1.0
4106216208.0,1.4522182565e-110
3462333912.0,6.72204456336e-16
638078708.0,9.85803718781e-316
2974147351.0,1.31188526647e-44
2914370328.0,1.01192210511e-66
1892746009.0,1.1886056542e-292
3677799199.0,1.0
1169204003.0,1.0
1936007973.0,4.56622934465e-162
806708007.0,3.23686846082e-53
1608631094.0,1.31605795104e-113
1696105276.0,2.70623312785e-112
2249868093.0,8.05639785077e-59
2222695232.0,1.55400717697e-273
2573599555.0,7.65209494082e-79
1429955396.0,6.28310438051e-56
2720654149.0,2.82350252441e-167
2580513606.0,5.6262141058e-220
690398023.0,8.10700140314e-79
659227466.0,1.08143490359e-52
2955338574.0,1.1651084722e-272
3011535696.0,2.55084196728e-154
1160487773.0,1.0
744663868.0,5.31809662762e-89
2922939247.0,3.01924499809e-175
1433748338.0,2.08907230926e-09
2961039507.0,2.52547696039e-08
3111535476.0,1.72994973732e-59
32088949.0,0.00056608700324
1426896361.0,1.45072560713e-95
433057940.0,1.69969199787e-169
3194807165.0,0.0306294206262
1019339646.0,1.0
1647534975.0,6.44444151101e-74
858350469.0,1.55601152205e-291
2629267607.0,5.26831517897e-07
1027169090.0,3.97519243052e-08
1849353105.0,0.0
286638994.0,2.70932312343e-08
2989687710.0,5.96936670245e-109
1496245153.0,1.0
2666668962.0,0.0
1649050534.0,1.0
4086546480.0,4.74869640517e-152
2431878056.0,9.12229817189e-226
1054392476.0,3.60825091208e-57
3983721386.0,1.31602058563e-102
3547186101.0,1.3179160365e-11
1271940024.0,8.65603885028e-172
2976252859.0,4.88533703641e-39
3947971520.0,5.52641180722e-172
3630015435.0,7.83772016256e-123
2771690453.0,5.68348348556e-10
3713369050.0,1.0
672097245.0,1.0
1828045801.0,1.0
1945779026.0,4.45656878308e-85
2213987327.0,1.78501398128e-150
1292968960.0,3.78701190145e-294
4157858823.0,7.82484371632e-26
519627787.0,3.09330324021e-184
1844839439.0,2.64673143725e-78
4284400659.0,0.0
2236015636.0,4.09592130296e-45
483353625.0,7.09273479712e-58
3308774428.0,1.0
1376461855.0,5.1668176772e-29
537584677.0,6.59420360776e-300
3008103465.0,5.81061087409e-71
3834668077.0,0.0
446301236.0,6.84612241269e-10
941974584.0,1.29250783456e-148
1939563579.0,3.21897498579e-23
1289569344.0,1.5098627701e-22
4180902980.0,1.06079373076e-45
3227673675.0,1.17997638995e-88
1158259789.0,1.0
317244499.0,2.75332284226e-93
454796374.0,1.07548473418e-08
2202215511.0,1.0
2596816399.0,5.28246122699e-157
3106997341.0,6.59420360776e-300
733611111.0,6.29314576979e-51
1067025519.0,1.0
4294673526.0,2.08502932736e-80
4185400452.0,5.29915443307e-29
1617239679.0,0.999999993452
3374695568.0,0.0
1206240403.0,9.17476469358e-98
3201827993.0,1.83626101512e-82
3232900250.0,9.09606808844e-87
1428432027.0,1.0
2711708833.0,4.87268135802e-296
920454310.0,1.0
571753639.0,2.16609822112e-103
1126746995.0,3.04028777831e-58
1667204277.0,5.39471540992e-68
313550011.0,0.0
646497471.0,6.90665339288e-85
1315759297.0,1.1714027458e-101
2464793805.0,2.58505779438e-86
1308222670.0,7.52909535081e-60
1588069587.0,3.63318247227e-85
3661513945.0,8.26765019216e-209
32228579.0,6.70017752712e-146
3753092331.0,1.0
1938523372.0,2.04940212395e-14
2436539631.0,2.83969615743e-56
1541915895.0,1.0
3465635069.0,9.18370948713e-67
662078719.0,2.79867901135e-108
1569137927.0,1.81080056432e-183
1092740361.0,1.0
1959060749.0,5.96121716132e-156
526099734.0,0.0
1805632795.0,1.75503213564e-48
2728165595.0,7.49991650387e-321
2880521510.0,5.35338310762e-272
2794472743.0,1.0
3355780392.0,2.32863807208e-190
363750706.0,5.70673973199e-25
1938466099.0,8.29885709507e-199
2094727390.0,8.8632398845e-124
3575465272.0,2.1622699262e-115
273895788.0,8.210600644e-14
1469015365.0,2.56133791783e-64
1617683788.0,1.0
2958140749.0,1.28265689112e-69
1897915727.0,5.74249767832e-265
1939383633.0,1.90969579545e-145
2697307475.0,1.01179810271e-126
1368417620.0,3.948142396e-140
1803011641.0,1.45018292588e-55
2568684888.0,2.37263457081e-55
1154467164.0,3.28094674943e-79
3971409246.0,7.51303361776e-122
3764143455.0,4.8410581023e-119
1731183970.0,6.70941865829e-75
3410019693.0,4.85279235402e-50
2200094066.0,1.01853108278e-140
1236739443.0,1.0
835233154.0,0.0
1629496711.0,2.43951215291e-135
2325005705.0,2.44337613107e-51
1799652746.0,6.9035160006e-151
3211797899.0,1.0
3082794562.0,2.88788376315e-124
138167699.0,7.57405207105e-52
1489954197.0,7.29582508282e-149
1476494742.0,3.16571147423e-75
1142482327.0,1.44639330185e-56
2037712283.0,2.17951678001e-67
4072318365.0,1.2484325487e-59
3115345311.0,1.15986960672e-139
1460618660.0,1.0
1297860013.0,2.21375376115e-297
272904435.0,1.72730623258e-196
635291084.0,1.08956199035e-57
1800046030.0,1.35552000791e-24
558360016.0,2.57443585676e-150
2459084241.0,4.1556594662e-06
3968607702.0,2.72121980527e-51
2083562968.0,8.71707902401e-141
953476577.0,0.0
897680871.0,1.65029763323e-251
1763665395.0,0.0
2126898676.0,1.05894508767e-219
3647849976.0,3.99017256246e-33
4021978617.0,2.5022592263e-136
2058618366.0,7.63344013764e-193
662488577.0,8.75244512419e-94
3080914437.0,1.27802039363e-10
3734898185.0,3.12712972966e-71
913548811.0,5.68348348556e-10
4266337807.0,1.0
853501460.0,7.46301157913e-255
805750294.0,6.83786551036e-118
3027027480.0,2.58712751219e-309
435725854.0,2.34079637838e-87
2100676127.0,2.1608936188e-157
3802498599.0,5.99867711405e-168
3007915564.0,1.27585899214e-08
1234429485.0,6.86424132741e-112
535884040.0,1.0
2161788471.0,8.20471187273e-101
2511439416.0,1.53628914291e-288
1698022969.0,2.69464997034e-87
4086146619.0,1.93237566937e-142
842294845.0,7.18186977627e-34
4168803909.0,5.63361098911e-23
1994379532.0,1.0
3302123087.0,1.0
10454613.0,1.07117471951e-64
3393062486.0,1.40170599482e-45
3799115353.0,1.13800977251e-158
3531949659.0,3.07875218677e-33
2840495709.0,5.09254904071e-124
1122002527.0,1.46822793249e-249
2800633460.0,1.0
396691063.0,4.65114044906e-91
1615472252.0,3.97519243052e-08
2444273279.0,0.0
1872873092.0,9.68948401533e-53
3535808133.0,7.76110918075e-08
2440177287.0,1.04748209221e-91
432072329.0,6.6814276968e-25
449480333.0,6.15279148646e-10
2484930196.0,5.95498670482e-65
3666201.0,8.29404224466e-33
12830381.0,1.90437361206e-147
512681658.0,0.0
2549458627.0,0.0
2602469060.0,4.39018035775e-09
955357542.0,7.39070389164e-254
3120219847.0,0.00115187102803
4282705615.0,9.62048372691e-95
2077591249.0,6.92073831485e-16
339741137.0,4.00654860164e-06
2626951163.0,1.14450087039e-272
3723120933.0,0.0
534554350.0,1.72702244294e-22
3183331061.0,4.74452107311e-110
801151677.0,0.99994806339
54322946.0,3.81384029153e-119
3614328581.0,1.27750796053e-270
2623170318.0,1.34737307329e-86
1308763924.0,0.0
2536572694.0,1.14973840583e-16
3372730136.0,1.32566071523e-164
2548852512.0,3.93994894799e-46
1813563172.0,1.0
1464133416.0,9.16392096228e-197
3378226997.0,2.33913594222e-164
4239607614.0,0.0
1143826247.0,2.31882291684e-71
3776816971.0,1.50822839859e-14
2423061474.0,0.0
512280408.0,1.13796552906e-71
1043089241.0,1.8429502689e-114
3775596378.0,3.25993982135e-175
3665520476.0,0.0
3474933600.0,9.91512298311e-40
4031072098.0,1.33335882654e-84
444450661.0,0.0
849774440.0,2.19981839153e-101
1433962346.0,5.21118109146e-126
1952794477.0,0.0
2995955573.0,3.30184619993e-85
1704225769.0,0.000672432255642
2470291321.0,1.24221080541e-41
3565143937.0,0.0
552560514.0,3.84693268447e-54
2815600518.0,3.56073133193e-269
4290324359.0,1.61831979203e-200
2880883692.0,1.27412572545e-23
472389271.0,5.68348348556e-10
284764044.0,1.0
3582994324.0,5.68348348556e-10
2626771950.0,0.0159097027509
3688818588.0,1.0
1759545245.0,1.94506178765e-98
4072204192.0,6.54266228153e-35
3409389475.0,5.0299907304e-218
2691467177.0,3.64739089599e-53
730261418.0,1.0
3902744498.0,1.95763655671e-65
3375097779.0,1.72263900769e-66
54159288.0,6.99400752831e-113
3593717691.0,1.0
2302737397.0,3.68152050337e-47
3393409355.0,2.57789454158e-74
1072588745.0,1.15156963856e-165
865208268.0,1.0
2184102221.0,2.82320737932e-109
4266641366.0,5.68348348556e-10
2923874264.0,2.2889148516e-107
3872409566.0,1.74230724372e-44
14444511.0,7.3403710691e-29
1813981160.0,0.0
2119559147.0,0.0
3165702128.0,1.09585855987e-66
1394616307.0,3.40289536218e-66
2930903030.0,1.54020301396e-93
3797428218.0,2.01269497303e-199
391486463.0,2.35068304213e-284
3717400577.0,0.0157392672088
3536439299.0,1.0
1426753545.0,6.26763028277e-224
1919813642.0,5.30564144518e-294
598886413.0,0.0
2523490319.0,7.97520819387e-123
104974358.0,2.37137003837e-13
2680932378.0,0.00417561468765
3821144119.0,2.04720845533e-114
3657566264.0,5.39785113121e-16
3942852667.0,1.09533731068e-154
215066694.0,1.0
3171109900.0,0.0
185988792.0,1.0
888719444.0,3.4332941331e-91
3661016430.0,2.67208755229e-46
3698378842.0,1.40177510594e-41
1485326427.0,2.83161733187e-184
4060702813.0,1.54404196216e-213
722061407.0,1.0
3024685155.0,0.0
3530762340.0,9.22783994411e-213
3716821350.0,2.75136284284e-134
1778878570.0,1.17068922725e-34
2934818931.0,2.14047220992e-38
3277588603.0,5.02130717391e-111
1272088704.0,0.0
119572611.0,2.76464240253e-22
315926660.0,2.09306627492e-67
2581653639.0,3.68756056004e-19
3799238793.0,1.0
786253963.0,1.0
1143785614.0,5.34367019068e-72
2067851411.0,2.02240386406e-19
2402835482.0,2.63457605557e-175
2344855714.0,3.72053401991e-124
2032634024.0,0.0
3504388530.0,9.50912213659e-87
1406576822.0,1.01211939846e-08
2790394039.0,8.28309588236e-169
3213093054.0,2.21975660386e-139
283691199.0,0.0
994404544.0,0.0
14813380.0,1.03708125036e-172
2711246540.0,2.01801240992e-94
177470199.0,6.8957517264e-185
724060372.0,1.34691221514e-06
1323002069.0,1.60148488571e-92
146589912.0,1.9768024202e-48
892250330.0,1.7512147255e-42
550209759.0,9.99731465526e-73
2734393568.0,2.30752317232e-72
2031331565.0,1.05250072564e-146
3237611768.0,1.39511725676e-47
2729109755.0,1.0
561490172.0,6.79741736884e-126
710658324.0,1.05987451179e-62
362989846.0,7.77347654911e-22
2556455193.0,3.82611268649e-90
1867671834.0,1.40875859162e-34
3609626909.0,1.81097773816e-82
3781830943.0,1.39553914519e-14
465324329.0,2.77898805679e-47
2973804842.0,1.0
3022424368.0,2.5639811798e-42
121407795.0,1.62750969159e-124
2932574516.0,1.26266099598e-10
784951605.0,4.23160746232e-84
3579980088.0,1.17221091491e-21
3384019258.0,1.46501991538e-11
1624413919.0,6.33582101466e-244
2881947964.0,7.11869279737e-30
1635494206.0,1.73845234365e-65
1679182144.0,5.68348348556e-10
2828519747.0,1.41378151222e-62
2902034762.0,1.81535937235e-68
1438673227.0,0.0
4218906960.0,4.32989885225e-37
2082318676.0,2.21539335286e-54
710502743.0,2.68129838341e-220
376809818.0,6.76448370276e-224
543017310.0,1.33619014443e-50
699418984.0,7.98600088812e-294
4010740074.0,2.85294730037e-21
485509484.0,2.26235005501e-232
793872755.0,6.9304182571e-291
2659576180.0,7.81457423319e-67
125806967.0,1.48514799946e-147
1293221082.0,5.41124079135e-163
562694526.0,1.40150132086e-66
227821952.0,7.24547710183e-45
1774100886.0,5.56840876639e-77
4188449159.0,8.16034615964e-108
3712313737.0,4.17075187061e-157
128166283.0,1.0
1581525388.0,0.0
2406443405.0,1.63483506349e-224
2430035694.0,6.35210730036e-92
3661605270.0,3.96065152188e-60
671066522.0,1.24512910015e-153
366201244.0,1.27584096469e-17
4108421541.0,4.10805463162e-113
863701417.0,2.13079865501e-152
1941146030.0,8.16126594992e-48
1581997128.0,4.36951533846e-42
4113836467.0,0.0
2659667017.0,0.0
1574094581.0,1.0
2292255175.0,0.0
3688663497.0,1.34125035648e-109
1724574161.0,7.93725253307e-11
41839058.0,1.6244161853e-85
1945078227.0,1.09296626838e-124
551700951.0,4.35747330488e-121
2140367323.0,3.60929420269e-271
3855157726.0,3.84811841347e-28
2536016354.0,0.999999999869
822921699.0,1.54318626939e-101
3981625830.0,3.57764895677e-191
1644022252.0,2.51923452162e-148
1967294964.0,2.8613970292e-77
907995638.0,1.0
3771247314.0,0.0
1619470841.0,2.25501397614e-172
910289404.0,1.34074717459e-242
298740821.0,1.0
1480362498.0,1.33840551483e-81
174795272.0,5.44271828887e-91
2367269385.0,1.14698362881e-208
3204377106.0,6.5041287478e-168
2129357338.0,5.68348348556e-10
3421776413.0,3.01198702069e-28
2116913700.0,6.1509422176e-45
871664165.0,0.0
495856172.0,6.50453607362e-20
900909613.0,1.0
277219886.0,1.0
139594293.0,1.0
1480124983.0,1.08469072279e-277
1905125954.0,1.6813380908e-133
3671812676.0,1.0
3897887302.0,3.51416679525e-37
1701030471.0,6.93052154385e-23
1605741128.0,1.11524939103e-45
871524956.0,8.28097275057e-110
262695517.0,3.02533479212e-14
775948897.0,4.58405591704e-93
3589671529.0,3.90616968426e-110
4152535659.0,9.51965687276e-221
1094199917.0,6.87637410641e-10
3500518001.0,2.31222408366e-279
506466751.0,7.91609422027e-43
2176248451.0,2.45997104367e-176
57895567.0,1.56654674684e-08
3907627668.0,1.05797239109e-08
1068804761.0,1.09968884161e-231
2803952283.0,1.904054859e-90
3582446236.0,4.56002417244e-24
1472531102.0,1.77024943634e-22
3762856.0,3.43086744266e-22
3554809628.0,1.71553760357e-57
3251055280.0,2.90537724628e-81
710347441.0,1.0
2717665971.0,3.43274433653e-27
4112337591.0,3.51297639932e-42
851544763.0,7.65791587155e-63
1629162174.0,2.99496198942e-79
4272745155.0,6.22045731965e-209
2183219908.0,1.0
3976252102.0,3.53015144608e-39
1572162249.0,3.82481588936e-63
608275154.0,3.32840736545e-230
689908435.0,1.0
3760893049.0,0.999953329928
831744733.0,0.949924665338
913926878.0,5.68348348556e-10
401894115.0,1.72710756619e-57
3706702972.0,1.68890741215e-192
3952937710.0,2.97621064033e-125
770288372.0,1.78543641655e-79
155749111.0,1.6837127281e-252
2104760106.0,5.65426070965e-32
71240446.0,2.93054492822e-107
2660068095.0,1.0
3704515339.0,2.03039681623e-149
2036861708.0,1.0
3409201936.0,2.73891315551e-11
3746597652.0,4.72063678711e-08
1135405846.0,4.12780731579e-297
2917649183.0,1.0
3888565025.0,0.538888618681
2850515750.0,1.0
584723240.0,1.50708162036e-281
199543593.0,2.71600182761e-62
2147815901.0,2.21392364422e-05
1192790833.0,0.000595012087985
894405427.0,1.78798156219e-120
1425926964.0,1.0
922536762.0,1.88574280116e-40
193628988.0,6.14611826834e-41
1309797181.0,7.93848129749e-87
405179198.0,1.70438302074e-141
1831422783.0,9.47653016246e-14
2431150913.0,1.25339613542e-110
233278274.0,7.69124510218e-212
189960673.0,0.0364939390068
128699208.0,2.00214173095e-252
2056899406.0,1.06522041588e-44
1608510287.0,1.0
4277267286.0,5.68348348556e-10
2374896473.0,3.24965754335e-18
1885207695.0,3.64209044655e-216
1898064737.0,6.86290440378e-250
3421047650.0,4.33649430706e-21
438504297.0,5.56625392822e-12
38529900.0,9.69493334574e-96
412396401.0,6.7957434241e-59
3241708403.0,1.40460167496e-124
3544271743.0,2.73102944392e-174
4134914945.0,2.21600776999e-98
15666050.0,7.57620671298e-68
1866476419.0,7.28160329092e-203
470264709.0,9.16680003398e-125
3504622477.0,1.07254200931e-49
2416569231.0,1.12510458128e-06
2304674709.0,3.79974120352e-291
3867257754.0,0.999999990623
2081278875.0,2.61886573693e-08
131722143.0,0.00183282458625
2646150048.0,1.0
597789611.0,1.07715434049e-39
3596815284.0,2.54364277032e-48
3759631297.0,0.999999999929
4083223490.0,1.05976934892e-189
635537227.0,1.43403713046e-122
1437936582.0,1.73022633017e-66
3839658957.0,2.27180924654e-19
922490701.0,1.37630808406e-194
151276515.0,5.97165667027e-59
4173835236.0,6.46623488137e-140
435866601.0,3.47869391231e-303
2906852332.0,9.97433973316e-184
941501424.0,2.17044997515e-26
4034210806.0,4.57887587281e-19
3785534455.0,1.0
3905473528.0,7.11229568949e-83
1214999547.0,5.15392131242e-05
3314961405.0,1.45313964076e-13
2168327170.0,1.54922354371e-138
812100611.0,1.0
3298692104.0,2.9308653429e-17
446540812.0,8.23096404005e-95
3421907983.0,0.0
2074416984.0,7.59119471817e-229
1466372611.0,5.49455786954e-11
812198935.0,2.97517734733e-12
1547700058.0,2.34441202668e-244
892800032.0,1.92943410372e-244
1859578915.0,3.31453109918e-23
3276610737.0,3.64356688033e-93
1464842076.0,7.05933485654e-248
1732070447.0,3.9169352973e-224
422128692.0,2.29183159634e-26
136563772.0,1.0
214707270.0,4.3412800578e-109
3724069959.0,4.25116210001e-89
964193353.0,4.94863794391e-252
225113954.0,5.34121036697e-34
724896846.0,1.06475344467e-90
27472397.0,1.01875256225e-14
2132896853.0,2.07895783026e-19
186731606.0,9.42335926715e-09
3139345593.0,2.39213840134e-51
4113091686.0,1.03418358217e-92
890483217.0,2.77437234912e-99
1281133672.0,2.75332284226e-93
1916316778.0,2.11901741572e-95
3866823789.0,7.73411162039e-57
637979759.0,5.88923529823e-90
1547750521.0,7.84029613444e-08
4221947002.0,3.30373538032e-65
657779836.0,1.24731510982e-63
1309641855.0,1.0
1543539840.0,3.0951744578e-193
57560196.0,1.12756178706e-275
2315750533.0,0.205712034037
315616399.0,1.0
1237707923.0,1.14426463959e-98
546335892.0,0.0
2667998362.0,3.1652507011e-40
2619206821.0,1.0454449373e-129
2886823078.0,1.0
1808840561.0,5.69232066363e-286
4289817784.0,1.67676925943e-70
4067798202.0,5.02327826742e-76
676539582.0,1.694201401e-39
158222197.0,9.58231724862e-102
3189394625.0,7.26352421727e-145
2490846405.0,7.18472676419e-23
4207217864.0,0.999986891248
619728073.0,1.48098060673e-147
3415207115.0,2.44276523893e-217
2792025292.0,1.0
2746559694.0,2.60966313984e-24
1234980050.0,1.12686658503e-76
1197239508.0,1.0
4166159578.0,2.65204447534e-102
1087081695.0,2.78662347155e-75
1501711584.0,9.12207440876e-301
1956637930.0,2.80016852703e-45
3450391790.0,1.0
326528240.0,0.000595012087985
1806167282.0,7.09286651085e-67
1270320376.0,1.0
2680032505.0,1.17501678809e-79
1575709954.0,1.0
2510011606.0,2.17846731061e-159
1984441612.0,4.84308118738e-92
81603853.0,2.91140882232e-288
1198722318.0,1.0
2845256258.0,1.08659408524e-109
1400704277.0,0.0
4057451798.0,2.43652180158e-22
1084009755.0,6.70586826108e-107
1612639517.0,2.36362027819e-87
3119066405.0,3.42356199452e-178
1129975088.0,1.01985651061e-69
218664243.0,3.17570941608e-112
1627884852.0,3.46765196398e-17
4203793720.0,1.0
2948992316.0,1.15144249131e-243
3646262592.0,1.08065909367e-26
340897089.0,3.08317985479e-56
963325255.0,1.0
3003100489.0,3.54093166113e-46
1736035661.0,0.999999997369
3819482455.0,3.53115760184e-41
3509464412.0,5.37028896024e-27
3729493345.0,7.63620262356e-28
1808911717.0,1.0
4136856940.0,2.29501451688e-94
3306630510.0,3.21715214317e-123
876080497.0,9.47653016246e-14
3045444979.0,4.41739942115e-110
3877088629.0,1.0
4112346491.0,5.3827810435e-36
2275192200.0,0.00523115843153
3115961744.0,4.6014355383e-19
1121602963.0,3.96426164466e-36
554233248.0,8.26649004192e-146
3111587242.0,2.51568112477e-224
2801913261.0,3.03604760515e-218
2292977070.0,2.60226290924e-194
95774621.0,1.0
4023700917.0,2.75332284226e-93
1294380470.0,0.0
2861403575.0,0.0
714436037.0,1.15068929589e-14
1963837347.0,0.0
52301276.0,2.13630000539e-102
3370348001.0,2.27938233054e-35
521080290.0,0.0
157732323.0,1.0
1092218350.0,9.09924834598e-31
2427375089.0,7.61878211014e-82
2573356539.0,2.30440229031e-237
438541117.0,2.57140868203e-153
2317192710.0,4.38908448848e-50
2467114242.0,6.02011892633e-149
3432402448.0,5.68348348556e-10
2612645396.0,4.3090972593e-264
1666158101.0,7.31158659265e-46
1128051289.0,1.77894184083e-311
3023048216.0,3.30688419587e-237
3574722077.0,1.0
42935543.0,4.24719622089e-142
433974817.0,2.99351819375e-156
3187461675.0,1.17147352211e-102
2567114284.0,2.36976649723e-165
3165597234.0,1.18795912191e-64
1591840307.0,6.82890239803e-102
4294270217.0,1.6713914275e-89
61279800.0,7.63215434705e-253
3316633147.0,1.14802017788e-75
4027829823.0,7.4191268488e-08
2937826883.0,4.67339526682e-67
3746065989.0,3.43140459338e-98
2434666055.0,5.68348348556e-10
124726856.0,3.78909092727e-97
441200201.0,8.0989501676e-38
1484713229.0,1.0
1615064656.0,9.71708391465e-241
3111947859.0,5.7262208353e-321
80662100.0,8.07417169562e-298
182988375.0,4.56206877597e-317
1341727332.0,1.39171559134e-45
2110109626.0,2.86743270082e-144
1174163042.0,3.99768315471e-33
3160174180.0,5.10058251302e-16
3273059941.0,1.0
1939639911.0,2.46407029604e-103
3061108330.0,1.0
534703725.0,3.17819175082e-151
390794866.0,1.26144761736e-123
1566551667.0,1.0
117821048.0,1.73128727326e-247
3788000892.0,1.0
4167003777.0,3.335857972e-154
3781652098.0,4.48038702312e-58
2503822984.0,2.45501931547e-24
267021979.0,5.48349662548e-59
1787417200.0,1.04919633705e-08
46861991.0,1.25478530549e-216
2308848817.0,8.34985929355e-254
372616876.0,1.25197688949e-119
1634043849.0,2.79673267495e-185
2777108152.0,5.68348348556e-10
1094151866.0,3.85264490701e-11
2952851131.0,3.32714776932e-143
4116467389.0,1.0
2554299873.0,7.83017488336e-12
1015049924.0,4.96576051256e-31
568225478.0,2.09528980305e-62
1257163.0,2.12059232892e-126
3766718161.0,2.89537235867e-86
1131998935.0,1.37026448801e-316
3779145439.0,1.13032660807e-120
158502627.0,3.71744074167e-140
1257934569.0,3.8784517293e-111
3527479018.0,3.87060379999e-106
4253662503.0,0.0
1742016237.0,4.32528749718e-196
2835645053.0,5.68348348556e-10
1270771444.0,2.59652122946e-154
1285533434.0,1.44168839235e-86
3594702588.0,2.320707203e-49
569716486.0,4.35976198528e-91
3493744392.0,4.74683576672e-172
1118646028.0,6.08277735989e-176
1755041549.0,6.9896574359e-11
3811110673.0,4.85106761714e-38
3559935768.0,1.0
1856163611.0,6.34042091593e-185
470564430.0,1.15436437182e-258
2494672673.0,1.0
3280760610.0,1.07126994325e-147
2871398184.0,0.00197902730604
2059693868.0,1.46967424695e-45
2002825005.0,9.68040357844e-129
1821355823.0,1.9659543262e-29
2754340045.0,5.06987535944e-75
1563422519.0,5.68348348556e-10
4184403768.0,2.53644530585e-213
2891705652.0,1.02131831667e-123
1947537211.0,4.40840556863e-55
2326703934.0,0.0201415415173
4131991365.0,3.40094163737e-17
1520840518.0,1.0
1466478409.0,9.47228894181e-47
1088122699.0,1.0692269158e-259
1625018191.0,7.49092680518e-23
3360501585.0,1.50096902882e-194
977096533.0,0.999999815491
891039579.0,1.52381913553e-181
2575724380.0,1.06131010299e-44
2424926057.0,3.94618184682e-92
3913175832.0,0.0
1306963824.0,1.0
333893490.0,0.0
2842627955.0,1.0
2790084474.0,1.39991087035e-38
3598651262.0,5.68348348556e-10
3701772160.0,7.64981433207e-132
2219446146.0,1.50979280014e-29
872843243.0,1.0
1111143713.0,1.0583028426e-217
3528822674.0,2.37478322583e-233
386305939.0,6.72086073365e-73
3936325532.0,8.01644144132e-43
1404981150.0,3.27060243949e-13
1193187313.0,6.56273014999e-79
20688811.0,7.20309445094e-76
2853515181.0,1.76263570055e-13
3113996209.0,5.34896024056e-41
1660064414.0,6.59687533475e-145
1890627511.0,8.24754673794e-09
2260168632.0,1.15506544432e-63
1434742717.0,1.0
3640913861.0,2.58424317965e-20
1497722098.0,2.3039137488e-91
1845333964.0,0.0
225832912.0,2.37847115472e-261
73166801.0,0.999959449491
797700051.0,4.73320283738e-235
3357044693.0,2.62571789965e-278
888716623.0,1.54516412255e-121
2629504988.0,6.62445132002e-103
2833321952.0,4.67191995196e-194
1710721019.0,1.0
3111604202.0,6.29093216787e-97
2572185579.0,1.12756178706e-275
2221617133.0,1.89355984461e-12
1065373685.0,0.0
2359283704.0,7.37107992595e-64
1002508282.0,2.02228832657e-20
2144358400.0,1.34996506136e-112
4059254786.0,1.71852954405e-54
2151395332.0,2.57605824389e-48
1771663369.0,4.80863201375e-127
1644675757.0,7.47699415119e-75
2880106515.0,1.09570419826e-11
3645190166.0,4.75684152276e-278
2797146136.0,6.03863583521e-146
1003261977.0,1.70817432273e-195
4010594330.0,1.5189920339e-73
599339043.0,6.60376505689e-125
419508265.0,1.00517085156e-79
2960835250.0,4.59890409309e-118
3216420911.0,0.00131262347567
785199153.0,7.39616201841e-162
3114435252.0,5.55196526188e-18
1968173115.0,1.33309348234e-116
368218175.0,6.95193709331e-231
570683458.0,2.57110044755e-283
1182511172.0,1.0
2836033610.0,9.52433068004e-204
3658068043.0,4.07263107003e-22
1667321933.0,1.0
1891242075.0,0.0
513757280.0,3.00413767428e-269
1141059689.0,4.85771799178e-48
4061130858.0,1.30052684866e-138
3817222253.0,4.43491980254e-197
4210077806.0,0.0
801247343.0,0.99017682609
1404883058.0,5.9001678864e-98
2602663273.0,0.00281521847206
1048768634.0,2.57027187265e-60
2657046652.0,2.78099821046e-189
3864252545.0,4.50359485554e-306
2237673603.0,1.0
2421854341.0,1.44964216019e-100
136507530.0,1.0
924930627.0,6.35107411579e-193
651522193.0,1.34366929887e-49
2166853780.0,2.26516171655e-94
2702725269.0,2.47847512448e-12
4151390359.0,6.03313456771e-104
2986135709.0,1.0
1758154911.0,1.0
2516537511.0,9.42110702026e-271
3086430378.0,4.62352888751e-109
1435692403.0,6.34854530101e-53
3685699764.0,1.0330664643e-189
2678173878.0,8.03677367333e-34
2225983673.0,1.84796521344e-234
1639616705.0,7.61798256896e-63
2313941188.0,1.72702244294e-22
2584465614.0,1.0
1085755604.0,4.16297731246e-223
2336269006.0,1.40008250683e-70
1392865495.0,2.93754806948e-257
204878041.0,9.12508155064e-08
2208863950.0,7.69187547983e-29
411234533.0,1.05368035619e-59
3142389990.0,1.61952078967e-113
2562715879.0,3.38389729138e-164
1832407275.0,1.5831083634e-148
51712238.0,1.87621857395e-97
3871650035.0,2.24796469027e-96
2483400949.0,8.22775630004e-30
60575993.0,1.89615869517e-108
2130260220.0,1.0
3350425853.0,1.64739709942e-35
2476863742.0,1.13694103728e-76
1659875587.0,3.24183334445e-235
3855200517.0,1.0
1547096328.0,1.23817098021e-85
2777682188.0,3.64022332509e-07
742314262.0,0.0
798781721.0,1.99502162229e-209
2888331548.0,2.94507297599e-95
4292202783.0,2.83616168252e-15
2007396645.0,7.34638879611e-239
326324523.0,0.000298528316099
1881395523.0,4.25332267572e-247
1117376840.0,2.84448632075e-70
3651252553.0,7.81604568099e-184
3995873611.0,7.40525921306e-80
4240494925.0,1.17390754152e-95
2956833103.0,5.72107892209e-282
1540526416.0,1.85272057089e-29
1310118228.0,1.13943515099e-64
18403675.0,9.54300652317e-34
3357978977.0,8.94873642798e-284
48025958.0,9.30196248813e-148
1330295145.0,3.02232827135e-73
3185160556.0,1.0
1735913840.0,5.38401201836e-75
2328408434.0,8.29628294193e-83
2424140147.0,9.00920997844e-17
604664181.0,1.26608124578e-69
1622684023.0,5.7405537498e-51
4134559124.0,9.69076312021e-110
1571344767.0,4.06331029293e-97
1945629056.0,0.0
2355196302.0,9.5696352233e-123
2244055444.0,1.0
502436245.0,4.24739639161e-111
1502884246.0,4.01866397385e-150
3126899100.0,7.69845569461e-06
3530199455.0,1.22301958245e-43
2656756466.0,1.06438774729e-13
4075598256.0,2.77147424011e-138
3791221174.0,1.0
3342668217.0,0.999999999656
519926207.0,2.46279338321e-224
2989142466.0,2.3040058194e-148
3548320198.0,2.69533625294e-289
1564103114.0,3.8753778786e-20
2135077325.0,1.59123796099e-155
474837456.0,3.92627945222e-68
1093013972.0,4.90465272691e-22
3503854040.0,7.45354432646e-206
3165442525.0,1.0
2289595681.0,0.0
1256182240.0,3.02723452735e-30
1905316321.0,1.61727941924e-159
87519714.0,8.23435718703e-69
1686114793.0,1.22726792836e-42
3822293485.0,1.59831780863e-39
3408679406.0,1.0
2990330352.0,1.0
3120738802.0,1.20425679082e-33
2122168404.0,1.0
3520115198.0,7.28584204908e-108
4113224195.0,1.07227099531e-56
2837329513.0,1.05788605279e-210
2350354953.0,7.01761917382e-70
2571596299.0,1.15923447558e-131
1198436877.0,2.02689573402e-256
473862671.0,0.0
1672737297.0,0.0
3980784151.0,0.999999986783
3613018202.0,4.06024898664e-65
697963049.0,5.8434573764e-59
280945415.0,1.7677268712e-09
476525107.0,5.95011971254e-64
1443332873.0,1.0
4168364602.0,2.24923799616e-61
2441351741.0,1.0
819589694.0,2.38661497747e-139
2476257859.0,3.6564454986e-123
2640457142.0,2.71174825863e-19
3536450118.0,9.77006473472e-309
606532167.0,1.1032951142e-190
906285644.0,1.06072146093e-32
336466512.0,5.09504692794e-62
1352815192.0,5.24245604694e-38
3814961753.0,4.6586482381e-57
2478674523.0,0.0
2007282268.0,4.23133912565e-123
2584023645.0,1.0258641358e-71
237580894.0,5.81452724847e-236
1269019240.0,3.7758489392e-103
28562031.0,1.18425049106e-95
2931069552.0,8.05633599578e-112
2379077800.0,0.218880091314
1444024960.0,1.57699251761e-180
936596102.0,3.94208167642e-141
586519180.0,2.57109375364e-193
1301975697.0,8.30010638926e-44
1730433688.0,1.0
2970555038.0,7.7077421859e-266
3498168993.0,1.0
2911457959.0,0.991780262095
2402292397.0,1.44205077483e-10
1438274224.0,2.22046877251e-54
1777947317.0,1.0
2084278972.0,1.0
1421005503.0,1.22680168187e-303
1494217410.0,1.0
565949124.0,4.64527514192e-270
175198917.0,0.0
583611083.0,1.0
3384578765.0,1.0
1782723279.0,3.71251838826e-148
2097738457.0,9.78762094365e-05
2389824220.0,1.73983117788e-78
3222165626.0,2.7432606148e-180
2592420575.0,4.52689132792e-174
1239435542.0,2.27210914848e-31
3518264036.0,9.61630956595e-72
2382885606.0,6.35222294496e-67
1022186216.0,2.15866574108e-33
2053690102.0,4.8104876905e-39
2249691904.0,4.37645213303e-05
3469480706.0,4.89116678958e-186
3021493001.0,6.90695505935e-108
1991938829.0,6.10953879679e-72
3229520661.0,2.9961569788e-40
2101334808.0,1.0
3217699612.0,4.75139553126e-109
849261353.0,4.04070312781e-124
1292038956.0,1.63154516544e-61
13579059.0,0.0
1078121284.0,1.2658710726e-43
1937757001.0,2.7074547853e-17
1091227106.0,2.97233062559e-10
753881937.0,8.4005241285e-79
944763734.0,7.05886130322e-164
2388218712.0,5.29257240256e-35
892212061.0,0.0
3296187235.0,8.52439175043e-73
3507802980.0,1.37923160721e-138
1602499431.0,3.78961638414e-48
2056270699.0,2.54530902971e-64
3042571116.0,1.28119902379e-161
3374379886.0,2.3610188578e-24
591328112.0,1.0
2915136374.0,1.0
2790757250.0,1.43535255417e-305
39662473.0,1.74182318186e-118
544502666.0,1.14725948895e-150
1496134540.0,3.4073530978e-55
571839380.0,1.0
2996056988.0,1.65479185398e-317
3896652702.0,7.80243044128e-66
3542741923.0,7.32133338745e-291
860074920.0,5.68348348556e-10
1561932719.0,2.22505056157e-26
3095622577.0,5.855170719e-166
3227046837.0,6.88058616701e-247
2251035578.0,9.17391505732e-216
4062335936.0,5.93105645786e-145
2522682305.0,1.19482652118e-87
1705530308.0,0.0
3696571334.0,1.62778080375e-70
3501863883.0,1.66393595283e-59
511906768.0,9.17745508393e-137
4206736337.0,3.28125381542e-123
3969135570.0,4.96548205283e-27
1240241112.0,2.27544988464e-257
4051833820.0,0.0
2006040353.0,2.19557292161e-230
2687480803.0,5.01640646005e-126
1732637669.0,2.1584982405e-150
3558003689.0,4.45239687835e-69
135869424.0,0.0
197093544.0,3.89291355304e-222
1333195762.0,1.72835937195e-81
322589684.0,0.990823793762
1037939704.0,0.0
1912189950.0,3.42014559618e-61
4116632580.0,9.176386665e-144
1874916359.0,0.0442345081257
3824833561.0,1.40440600288e-164
927241245.0,1.0
944157726.0,6.51107846685e-49
1116599329.0,2.78646487901e-212
1270992390.0,1.0
3718927404.0,1.0
4197446704.0,8.24277422318e-156
3852096562.0,5.29883743604e-161
1758966843.0,1.0
2334716998.0,1.32664600848e-31
3778204746.0,5.75893436559e-144
1305760850.0,3.16492601952e-239
244462675.0,1.0
1919152996.0,0.000757039346456
943707226.0,1.45200455989e-27
2043376732.0,2.02043837845e-48
4017534046.0,2.08907230926e-09
2154708496.0,9.41018010603e-196
2684771858.0,5.14876278202e-64
2906420334.0,2.11626706083e-126
4197151858.0,1.05928560906e-190
3085964404.0,1.0
2377872506.0,1.0
1548748991.0,3.79091317922e-295
3040318592.0,7.06971523835e-227
3423802502.0,6.06230185014e-90
1524790409.0,2.28252128781e-60
1376646283.0,7.14116876056e-240
3675509902.0,2.68323731946e-14
865973392.0,1.0
1120441496.0,1.4473667045e-57
4151208132.0,1.0
932664477.0,1.96783025781e-65
3507590304.0,1.0
384586913.0,2.52628657704e-19
1546777764.0,3.9885756243e-62
4211618984.0,1.0
2979116205.0,0.0
392377518.0,1.38069998309e-66
4050719921.0,1.0
1360598195.0,8.77920295683e-77
4216542392.0,1.12555340544e-12
2137593022.0,1.07436390155e-23
256070847.0,2.56351537558e-161
1673548992.0,2.87297916293e-39
2848232641.0,3.19753269414e-172
1465881794.0,2.57260912637e-50
1740027076.0,1.87224843217e-38
1355830470.0,1.0
1706497234.0,0.0
1679398101.0,2.44450533859e-119
4025644250.0,2.89511873175e-178
321967324.0,1.16204593541e-17
1379431645.0,1.45771412827e-08
358642912.0,0.00118148629705
4029453550.0,1.58725220267e-280
2136347889.0,6.00032877293e-126
3048527090.0,0.0
1077458166.0,2.21001694518e-273
2152346877.0,1.79312644864e-87
3623908612.0,3.45078477015e-242
705066247.0,2.70582653974e-26
873911567.0,5.09049839976e-31
2242966804.0,0.999997808007
3933263128.0,3.61644968747e-310
3587429660.0,4.34750295276e-29
1051260193.0,2.30830795198e-168
183359707.0,2.7619427523e-307
3109672237.0,6.56769926622e-49
468416893.0,1.643401141e-68
1082086708.0,4.42702501494e-90
947148085.0,4.97709013065e-73
3069891465.0,1.13377760338e-101
4263990585.0,2.56273794053e-108
1236740319.0,0.0
1853191050.0,1.22553922682e-306
1498838336.0,1.65314518975e-262
3678401862.0,7.05957027045e-101
2492675400.0,1.97221372424e-216
2919210693.0,5.58230030622e-43
1341625680.0,1.41953591071e-93
2119570771.0,3.56720645233e-99
1559860566.0,4.86081559606e-06
2306061655.0,1.57131417234e-46
2981311836.0,2.50860730695e-251
3304576351.0,5.23872399163e-132
1610184032.0,1.73429635143e-89
783765051.0,6.86451902532e-73
501962084.0,2.5003748778e-179
3090437477.0,1.33887251781e-157
2208191846.0,1.56578157171e-12
3979113834.0,1.02529829523e-76
4272829805.0,6.2761242156e-273
1171027314.0,3.86747051534e-177
156964214.0,3.75254044598e-147
588242317.0,8.1867745391e-05
622466425.0,1.28141680691e-126
173299067.0,1.0
1156633980.0,1.04021283488e-42
696685957.0,8.24498757594e-185
2598065556.0,7.48463328302e-82
3557094808.0,1.19794330303e-53
1580438941.0,7.51900810656e-136
84317600.0,4.91127252875e-93
2855671201.0,1.0
242955686.0,8.81502607881e-107
738039210.0,0.000210306614226
1651219599.0,1.05198895252e-74
1239109318.0,9.45720008293e-152
3485953609.0,2.23897632212e-44
3742897593.0,0.0119833456399
981652924.0,1.0
335181247.0,8.98273723464e-34
2883999170.0,5.25997790303e-255
3567990215.0,1.0
739218891.0,9.60716225071e-10
171775437.0,1.48056800303e-81
466367952.0,1.0
3863713234.0,5.80440075925e-154
314179150.0,4.81701144055e-12
3422180824.0,1.18724570091e-256
351587919.0,0.999999998261
4115720443.0,1.0
2582709158.0,5.77394805348e-56
3290822121.0,5.75098862581e-34
1966446059.0,1.04016755831e-85
3746575853.0,2.0102263748e-290
1158059503.0,2.59737226938e-317
2937419248.0,0.0
132953585.0,0.999999999965
3343150373.0,2.1307329092e-233
2682582518.0,5.79063523247e-09
3008132600.0,3.93856287661e-11
2487299384.0,1.19995229242e-245
2009945606.0,7.49870924176e-152
1071396361.0,1.11896083198e-280
1720399375.0,1.0
821933587.0,3.7186279469e-35
3058402847.0,1.10497863106e-44
1886295579.0,0.0
1795282466.0,1.61279000903e-54
2374923813.0,1.8343329112e-84
3849475626.0,8.22416497495e-261
3247797804.0,2.83710801762e-287
1212634670.0,2.97108418512e-71
1789539889.0,0.000219251519067
1971115572.0,2.52578187657e-127
582489655.0,1.59417357112e-31
2645702202.0,1.27078602284e-127
3234780736.0,2.03089349712e-16
4243338818.0,0.0
91739717.0,3.20260119693e-190
3588904522.0,3.7609860909e-164
2483377740.0,3.99286341341e-106
2236601934.0,1.87264000976e-279
3094918738.0,7.48072123165e-35
2176816726.0,5.68348348556e-10
525997655.0,1.06041993081e-79
3880154712.0,2.2869353632e-233
261510752.0,4.41414037358e-104
3435443813.0,1.38392708739e-20
4198307433.0,4.94104421026e-108
2388883054.0,8.09488319766e-66
185407090.0,1.0
617879162.0,3.94144208158e-59
2118084886.0,2.96639895322e-139
3478886022.0,6.13955670484e-35
3402217097.0,7.93981683065e-39
3218437773.0,6.14190137764e-126
3883677327.0,1.61932528844e-11
941771033.0,1.0
4180530846.0,1.0
1275393695.0,4.40095850277e-59
1332237991.0,1.0
1638313586.0,8.85852255517e-261
295515825.0,2.10816553603e-152
3874215604.0,1.94371246916e-64
3933861560.0,1.0
4208424633.0,1.0
3960059590.0,1.42393136314e-138
3158144716.0,2.54223494919e-100
2527024846.0,2.03662677021e-10
1205966543.0,5.06741688038e-113
3253046904.0,3.85368351557e-22
611202773.0,1.38593035819e-124
3298506462.0,8.71987385614e-72
3274798815.0,8.34556021574e-278
2381166311.0,3.9026644846e-17
1200830187.0,1.13616865482e-62
1518423631.0,1.4607182339e-11
602085114.0,9.67542344912e-18
3883054843.0,1.0
2494748414.0,1.0
4201297666.0,1.66124030277e-168
3657103121.0,5.82228937078e-47
4285110044.0,2.36407735502e-99
3899905824.0,9.15200029185e-69
3661641508.0,3.57638426956e-41
720672552.0,4.00654860164e-06
4143560490.0,6.71066712499e-28
1881110329.0,4.43219012914e-204
1657820987.0,1.98957380149e-64
2759186237.0,1.83403117459e-111
3806140231.0,1.9954599243e-256
313775948.0,2.94810674856e-277
3561609037.0,2.23188237828e-131
32388948.0,3.59831871681e-129
2497869653.0,1.05155388527e-71
3418183512.0,4.03231698956e-145
2709034841.0,2.28350091694e-42
2191300442.0,9.25367871326e-119
2011993948.0,4.61481644227e-59
1637365598.0,3.35191998596e-33
1582536544.0,0.0
2310846305.0,3.0885915238e-17
1679660898.0,6.12641400843e-322
1211938659.0,5.00107505967e-172
1638676327.0,1.07768460701e-26
1300567917.0,3.51732442772e-278
4172461937.0,1.0
1739863923.0,7.05583293626e-133
1528485753.0,1.77258419983e-78
3381188479.0,1.0
288397188.0,1.0
2030794629.0,2.45068239561e-73
1491908492.0,1.1491782372e-54
2550691725.0,1.41674136536e-72
1921382330.0,1.0
3404068752.0,3.21049993188e-52
2750404497.0,0.0
1645606805.0,1.04593602961e-33
2551666585.0,3.18292073932e-11
1604024219.0,3.47717558863e-90
3550779297.0,2.33809402905e-117
1221009051.0,0.0
3451967396.0,3.94698150213e-12
359864230.0,6.54874343654e-264
179509162.0,1.09532908007e-51
925185965.0,8.67597379072e-200
2913793969.0,1.05949910236e-36
1453414330.0,9.59119024378e-90
3158480830.0,7.95784228617e-142
226736066.0,1.20313779839e-160
2265090379.0,1.98659444235e-39
2477266886.0,1.0
554056686.0,3.39460775696e-102
3631372238.0,6.05851285078e-134
2438748111.0,1.19653683797e-64
2987530192.0,6.0696979213e-115
2642753501.0,1.34820790403e-299
580103847.0,1.83403117459e-111
493197297.0,1.31746344527e-49
2869240831.0,1.0
678940729.0,0.135091561262
2079665836.0,3.68363791832e-99
1284511760.0,1.2846829931e-208
3449395218.0,8.45370428179e-32
4085970964.0,1.70182855041e-276
1613707386.0,1.07218452642e-61
2610558998.0,0.0
437327904.0,3.90097021611e-43
3232315427.0,2.35607727557e-109
1729181738.0,2.71074388325e-106
3657848878.0,1.86024443861e-92
805615667.0,4.14553129581e-118
976910388.0,1.0
1977284662.0,3.24714725116e-74
2596952119.0,5.86516545643e-80
932018235.0,0.0
427808828.0,2.33665106452e-218
3456333885.0,1.0
2493978686.0,1.44663837392e-94
551057472.0,1.21440486382e-288
715610178.0,4.70556431511e-229
1811899403.0,6.066586636e-76
2018506826.0,8.17885607738e-260
2394025655.0,6.09328021814e-257
1383159884.0,1.06942837069e-20
1101158478.0,6.00437495621e-40
4146624593.0,0.0
3410212948.0,1.16174773038e-237
1709185112.0,0.999999421941
2926860379.0,5.6497806402e-110
1514248290.0,0.999999990871
1551325285.0,2.06228109863e-33
2458753130.0,8.09284527472e-174
3102701678.0,1.2617639006e-107
1087592563.0,4.17695516163e-295
138197111.0,4.61540762663e-109
3933755514.0,2.49801229187e-206
2589694076.0,1.89226666698e-83
4198365309.0,3.23182270342e-107
3267967108.0,1.36883008205e-288
1576130694.0,1.24666852339e-82
2933889167.0,1.52887970161e-06
4056283291.0,1.0
503453855.0,9.14988407527e-21
421583216.0,1.22059035934e-111
330002118.0,4.73062867874e-35
3832551592.0,0.0
3581273116.0,1.0
3504232619.0,1.0
829192364.0,1.0
76011693.0,5.06829414303e-183
3719747758.0,1.59515567368e-76
3869382833.0,1.49151057949e-100
875118281.0,0.0190140965765
3986745716.0,1.30304196063e-83
1837160634.0,2.93439846023e-115
1132714357.0,4.78034607362e-149
789592262.0,1.0
88373450.0,5.68301973816e-64
788560084.0,0.340488399773
3615217883.0,3.9758168976e-40
2072312029.0,5.15030152748e-223
4255810597.0,6.15075106139e-67
893065444.0,1.72702244294e-22
4022775505.0,4.60263828877e-35
1085602029.0,1.23724468476e-28
3320682734.0,1.0
1109121263.0,3.23352349431e-302
1745590513.0,1.0653295015e-43
1220720897.0,1.00113726118e-24
3614505789.0,1.29933627039e-28
361732358.0,0.0
3407411468.0,1.0
2887596301.0,5.9352516932e-151
3459275023.0,1.00893136078e-54
927439134.0,3.07647188357e-105
1956268421.0,1.0
729512225.0,2.21224119856e-218
3691403563.0,0.999888618234
1200462129.0,6.99252529633e-145
697006387.0,3.63965925787e-78
4029937973.0,1.68459550939e-288
159635782.0,6.39713227738e-135
4075493706.0,3.35795553387e-128
1369454925.0,2.29219284457e-22
1951029591.0,1.91628350061e-39
203774297.0,7.96010779309e-99
958658909.0,2.450647787e-93
3265034590.0,1.41227926038e-100
1576114533.0,2.19784983201e-27
72718694.0,4.90834578087e-57
1871985001.0,1.45032071982e-140
1741699434.0,0.0467966498485
2099632493.0,3.40620471259e-15
4113152368.0,1.63827349804e-137
3583203698.0,2.55387531577e-150
3117619572.0,3.576920319e-54
2343754101.0,0.0
848662249.0,5.82863110182e-32
1403378041.0,1.33309348234e-116
1361631611.0,2.59928308407e-151
3914362602.0,1.71705244306e-215
4643202.0,3.44788003521e-93
3307264388.0,2.37739756402e-152
3271063951.0,1.0
485333393.0,0.0
670357906.0,5.63397461341e-71
2863987099.0,2.84980069681e-257
4149287333.0,9.81763755416e-11
37935529.0,1.06895105619e-256
3328186799.0,3.01341093854e-62
689772978.0,8.40068516136e-75
2537568694.0,2.70251927315e-54
2277284281.0,2.30735960594e-100
3422230977.0,2.30107729353e-64
512334274.0,1.0
3200489924.0,3.40283273681e-118
2457386742.0,3.4120113055e-99
2308995527.0,4.13107692928e-76
3073882568.0,3.18858653882e-40
1854691785.0,4.37878489064e-51
3566295499.0,4.61664401354e-27
2187549133.0,1.2358872798e-106
3618181813.0,3.98265227375e-36
203979224.0,3.84693268447e-54
4241785291.0,1.38208556457e-127
2437863907.0,1.365507662e-182
1359378916.0,7.96344313484e-74
2463136232.0,2.07916873104e-08
1709521385.0,0.238495989554
2901006827.0,1.67953999032e-164
2333530607.0,2.20898938164e-97
1786010104.0,4.2210215667e-90
3288160761.0,6.09567290904e-52
3883276796.0,0.0
669817356.0,1.40693332742e-83
3263830544.0,2.258693622e-54
2657384977.0,3.73570573012e-218
3585636883.0,1.97294224496e-32
2131909140.0,1.9669334756e-139
2667043355.0,5.68348348556e-10
2404661795.0,4.14807469925e-165
2846800427.0,6.15804451745e-60
3553172013.0,0.0247194413568
3289564253.0,5.69454591513e-134
3250715193.0,8.25760493414e-48
4081252925.0,2.47796299856e-215
271497799.0,9.81439284361e-78
3817855562.0,8.56685660574e-21
2499344973.0,0.0540669662099
957332047.0,0.0
3397794385.0,1.0
3967015511.0,4.57887587281e-19
875764320.0,3.77064992919e-189
2753223268.0,8.10831682697e-215
771340907.0,1.44762006218e-47
2449627756.0,0.999999999916
1806793328.0,2.00981834783e-38
3736459894.0,7.19194301235e-28
1148893818.0,3.07107558896e-42
2990185083.0,4.85937904693e-255
2046892668.0,1.37427205035e-178
3467385471.0,0.0
1449008960.0,3.14416599969e-89
1351482663.0,0.971632044923
2776128130.0,1.44139371399e-181
40491651.0,3.07045539282e-39
2571655820.0,6.99473094072e-14
1929247386.0,3.67258857651e-27
1227471515.0,5.68348348556e-10
1134443164.0,3.85320213776e-69
1882749605.0,1.36195057648e-135
3033774758.0,1.0
430414510.0,1.0
1319968541.0,1.3590529853e-05
586021554.0,2.25884809289e-62
2315229877.0,1.96237610913e-216
1948625147.0,3.28575774557e-21
4081760952.0,1.0
358260511.0,8.56958500591e-97
22256316.0,0.547308366174
1331550909.0,1.83561513971e-52
2311822017.0,4.13612515999e-94
3590882422.0,2.49184463167e-112
1204391713.0,0.0
4018109131.0,3.17548335938e-194
1888672462.0,1.75160709528e-22
3612859092.0,2.61708755289e-69
1731795669.0,3.40592772618e-63
2839780066.0,1.0
866073317.0,3.5346908205e-27
2907028199.0,2.91712206937e-59
4265422151.0,0.0
3729758955.0,2.39712061357e-46
3384551890.0,4.73030539977e-171
363141879.0,1.03577020114e-38
3755088636.0,1.0
1520301184.0,1.0
2890521360.0,9.87907570799e-299
1019198242.0,4.42989811881e-171
98581287.0,1.69290977137e-25
1060059945.0,2.0643977489e-48
1570650922.0,1.0
3749239597.0,7.96980167424e-28
3089701680.0,1.68842444828e-146
767754035.0,3.97932881784e-116
2417144969.0,3.02195927012e-167
3785988920.0,4.72173756421e-46
4255292219.0,1.0
970193724.0,5.69029432425e-106
2117811005.0,5.89332245148e-53
3638917951.0,3.12031755304e-62
15145794.0,9.68615177611e-220
3649688715.0,1.54935423786e-112
4022688588.0,1.93667891058e-41
3338779471.0,1.0
3563690834.0,1.03206644854e-78
625179483.0,1.29398997561e-34
1847245667.0,0.999646007255
2918734700.0,0.0
4055022445.0,1.0
2867346286.0,1.0
4124490216.0,1.29271678044e-305
3814265525.0,1.11033482734e-67
2310486505.0,1.45660873809e-94
3369384825.0,1.15505966597e-85
3082582913.0,5.68348348556e-10
2331876230.0,0.999992877783
1665702791.0,3.28779631308e-93
3598203784.0,4.07014476731e-69
1988500374.0,7.14511706714e-149
4022524826.0,1.0
16030619.0,0.00497940968873
4160281504.0,3.82118468855e-70
4037139365.0,8.88273419199e-176
764009382.0,3.14416599969e-89
3221486508.0,1.0
2970154141.0,1.90586288519e-58
3929193078.0,2.98953242549e-37
878579529.0,2.23347486102e-188
1343527868.0,3.77656069846e-47
4068178877.0,1.32109391979e-72
1738030014.0,2.56601547411e-227
4241914816.0,2.55704259307e-305
1839918322.0,3.78549300829e-81
1815354318.0,1.13416610741e-115
105642960.0,1.95285427247e-69
2622856149.0,6.43324814557e-107
2600873807.0,2.79083281847e-102
2794118114.0,3.81403395505e-31
2043248465.0,1.0
1962322428.0,1.31551716577e-41
3842497516.0,1.31510229457e-38
2148965358.0,0.0
158940143.0,1.0
2604497909.0,0.0
268442623.0,2.86903515165e-24
1109564424.0,1.03022650985e-75
2079505419.0,1.0
1510816782.0,8.68476255973e-38
3922295823.0,8.93073415565e-196
3368393744.0,1.67503920484e-172
2482302037.0,1.0
2147465338.0,3.82024274504e-69
3856037277.0,1.0
2974096410.0,1.78632203779e-49
372857885.0,1.80752868955e-263
380673055.0,2.99156152661e-24
394984483.0,2.6633530263e-295
1533582384.0,5.86577470357e-68
4219345971.0,0.999999995299
183204935.0,3.66965130079e-17
3971218504.0,1.34076830386e-165
1105067091.0,4.26306592889e-82
50076758.0,1.43774023692e-125
1130470487.0,0.0
173341789.0,0.218880091314
2941705310.0,1.84971466575e-68
2398788706.0,1.59565873342e-86
2257353829.0,1.83088971177e-63
1989368937.0,1.0
24755307.0,7.90564424653e-29
4186537070.0,2.99889390668e-43
250920048.0,6.87619612025e-49
702889076.0,4.66276790585e-92
4182602942.0,5.65979083102e-111
2302891199.0,6.05523189477e-46
881204355.0,0.999999999936
309935240.0,6.20126129237e-117
1974402191.0,1.75102343076e-150
3958791318.0,0.0
2561965207.0,7.13992055522e-167
3936615581.0,5.53414679036e-173
2759880560.0,1.75357012661e-272
3182419120.0,1.0
2401565873.0,3.63825263115e-84
4291488745.0,4.92652163102e-119
2840263860.0,1.41783505442e-107
1814088826.0,3.32107855696e-45
410565817.0,6.17664330281e-65
670366919.0,2.61708755289e-69
2472254668.0,1.0
2760817870.0,1.82610896742e-179
68991036.0,0.430622475111
395738321.0,3.47166782145e-63
2375990486.0,1.0
1395580121.0,4.55799098258e-303
2931588314.0,7.89924680874e-60
1750662364.0,2.45158683262e-08
1260751404.0,1.0
3970042405.0,2.02231948788e-274
1120148704.0,1.0
2257001698.0,3.728807845e-48
1039301878.0,1.0
886897913.0,1.28277695767e-11
491535621.0,0.999964287225
2194177287.0,3.60445880256e-45
3141172489.0,0.00339971898826
2228226605.0,1.55675769084e-89
3968851216.0,8.1141208217e-66
227245329.0,7.11258433728e-32
1556585746.0,1.43306282775e-95
2614397486.0,1.0
3611704599.0,8.09163710285e-167
808714118.0,1.0
1889213735.0,1.01211939846e-08
2509626664.0,3.26629777024e-27
2419561692.0,5.68348348556e-10
651050282.0,4.04644451879e-09
2701409582.0,1.2614407477e-33
1211170095.0,1.1083992151e-46
4158479668.0,1.07986000911e-31
2255150393.0,0.0
376003904.0,3.85817466676e-143
787487372.0,6.93890114017e-17
2713115974.0,3.96107526674e-17
1545878855.0,1.11414181504e-70
1000660300.0,5.59257145556e-73
1260887373.0,0.0
3495624015.0,5.32020821105e-211
2173959522.0,1.38345947994e-56
2280783209.0,4.3535673773e-50
2105236843.0,1.90645350722e-05
3299913618.0,0.0
1570651505.0,3.31494604013e-267
209313138.0,5.26053854144e-33
2505014644.0,9.73914977334e-94
3698515322.0,1.0
164953467.0,2.20259931938e-113
538404590.0,0.0
1843297665.0,8.64568081444e-234
1591762309.0,1.22123511705e-39
3103078432.0,9.87285432341e-155
2015690124.0,1.7308736984e-239
3931028877.0,0.0
3262332304.0,1.99883567935e-05
354131348.0,4.09722156115e-136
4046083310.0,2.69557682496e-88
1108729241.0,2.75604987422e-188
1295580580.0,1.18506972264e-69
2963283368.0,5.52395523313e-92
1618673067.0,1.0
1362372441.0,1.59937772987e-09
3950779824.0,1.3868150237e-15
3384843698.0,4.55285086197e-39
287219131.0,0.0
2583739840.0,3.96796482669e-22
2610486723.0,2.02537684682e-116
2330787268.0,0.887235054177
2337250757.0,3.61790757421e-34
1241464267.0,2.38537661234e-91
3397828046.0,2.77147424011e-138
340975058.0,5.91067750946e-228
799989205.0,6.48649347265e-270
235994585.0,1.0
3336568290.0,0.0
3255694526.0,2.69236183057e-84
1904492019.0,4.40632867796e-77
65797629.0,4.98847650542e-57
2966199806.0,6.00536168377e-84
3281387017.0,7.53084517364e-53
4051443216.0,5.41670250475e-18
3813654034.0,2.59767540746e-16
2359614999.0,3.99188794333e-313
1542995481.0,1.0
3462888987.0,0.0
2056594679.0,1.0
2441575971.0,2.18557158132e-32
2037194281.0,6.68520936268e-125
2979749419.0,1.24249902055e-92
1328774706.0,5.68348348556e-10
1620573756.0,2.87584197221e-119
1255956033.0,5.72758176378e-56
2282454601.0,1.0
1746599500.0,5.36621349998e-79
4241981006.0,1.0
4111670865.0,5.31437990219e-88
448503396.0,1.0
2145680999.0,3.73505461354e-60
2903367273.0,2.62021714868e-93
1849286254.0,1.33619014443e-50
3360521839.0,5.89439337266e-05
4087340658.0,9.72464312833e-80
3924696691.0,1.0
583376511.0,6.34236020737e-94
2184633986.0,4.76394150954e-55
3272932995.0,2.40415433992e-38
2094557805.0,2.06260460212e-100
3511541392.0,1.10963486021e-32
4168267032.0,3.31815141259e-65
599457430.0,2.66452452833e-79
1678261911.0,3.18718762713e-05
2295021210.0,1.0
2397413019.0,3.805204199e-127
791486108.0,1.49294252474e-36
2647432870.0,3.54607878257e-08
2173427367.0,5.019494513e-77
4165164713.0,6.77697159291e-161
873627318.0,2.19652569072e-38
510492343.0,7.82611912002e-80
153026235.0,7.02738771477e-161
1188789953.0,1.0
3977731781.0,3.31746883916e-158
2705112774.0,2.83958052301e-139
2528212257.0,1.10257120007e-10
2161078220.0,0.999999999998
148438730.0,3.02356082402e-275
991469263.0,6.01210213377e-66
3454443216.0,5.72215008721e-190
206110424.0,2.32553238139e-115
1623826137.0,1.10756070892e-295
1175566970.0,0.0
2716475113.0,2.67277515547e-169
3763732209.0,1.2256714539e-127
3477126898.0,6.67125574656e-49
3276087030.0,0.0
1421057783.0,6.74254960056e-30
2459865723.0,1.0
3654246152.0,0.0
2863300363.0,1.0
1191894799.0,2.27010609192e-139
2867445520.0,8.47322582618e-321
639244931.0,1.08235698755e-109
2574704410.0,1.36269870089e-51
3724459805.0,1.0613699151e-144
3113393951.0,1.28168796864e-133
3963895585.0,4.99117144786e-56
1363935017.0,3.58876748479e-181
1729862983.0,6.99306208597e-10
3275121971.0,0.0
3526450996.0,3.35065972469e-109
2810986298.0,1.0
1139621696.0,1.08101304194e-111
1455914817.0,1.0
1651703618.0,2.75332284226e-93
764501827.0,3.76668741749e-66
4109639495.0,4.13756214625e-29
925630280.0,3.09791442404e-224
1283660428.0,1.0
3522961232.0,1.91094266342e-101
2566176593.0,4.63617698458e-112
1788977308.0,3.70824625998e-43
1050025814.0,1.0
2653339480.0,7.03146463084e-181
2848199995.0,1.2665780983e-63
3062693740.0,1.36033675312e-208
3951886190.0,2.89057788905e-106
1800560616.0,1.28872188883e-107
2359730034.0,3.99411782922e-290
2539634665.0,1.79226338478e-113
2884132730.0,9.47191676203e-21
1069350779.0,9.78762094365e-05
3048705453.0,8.26084476797e-92
865197954.0,4.26600727533e-61
3574120325.0,5.69373157154e-106
1634516870.0,1.51349210172e-107
606248839.0,0.99999724927
2726870921.0,1.84615241333e-51
2697568142.0,1.50478832612e-135
1680088979.0,1.0
2982068117.0,3.17259615606e-230
257654678.0,5.04647232653e-20
2357903260.0,1.59506492511e-77
3565502365.0,5.87092830307e-233
713408414.0,9.66962811419e-156
224853921.0,2.94409131659e-210
171698843.0,2.63690915442e-280
3975717091.0,5.68348348556e-10
52305841.0,3.42621336352e-06
3851599795.0,4.33299992115e-30
2988146614.0,1.0
773332920.0,1.18496551772e-63
729505721.0,1.78286530627e-121
1576640450.0,1.17706907298e-72
2883264454.0,1.0
3855073226.0,0.134499750561
1174044620.0,1.09494109373e-166
2135293904.0,1.85361381444e-153
1836335061.0,1.0
1701158876.0,8.92091461927e-62
1650802653.0,1.22412871102e-106
3124314078.0,2.7663297557e-120
3740147683.0,3.707565421e-51
2438152168.0,9.46332119357e-13
571367201.0,1.0
2691129325.0,1.72702244294e-22
1736278008.0,2.19284348928e-29
4011778046.0,2.68776131472e-100
