ID,priority,black,white,ground,file1_col1
2144358400,1,0,0.0,0.0,0
3800760322,1,0,0.0,0.0,1
3191791619,1,0,0.0,0.0,2
2729656324,1,0,0.0,0.0,3
4191256581,1,0,1.0,0.0,4
4121108486,1,0,0.0,0.0,5
1342382092,1,0,1.0,0.0,6
3755720717,1,0,1.0,0.0,7
1318838287,1,0,0.0,0.0,8
946176016,1,0,0.0,0.0,9
453500945,1,0,0.0,0.0,10
353755139,1,0,0.0,0.0,11
839647252,1,0,0.0,0.0,12
942952452,1,0,1.0,0.0,13
2511904795,1,0,0.0,0.0,14
3333611548,1,0,0.0,0.0,15
3082582913,1,0,0.0,0.0,16
3737272353,1,0,0.0,0.0,17
185188386,1,0,0.0,0.0,18
573325347,1,0,0.0,0.0,19
2124324901,1,0,0.0,0.0,20
197165095,1,0,0.0,0.0,21
1188814891,1,0,0.0,0.0,22
982360109,1,0,0.0,0.0,23
4086546480,1,0,0.0,0.0,24
3838459955,1,0,1.0,0.0,25
966934580,1,0,0.0,1.0,26
3284519604,1,0,1.0,0.0,27
1910325309,1,0,1.0,0.0,28
2453086270,1,0,1.0,0.0,29
1563967552,1,0,0.0,0.0,30
1610184032,1,0,0.0,0.0,31
3562463301,1,0,0.0,0.0,32
1808911717,1,0,0.0,0.0,33
3795304520,1,0,0.0,0.0,34
421388363,1,0,0.0,0.0,35
1053548620,1,0,0.0,0.0,36
596918352,1,0,0.0,0.0,37
3317047384,1,0,0.0,0.0,38
2813616217,1,0,0.0,0.0,39
2834915421,1,0,1.0,0.0,40
3090437477,1,0,0.0,0.0,41
892067936,1,0,0.0,0.0,42
1650581602,1,0,0.0,0.0,43
595230820,1,0,0.0,0.0,44
3309052005,1,0,1.0,0.0,45
2847694951,1,0,0.0,0.0,46
1811882090,1,0,0.0,0.0,47
1331550909,1,0,0.0,0.0,48
4113883249,1,0,0.0,0.0,49
4256784501,1,0,0.0,0.0,50
2101526646,1,0,1.0,0.0,51
2147815901,1,0,0.0,0.0,52
1919869055,1,0,0.0,0.0,53
2962792580,1,0,1.0,0.0,54
2152991425,1,0,1.0,0.0,55
3417661576,1,0,1.0,0.0,56
4272829805,1,0,0.0,0.0,57
2961039507,1,0,0.0,0.0,58
3993051292,1,0,0.0,0.0,59
2703515805,1,0,0.0,0.0,60
1398325407,1,0,0.0,0.0,61
3525836960,1,0,1.0,0.0,62
3983196321,1,0,1.0,0.0,63
2587648164,1,0,0.0,0.0,64
273670311,1,0,0.0,0.0,65
1003888808,1,0,0.0,0.0,66
1604305068,1,0,0.0,0.0,67
3640713389,1,0,1.0,0.0,68
3969294512,1,0,1.0,0.0,69
3033088178,1,0,1.0,0.0,70
1118838963,1,0,1.0,0.0,71
686342322,1,0,0.0,0.0,72
779665589,1,0,0.0,0.0,73
522795721,1,0,1.0,0.0,74
3389104312,1,0,0.0,0.0,75
1134182585,1,0,0.0,0.0,76
627261626,1,0,0.0,0.0,77
1191354555,1,0,0.0,0.0,78
3524886718,1,0,0.0,0.0,79
178086079,1,0,1.0,0.0,80
1729274049,1,0,0.0,0.0,81
3377553602,1,0,1.0,0.0,82
2221392069,1,0,0.0,0.0,83
2389745864,1,0,0.0,0.0,84
3485769930,1,0,0.0,0.0,85
2741403852,1,0,0.0,0.0,86
2746769613,1,0,0.0,0.0,87
2670084303,1,0,1.0,0.0,88
1934541010,1,0,0.0,0.0,89
3035087059,1,0,0.0,0.0,90
3347742932,1,0,1.0,0.0,91
207126743,1,0,0.0,0.0,92
2444411098,1,0,0.0,0.0,93
2321039579,1,0,0.0,0.0,94
1072308446,1,0,1.0,0.0,95
4243587295,1,0,0.0,0.0,96
3709477090,1,0,1.0,0.0,97
3824074979,1,0,0.0,0.0,98
1135370468,1,0,0.0,0.0,99
3961200869,1,0,1.0,0.0,100
773332920,1,0,0.0,0.0,101
246808812,1,0,1.0,0.0,102
3872112877,1,0,0.0,0.0,103
945307889,1,0,0.0,0.0,104
419508265,1,0,0.0,0.0,105
3187415764,1,0,0.0,0.0,106
1548886266,1,0,1.0,0.0,107
2476228860,1,0,0.0,0.0,108
4221947002,1,0,0.0,0.0,109
209158401,1,0,1.0,0.0,110
2015690124,1,0,0.0,0.0,111
326115587,1,0,0.0,0.0,112
833462533,1,0,0.0,0.0,113
1727209735,1,0,0.0,0.0,114
434659594,1,0,1.0,0.0,115
1162879243,1,0,0.0,0.0,116
2097234188,1,0,1.0,0.0,117
3191218445,1,0,1.0,0.0,118
2047435022,1,0,0.0,0.0,119
1386758415,1,0,1.0,0.0,120
294084880,1,0,0.0,0.0,121
2010390802,1,0,1.0,0.0,122
3877413140,1,0,0.0,0.0,123
3933755514,1,0,0.0,0.0,124
1587151126,1,0,1.0,0.0,125
1224335645,1,0,1.0,0.0,126
1043562783,1,0,1.0,0.0,127
3696197921,1,0,1.0,0.0,128
2278383906,1,0,1.0,0.0,129
2803204391,1,0,0.0,1.0,130
1629496711,1,0,0.0,0.0,131
831744733,1,0,0.0,0.0,132
4261593393,1,0,1.0,0.0,133
1506693172,1,0,1.0,0.0,134
2214011194,1,0,0.0,0.0,135
3226435900,1,0,1.0,0.0,136
1799652746,1,0,0.0,0.0,137
1717584195,1,0,1.0,0.0,138
497328452,1,0,1.0,0.0,139
894198086,1,0,0.0,0.0,140
358138185,1,0,1.0,0.0,141
705610059,1,0,0.0,0.0,142
2184102221,1,0,0.0,0.0,143
1125007695,1,0,0.0,0.0,144
1181098320,1,0,1.0,0.0,145
401894115,1,0,0.0,0.0,146
2759729494,1,0,1.0,0.0,147
2252398935,1,0,0.0,0.0,148
3524731225,1,0,1.0,0.0,149
3459391835,1,0,0.0,0.0,150
1968173115,1,0,0.0,0.0,151
304669029,1,0,0.0,0.0,152
390603110,1,0,0.0,0.0,153
3155247463,1,0,0.0,0.0,154
2088788329,1,0,1.0,0.0,155
3853205867,1,0,1.0,0.0,156
3379814765,1,0,0.0,0.0,157
2654183790,1,0,0.0,0.0,158
1803428207,1,0,1.0,0.0,159
4060651888,1,0,0.0,0.0,160
2208571761,1,0,1.0,0.0,161
788922738,1,0,0.0,0.0,162
2233672054,1,0,0.0,0.0,163
537633146,1,0,0.0,0.0,164
3873196778,1,0,1.0,0.0,165
3287048574,1,0,1.0,0.0,166
3460211074,1,0,0.0,0.0,167
2078874347,1,0,0.0,0.0,168
2056899406,1,0,0.0,0.0,169
338411911,1,0,1.0,0.0,170
3638092168,1,0,0.0,0.0,171
58196362,1,0,0.0,0.0,172
8713623,1,0,1.0,0.0,173
1051260193,1,0,0.0,0.0,174
1150966509,1,0,0.0,0.0,175
3796042128,1,0,0.0,0.0,176
4172620178,1,0,1.0,0.0,177
1774100886,1,0,0.0,0.0,178
2712322455,1,0,1.0,0.0,179
1385120152,1,0,1.0,0.0,180
1182511172,1,0,0.0,1.0,181
2726986138,1,0,0.0,0.0,182
1247887771,1,0,0.0,0.0,183
935698844,1,0,0.0,0.0,184
1732641187,1,0,0.0,0.0,185
1760543142,1,0,0.0,0.0,186
4190937511,1,0,1.0,0.0,187
2343281064,1,0,1.0,0.0,188
2428084650,1,0,0.0,0.0,189
2334220717,1,0,1.0,0.0,190
391848367,1,0,0.0,0.0,191
2837329513,1,0,0.0,0.0,192
1108959666,1,0,1.0,0.0,193
3322118580,1,0,1.0,0.0,194
4029776310,1,0,1.0,0.0,195
770288372,1,0,0.0,0.0,196
3265946050,1,0,1.0,0.0,197
3881017796,1,0,1.0,0.0,198
3398115786,1,0,1.0,0.0,199
2877448651,1,0,0.0,0.0,200
751501773,1,0,1.0,0.0,201
2648768974,1,0,0.0,0.0,202
895853008,1,0,1.0,0.0,203
3103965649,1,0,0.0,0.0,204
410565817,1,0,0.0,0.0,205
2557133269,1,0,1.0,0.0,206
2899255767,1,0,0.0,0.0,207
2753938852,1,0,0.0,0.0,208
1373077981,1,0,0.0,0.0,209
3291931107,1,0,0.0,0.0,210
1966350820,1,0,1.0,0.0,211
2976760295,1,0,0.0,0.0,212
2093572584,1,0,1.0,0.0,213
3937534441,1,0,0.0,0.0,214
2566373869,1,0,0.0,0.0,215
153805298,1,0,0.0,0.0,216
3259998708,1,0,0.0,0.0,217
71240446,1,0,0.0,0.0,218
2653471224,1,0,1.0,0.0,219
3241271803,1,0,1.0,0.0,220
4294673526,1,0,0.0,0.0,221
3669713407,1,0,0.0,0.0,222
3034587648,1,0,1.0,0.0,223
1529340418,1,0,1.0,0.0,224
3405480451,1,0,0.0,0.0,225
3422180824,1,0,0.0,0.0,226
1470259719,1,0,0.0,0.0,227
2609250824,1,0,1.0,0.0,228
740557322,1,0,0.0,0.0,229
2324724482,1,0,1.0,0.0,230
1297860013,1,0,0.0,0.0,231
1492746768,1,0,1.0,0.0,232
3836641811,1,0,1.0,0.0,233
1766127022,1,0,1.0,0.0,234
986341913,1,0,0.0,0.0,235
705159706,1,0,0.0,0.0,236
2597683740,1,0,1.0,0.0,237
4173835236,1,0,0.0,0.0,238
1081721374,1,0,0.0,0.0,239
1898758690,1,0,1.0,0.0,240
1891242075,1,0,0.0,0.0,241
2597126692,1,0,0.0,0.0,242
221667877,1,0,0.0,0.0,243
2118422235,1,0,1.0,0.0,244
223183399,1,0,0.0,0.0,245
3211469352,1,0,0.0,0.0,246
241197609,1,0,0.0,0.0,247
1984922154,1,0,0.0,0.0,248
2828198445,1,0,0.0,0.0,249
4076650589,1,0,1.0,0.0,250
2576130613,1,0,0.0,0.0,251
2560197175,1,0,1.0,0.0,252
3395469881,1,0,0.0,0.0,253
1663754816,1,0,0.0,0.0,254
1034805825,1,0,1.0,0.0,255
1271890500,1,0,0.0,0.0,256
1709900358,1,0,1.0,0.0,257
1343382088,1,0,0.0,0.0,258
3033178703,1,0,0.0,0.0,259
2689548880,1,0,1.0,0.0,260
666796625,1,0,0.0,0.0,261
3016565331,1,0,0.0,0.0,262
2052186708,1,0,0.0,0.0,263
3436862222,1,0,0.0,0.0,264
1490195897,1,0,0.0,0.0,265
3813589592,1,0,1.0,0.0,266
2610558998,1,0,0.0,0.0,267
417350235,1,0,0.0,0.0,268
3043181148,1,0,1.0,0.0,269
1728774750,1,0,0.0,0.0,270
271982693,1,0,0.0,0.0,271
311411296,1,0,0.0,0.0,272
2199634529,1,0,1.0,0.0,273
3990389347,1,0,1.0,0.0,274
1287709284,1,0,0.0,0.0,275
4235797096,1,0,0.0,0.0,276
675529322,1,0,0.0,0.0,277
1059373679,1,0,0.0,0.0,278
4062413426,1,0,0.0,0.0,279
440939493,1,0,0.0,0.0,280
1409090165,1,0,0.0,0.0,281
4030374520,1,0,1.0,0.0,282
1837310587,1,0,1.0,0.0,283
369566332,1,0,0.0,0.0,284
100041341,1,0,1.0,0.0,285
4098630272,1,0,0.0,0.0,286
4028572289,1,0,0.0,0.0,287
1352336002,1,0,0.0,0.0,288
1472240406,1,0,1.0,0.0,289
4199744134,1,0,1.0,0.0,290
808370823,1,0,1.0,0.0,291
304628365,1,0,0.0,0.0,292
2933654158,1,0,1.0,0.0,293
1192649359,1,0,1.0,0.0,294
2525946512,1,0,1.0,0.0,295
2434695827,1,0,1.0,0.0,296
4208636014,1,0,1.0,0.0,297
2140529302,1,0,1.0,0.0,298
2873991845,1,0,0.0,0.0,299
437625510,1,0,0.0,0.0,300
2129699496,1,0,0.0,0.0,301
2165359274,1,0,0.0,0.0,302
2489139884,1,0,1.0,0.0,303
1644675757,1,0,0.0,0.0,304
1649287854,1,0,0.0,0.0,305
453935793,1,0,0.0,0.0,306
952656562,1,0,0.0,0.0,307
4205724340,1,0,0.0,0.0,308
1523516089,1,0,1.0,0.0,309
2741191355,1,0,0.0,0.0,310
2928435900,1,0,1.0,0.0,311
3283878590,1,0,0.0,0.0,312
3142525631,1,0,0.0,0.0,313
523649730,1,0,0.0,0.0,314
4123853512,1,0,0.0,0.0,315
274416329,1,0,1.0,0.0,316
1685709517,1,0,0.0,0.0,317
1258242766,1,0,0.0,0.0,318
171775437,1,0,0.0,0.0,319
3225387731,1,0,1.0,0.0,320
3897696981,1,0,1.0,0.0,321
852918999,1,0,1.0,0.0,322
1070883551,1,0,0.0,0.0,323
1258586848,1,0,1.0,0.0,324
4204626657,1,0,1.0,0.0,325
4108976866,1,0,1.0,0.0,326
1712906981,1,0,1.0,0.0,327
3914362602,1,0,0.0,0.0,328
98581287,1,0,0.0,0.0,329
1791967981,1,0,0.0,0.0,330
3781830943,1,0,0.0,0.0,331
2656756466,1,0,0.0,0.0,332
4201267955,1,0,0.0,0.0,333
2118558452,1,0,0.0,0.0,334
4111008501,1,0,1.0,0.0,335
199543593,1,0,0.0,0.0,336
3392054008,1,0,1.0,0.0,337
2196603642,1,0,1.0,0.0,338
1073349371,1,0,0.0,0.0,339
2505499390,1,0,0.0,0.0,340
583967487,1,0,1.0,0.0,341
3559965440,1,0,0.0,0.0,342
65348353,1,0,1.0,0.0,343
1921983235,1,0,1.0,0.0,344
2681979655,1,0,0.0,0.0,345
2386109192,1,0,1.0,0.0,346
1441981193,1,0,0.0,0.0,347
1118339851,1,0,1.0,0.0,348
3051774734,1,0,1.0,0.0,349
4106216208,1,0,0.0,0.0,350
1445397265,1,0,1.0,0.0,351
638078708,1,0,0.0,0.0,352
2825405206,1,0,1.0,0.0,353
2974147351,1,0,0.0,0.0,354
2914370328,1,0,0.0,0.0,355
3376365700,1,0,0.0,0.0,356
3677799199,1,0,0.0,0.0,357
4052460323,1,0,1.0,0.0,358
1936007973,1,0,0.0,0.0,359
806708007,1,0,0.0,0.0,360
1383375656,1,0,1.0,0.0,361
1608631094,1,0,0.0,0.0,362
1696105276,1,0,0.0,0.0,363
2249868093,1,0,0.0,0.0,364
1632207678,1,0,1.0,0.0,365
187263797,1,0,1.0,0.0,366
2222695232,1,0,0.0,0.0,367
851695072,1,0,1.0,0.0,368
2573599555,1,0,0.0,0.0,369
1429955396,1,0,0.0,0.0,370
1590805317,1,0,1.0,0.0,371
2580513606,1,0,0.0,0.0,372
690398023,1,0,0.0,0.0,373
659227466,1,0,0.0,0.0,374
2955338574,1,0,0.0,0.0,375
1437680463,1,0,1.0,0.0,376
3011535696,1,0,0.0,0.0,377
863978321,1,0,1.0,0.0,378
2967610194,1,0,1.0,0.0,379
1550631770,1,0,1.0,0.0,380
2267554653,1,0,1.0,0.0,381
1854694244,1,0,1.0,0.0,382
1160291173,1,0,1.0,0.0,383
4121789286,1,0,1.0,0.0,384
193628988,1,0,0.0,0.0,385
897680871,1,0,0.0,0.0,386
4191216492,1,0,1.0,0.0,387
2922939247,1,0,0.0,0.0,388
1433748338,1,0,0.0,0.0,389
1438113939,1,0,0.0,0.0,390
3111535476,1,0,0.0,0.0,391
32088949,1,0,0.0,0.0,392
3290822121,1,0,0.0,0.0,393
2952594296,1,0,1.0,0.0,394
433057940,1,0,0.0,0.0,395
96967487,1,0,0.0,0.0,396
126837628,1,0,1.0,0.0,397
3194807165,1,0,0.0,0.0,398
1019339646,1,0,0.0,0.0,399
1647534975,1,0,0.0,0.0,400
4229153664,1,0,0.0,0.0,401
1889213735,1,0,0.0,0.0,402
3331728261,1,0,1.0,0.0,403
4151390359,1,0,0.0,0.0,404
2434098060,1,0,1.0,0.0,405
15145794,1,0,0.0,0.0,406
3440096749,1,0,1.0,0.0,407
1849353105,1,0,0.0,0.0,408
286638994,1,0,0.0,0.0,409
171778968,1,0,1.0,0.0,410
2200765337,1,0,1.0,0.0,411
1158059503,1,0,0.0,0.0,412
2989687710,1,0,0.0,0.0,413
3367945120,1,0,1.0,0.0,414
1496245153,1,0,0.0,0.0,415
2661368738,1,0,1.0,0.0,416
598246307,1,0,1.0,0.0,417
2582709158,1,0,0.0,0.0,418
2599715751,1,0,1.0,0.0,419
2431878056,1,0,0.0,0.0,420
1054392476,1,0,0.0,0.0,421
3983721386,1,0,0.0,0.0,422
1285694383,1,0,1.0,0.0,423
526099734,1,0,0.0,0.0,424
3547186101,1,0,0.0,0.0,425
1271940024,1,0,0.0,0.0,426
2976252859,1,0,0.0,0.0,427
2858771388,1,0,1.0,0.0,428
2548695998,1,0,1.0,0.0,429
1855038399,1,0,1.0,0.0,430
1189381056,1,0,1.0,0.0,431
2160640963,1,0,1.0,0.0,432
3076522948,1,0,1.0,0.0,433
3630015435,1,0,0.0,0.0,434
3171109900,1,0,0.0,0.0,435
3008132600,1,0,0.0,0.0,436
2771690453,1,0,0.0,0.0,437
3713369050,1,0,0.0,0.0,438
672097245,1,0,0.0,0.0,439
1828045801,1,0,0.0,0.0,440
4016202730,1,0,1.0,0.0,441
1945779026,1,0,0.0,0.0,442
3845694446,1,0,1.0,0.0,443
1524073455,1,0,1.0,0.0,444
2035074043,1,0,1.0,0.0,445
3086430378,1,0,0.0,0.0,446
2869240831,1,0,0.0,0.0,447
1292968960,1,0,0.0,0.0,448
4157858823,1,0,0.0,0.0,449
1811899403,1,0,0.0,0.0,450
1844839439,1,0,0.0,0.0,451
4284400659,1,0,0.0,0.0,452
2236015636,1,0,0.0,0.0,453
2374896473,1,0,0.0,0.0,454
3939292676,1,0,1.0,0.0,455
3687736346,1,0,1.0,0.0,456
3581273116,1,0,0.0,0.0,457
1376461855,1,0,0.0,0.0,458
1688445104,1,0,1.0,0.0,459
4158479668,1,0,0.0,0.0,460
1249461283,1,0,1.0,0.0,461
4255810597,1,0,0.0,0.0,462
3757048871,1,0,1.0,0.0,463
3008103465,1,0,0.0,0.0,464
4232487981,1,0,1.0,0.0,465
3937788977,1,0,1.0,0.0,466
193651762,1,0,0.0,0.0,467
446301236,1,0,0.0,0.0,468
941974584,1,0,0.0,0.0,469
50381881,1,0,1.0,0.0,470
1939563579,1,0,0.0,0.0,471
3511541392,1,0,0.0,0.0,472
1123247168,1,0,1.0,0.0,473
4180902980,1,0,0.0,0.0,474
2851988555,1,0,1.0,0.0,475
1158259789,1,0,0.0,0.0,476
4227359822,1,0,1.0,0.0,477
1185588306,1,0,1.0,0.0,478
317244499,1,0,0.0,0.0,479
2863858772,1,0,1.0,0.0,480
454796374,1,0,0.0,0.0,481
2202215511,1,0,0.0,0.0,482
3758474328,1,0,1.0,0.0,483
2982068117,1,0,0.0,0.0,484
3856917595,1,0,1.0,0.0,485
3289564253,1,0,0.0,0.0,486
188351587,1,0,1.0,0.0,487
733611111,1,0,0.0,0.0,488
806986857,1,0,1.0,0.0,489
154289260,1,0,1.0,0.0,490
1067025519,1,0,0.0,0.0,491
51712238,1,0,0.0,0.0,492
821933587,1,0,0.0,0.0,493
3590882422,1,0,0.0,0.0,494
438504297,1,0,0.0,0.0,495
1043089241,1,0,0.0,0.0,496
3431474303,1,0,1.0,0.0,497
2692121728,1,0,0.0,0.0,498
4185400452,1,0,0.0,0.0,499
3817222253,1,0,0.0,0.0,500
4222387337,1,0,1.0,0.0,501
1784398986,1,0,0.0,0.0,502
2553488523,1,0,1.0,0.0,503
3994117260,1,0,1.0,0.0,504
4055022445,1,0,0.0,0.0,505
3374695568,1,0,0.0,0.0,506
3027027480,1,0,0.0,0.0,507
1206240403,1,0,0.0,0.0,508
2867346286,1,0,0.0,0.0,509
1698145432,1,0,1.0,0.0,510
3201827993,1,0,0.0,0.0,511
3232900250,1,0,0.0,0.0,512
1428432027,1,0,0.0,0.0,513
3869385888,1,0,1.0,0.0,514
2711708833,1,0,0.0,0.0,515
2493686946,1,0,1.0,0.0,516
1886295579,1,0,0.0,0.0,517
1506690213,1,0,1.0,0.0,518
920454310,1,0,0.0,0.0,519
571753639,1,0,0.0,0.0,520
2401565873,1,0,0.0,0.0,521
1830175915,1,0,1.0,0.0,522
2250073261,1,0,1.0,0.0,523
1899373746,1,0,1.0,0.0,524
3241708403,1,0,0.0,0.0,525
1667204277,1,0,0.0,0.0,526
4281754806,1,0,1.0,0.0,527
2729109755,1,0,0.0,0.0,528
3404801208,1,0,1.0,0.0,529
3058402847,1,0,0.0,0.0,530
646497471,1,0,0.0,0.0,531
1315759297,1,0,0.0,0.0,532
3504637125,1,0,1.0,0.0,533
3802498599,1,0,0.0,0.0,534
2754340045,1,0,0.0,0.0,535
1308222670,1,0,0.0,0.0,536
1588069587,1,0,0.0,0.0,537
2188190934,1,0,1.0,0.0,538
683125625,1,0,1.0,0.0,539
3661513945,1,0,0.0,0.0,540
192734429,1,0,1.0,0.0,541
2374923813,1,0,0.0,0.0,542
274990305,1,0,1.0,0.0,543
32228579,1,0,0.0,0.0,544
3635124854,1,0,0.0,0.0,545
1761051882,1,0,1.0,0.0,546
955049195,1,0,1.0,0.0,547
1938523372,1,0,0.0,0.0,548
2436539631,1,0,0.0,0.0,549
2510893337,1,0,0.0,0.0,550
222815474,1,0,1.0,0.0,551
573138166,1,0,1.0,0.0,552
701883639,1,0,1.0,0.0,553
3298739448,1,0,1.0,0.0,554
377725140,1,0,0.0,0.0,555
3544271743,1,0,0.0,0.0,556
3465635069,1,0,0.0,0.0,557
662078719,1,0,0.0,0.0,558
651003137,1,0,1.0,0.0,559
529753643,1,0,1.0,0.0,560
1569137927,1,0,0.0,0.0,561
1092740361,1,0,0.0,0.0,562
83019021,1,0,1.0,0.0,563
3372492046,1,0,1.0,0.0,564
975258901,1,0,1.0,0.0,565
1397212438,1,0,1.0,0.0,566
3098780951,1,0,1.0,0.0,567
3745842459,1,0,1.0,0.0,568
1427531036,1,0,1.0,0.0,569
2728165595,1,0,0.0,0.0,570
2713115974,1,0,0.0,0.0,571
2880521510,1,0,0.0,0.0,572
742671655,1,0,1.0,0.0,573
3355780392,1,0,0.0,0.0,574
3072508306,1,0,0.0,0.0,575
831407409,1,0,1.0,0.0,576
363750706,1,0,0.0,0.0,577
1938466099,1,0,0.0,0.0,578
1908408542,1,0,0.0,0.0,579
1403577655,1,0,1.0,0.0,580
3575465272,1,0,0.0,0.0,581
1971115572,1,0,0.0,0.0,582
1351345469,1,0,1.0,0.0,583
677864767,1,0,1.0,0.0,584
1894696260,1,0,1.0,0.0,585
1469015365,1,0,0.0,0.0,586
3904963911,1,0,1.0,0.0,587
995632459,1,0,1.0,0.0,588
1617683788,1,0,0.0,0.0,589
2958140749,1,0,0.0,0.0,590
1897915727,1,0,0.0,0.0,591
1939383633,1,0,0.0,0.0,592
3975717091,1,0,0.0,0.0,593
1368417620,1,0,0.0,0.0,594
1785464149,1,0,1.0,0.0,595
1803011641,1,0,0.0,0.0,596
2568684888,1,0,0.0,0.0,597
1154467164,1,0,0.0,0.0,598
3971409246,1,0,0.0,0.0,599
3764143455,1,0,0.0,0.0,600
783765051,1,0,0.0,0.0,601
1731183970,1,0,0.0,0.0,602
4086146619,1,0,0.0,0.0,603
1686676836,1,0,1.0,0.0,604
3142389990,1,0,0.0,0.0,605
1412506982,1,0,1.0,0.0,606
3867444588,1,0,1.0,0.0,607
3410019693,1,0,0.0,0.0,608
3341903218,1,0,1.0,0.0,609
1236739443,1,0,0.0,0.0,610
1399784822,1,0,1.0,0.0,611
2219804033,1,0,1.0,0.0,612
835233154,1,0,0.0,0.0,613
3487499653,1,0,1.0,0.0,614
3154138689,1,0,1.0,0.0,615
2325005705,1,0,0.0,0.0,616
117286282,1,0,1.0,0.0,617
3211797899,1,0,0.0,0.0,618
3082794562,1,0,0.0,0.0,619
138167699,1,0,0.0,0.0,620
1489954197,1,0,0.0,0.0,621
1476494742,1,0,0.0,0.0,622
1142482327,1,0,0.0,0.0,623
4150093211,1,0,1.0,0.0,624
4083738012,1,0,1.0,0.0,625
4072318365,1,0,0.0,0.0,626
3115345311,1,0,0.0,0.0,627
267789728,1,0,1.0,0.0,628
1800560616,1,0,0.0,0.0,629
405179198,1,0,0.0,0.0,630
1460618660,1,0,0.0,0.0,631
410207660,1,0,0.0,0.0,632
3891479981,1,0,0.0,0.0,633
2066892206,1,0,1.0,0.0,634
3871650035,1,0,0.0,0.0,635
3160595433,1,0,0.0,0.0,636
583656889,1,0,1.0,0.0,637
2764520351,1,0,1.0,0.0,638
2483400949,1,0,0.0,0.0,639
2646150048,1,0,0.0,0.0,640
1314981314,1,0,1.0,0.0,641
1029416392,1,0,1.0,0.0,642
635291084,1,0,0.0,0.0,643
1800046030,1,0,0.0,0.0,644
3767100879,1,0,1.0,0.0,645
558360016,1,0,0.0,0.0,646
2459084241,1,0,0.0,0.0,647
1328774706,1,0,0.0,0.0,648
3968607702,1,0,0.0,0.0,649
682059223,1,0,1.0,0.0,650
2083562968,1,0,0.0,0.0,651
2530836730,1,0,0.0,0.0,652
3773146591,1,0,1.0,0.0,653
2554299873,1,0,0.0,0.0,654
2522662375,1,0,1.0,0.0,655
407848430,1,0,1.0,0.0,656
1763665395,1,0,0.0,0.0,657
2126898676,1,0,0.0,0.0,658
2476863742,1,0,0.0,0.0,659
3647849976,1,0,0.0,0.0,660
4021978617,1,0,0.0,0.0,661
3354314235,1,0,1.0,0.0,662
2744010237,1,0,1.0,0.0,663
2058618366,1,0,0.0,0.0,664
662488577,1,0,0.0,0.0,665
2857682435,1,0,1.0,0.0,666
3763824133,1,0,1.0,0.0,667
3734898185,1,0,0.0,0.0,668
913548811,1,0,0.0,0.0,669
4266337807,1,0,0.0,0.0,670
853501460,1,0,0.0,0.0,671
805750294,1,0,0.0,0.0,672
941131288,1,0,1.0,0.0,673
272025115,1,0,0.0,0.0,674
435725854,1,0,0.0,0.0,675
2100676127,1,0,0.0,0.0,676
3885098535,1,0,1.0,0.0,677
3325232683,1,0,1.0,0.0,678
3007915564,1,0,0.0,0.0,679
1234429485,1,0,0.0,0.0,680
535884040,1,0,0.0,0.0,681
3215885875,1,0,1.0,0.0,682
2131158580,1,0,1.0,0.0,683
1885767221,1,0,1.0,0.0,684
3162711607,1,0,1.0,0.0,685
2511439416,1,0,0.0,0.0,686
1698022969,1,0,0.0,0.0,687
2964166239,1,0,1.0,0.0,688
1233995324,1,0,1.0,0.0,689
842294845,1,0,0.0,0.0,690
702596671,1,0,1.0,0.0,691
4080371268,1,0,1.0,0.0,692
4168803909,1,0,0.0,0.0,693
2777682188,1,0,0.0,0.0,694
3302123087,1,0,0.0,0.0,695
509707858,1,0,1.0,0.0,696
2579482196,1,0,1.0,0.0,697
10454613,1,0,0.0,0.0,698
3393062486,1,0,0.0,0.0,699
3799115353,1,0,0.0,0.0,700
3531949659,1,0,0.0,0.0,701
2840495709,1,0,0.0,0.0,702
1122002527,1,0,0.0,0.0,703
366315104,1,0,1.0,0.0,704
341165672,1,0,1.0,0.0,705
603029778,1,0,1.0,0.0,706
2383365747,1,0,1.0,0.0,707
2800633460,1,0,0.0,0.0,708
1738030014,1,0,0.0,0.0,709
396691063,1,0,0.0,0.0,710
477234809,1,0,1.0,0.0,711
1455203962,1,0,1.0,0.0,712
1615472252,1,0,0.0,0.0,713
2444273279,1,0,0.0,0.0,714
944763734,1,0,0.0,0.0,715
1872873092,1,0,0.0,0.0,716
3535808133,1,0,0.0,0.0,717
2440177287,1,0,0.0,0.0,718
1664288393,1,0,1.0,0.0,719
3054511755,1,0,1.0,0.0,720
449480333,1,0,0.0,0.0,721
2657797779,1,0,0.0,0.0,722
2484930196,1,0,0.0,0.0,723
3666201,1,0,0.0,0.0,724
1924105882,1,0,1.0,0.0,725
3512403617,1,0,1.0,0.0,726
463169189,1,0,1.0,0.0,727
939050663,1,0,1.0,0.0,728
2122155690,1,0,1.0,0.0,729
12830381,1,0,0.0,0.0,730
341067441,1,0,1.0,0.0,731
860669619,1,0,1.0,0.0,732
2741083081,1,0,1.0,0.0,733
512681658,1,0,0.0,0.0,734
3959374111,1,0,1.0,0.0,735
3194898111,1,0,1.0,0.0,736
3316377283,1,0,1.0,0.0,737
146654916,1,0,1.0,0.0,738
955357542,1,0,0.0,0.0,739
194913990,1,0,1.0,0.0,740
3120219847,1,0,0.0,0.0,741
729512225,1,0,0.0,0.0,742
2455496398,1,0,1.0,0.0,743
4282705615,1,0,0.0,0.0,744
2077591249,1,0,0.0,0.0,745
339741137,1,0,0.0,0.0,746
3523028694,1,0,1.0,0.0,747
402671324,1,0,1.0,0.0,748
146556637,1,0,1.0,0.0,749
3277702878,1,0,1.0,0.0,750
3723120933,1,0,0.0,0.0,751
3681676240,1,0,1.0,0.0,752
1304642464,1,0,1.0,0.0,753
206055142,1,0,1.0,0.0,754
534554350,1,0,0.0,0.0,755
1574094581,1,0,0.0,1.0,756
1258612476,1,0,1.0,0.0,757
1165357540,1,0,1.0,0.0,758
376028117,1,0,1.0,0.0,759
1426654977,1,0,1.0,0.0,760
1875027714,1,0,1.0,0.0,761
706602757,1,0,1.0,0.0,762
854116106,1,0,1.0,0.0,763
3616679691,1,0,1.0,0.0,764
1171027314,1,0,0.0,0.0,765
2623170318,1,0,0.0,0.0,766
1308763924,1,0,0.0,0.0,767
2536572694,1,0,0.0,0.0,768
3372730136,1,0,0.0,0.0,769
2970555038,1,0,0.0,0.0,770
835544864,1,0,1.0,0.0,771
1291618082,1,0,1.0,0.0,772
3364136739,1,0,1.0,0.0,773
1813563172,1,0,0.0,0.0,774
2220468007,1,0,1.0,0.0,775
1464133416,1,0,0.0,0.0,776
2347304747,1,0,1.0,0.0,777
2845256258,1,0,0.0,0.0,778
3378226997,1,0,0.0,0.0,779
432072329,1,0,0.0,0.0,780
2828896056,1,0,1.0,0.0,781
3613181753,1,0,1.0,0.0,782
55371580,1,0,0.0,0.0,783
4239607614,1,0,0.0,0.0,784
1143826247,1,0,0.0,0.0,785
3317401416,1,0,1.0,0.0,786
3776816971,1,0,0.0,0.0,787
2423061474,1,0,0.0,0.0,788
3273059941,1,0,0.0,0.0,789
1687381840,1,0,1.0,0.0,790
4021233489,1,0,1.0,0.0,791
151276515,1,0,0.0,0.0,792
2941705310,1,0,0.0,0.0,793
712148823,1,0,1.0,0.0,794
512280408,1,0,0.0,0.0,795
1362372441,1,0,0.0,0.0,796
3775596378,1,0,0.0,0.0,797
3883677327,1,0,0.0,0.0,798
3665520476,1,0,0.0,0.0,799
2287036256,1,0,1.0,0.0,800
4031072098,1,0,0.0,0.0,801
444450661,1,0,0.0,0.0,802
1972660071,1,0,1.0,0.0,803
849774440,1,0,0.0,0.0,804
1433962346,1,0,0.0,0.0,805
1952794477,1,0,0.0,0.0,806
4073662318,1,0,1.0,0.0,807
299878257,1,0,1.0,0.0,808
903669618,1,0,1.0,0.0,809
3611772788,1,0,1.0,0.0,810
158222197,1,0,0.0,1.0,811
3083855735,1,0,1.0,0.0,812
2470291321,1,0,0.0,0.0,813
4041975681,1,0,1.0,0.0,814
1177315202,1,0,1.0,0.0,815
3462333912,1,0,0.0,0.0,816
2815600518,1,0,0.0,0.0,817
4290324359,1,0,0.0,0.0,818
1681041288,1,0,1.0,0.0,819
2880883692,1,0,0.0,0.0,820
472389271,1,0,0.0,0.0,821
284764044,1,0,0.0,0.0,822
1141589906,1,0,1.0,0.0,823
3582994324,1,0,0.0,0.0,824
2626771950,1,0,0.0,0.0,825
827279254,1,0,1.0,0.0,826
3459916100,1,0,1.0,0.0,827
3414779802,1,0,1.0,0.0,828
3688818588,1,0,0.0,0.0,829
1759545245,1,0,0.0,0.0,830
4072204192,1,0,0.0,0.0,831
941501424,1,0,0.0,0.0,832
3460786082,1,0,1.0,0.0,833
1963837347,1,0,0.0,0.0,834
789759910,1,0,1.0,0.0,835
2691467177,1,0,0.0,0.0,836
730261418,1,0,0.0,0.0,837
798713773,1,0,1.0,0.0,838
1434027953,1,0,1.0,0.0,839
3902744498,1,0,0.0,0.0,840
3710887859,1,0,1.0,0.0,841
1337059253,1,0,1.0,0.0,842
2254784438,1,0,1.0,0.0,843
3651252553,1,0,0.0,0.0,844
54159288,1,0,0.0,0.0,845
3593717691,1,0,0.0,0.0,846
1625018191,1,0,0.0,0.0,847
2159527871,1,0,1.0,0.0,848
1704978370,1,0,1.0,0.0,849
3393409355,1,0,0.0,0.0,850
3896879044,1,0,1.0,0.0,851
1634043849,1,0,0.0,1.0,852
60975052,1,0,1.0,0.0,853
4174424014,1,0,1.0,0.0,854
1743118669,1,0,0.0,0.0,855
3115812816,1,0,1.0,0.0,856
2280368085,1,0,1.0,0.0,857
4266641366,1,0,0.0,0.0,858
2923874264,1,0,0.0,0.0,859
3963895585,1,0,0.0,0.0,860
3872409566,1,0,0.0,0.0,861
14444511,1,0,0.0,0.0,862
683884880,1,0,1.0,0.0,863
1813981160,1,0,0.0,0.0,864
3527479018,1,0,0.0,0.0,865
872843243,1,0,0.0,0.0,866
389023725,1,0,1.0,0.0,867
1605421038,1,0,1.0,0.0,868
3165702128,1,0,0.0,0.0,869
53815282,1,0,1.0,0.0,870
1394616307,1,0,0.0,0.0,871
2930903030,1,0,0.0,0.0,872
3797428218,1,0,0.0,0.0,873
1710721019,1,0,0.0,0.0,874
1593657341,1,0,1.0,0.0,875
3717400577,1,0,0.0,1.0,876
3536439299,1,0,0.0,0.0,877
2839322966,1,0,1.0,0.0,878
1426753545,1,0,0.0,0.0,879
3875612682,1,0,1.0,0.0,880
2494187531,1,0,1.0,0.0,881
2150729741,1,0,1.0,0.0,882
2523490319,1,0,0.0,0.0,883
1603348496,1,0,1.0,0.0,884
2080172050,1,0,1.0,0.0,885
104974358,1,0,0.0,0.0,886
479389719,1,0,1.0,0.0,887
2680932378,1,0,0.0,0.0,888
2785134619,1,0,1.0,0.0,889
3565578268,1,0,1.0,0.0,890
3242027039,1,0,1.0,0.0,891
3160893480,1,0,1.0,0.0,892
3679053868,1,0,1.0,0.0,893
2951694381,1,0,1.0,0.0,894
3298692104,1,0,0.0,0.0,895
531245106,1,0,1.0,0.0,896
1239410355,1,0,0.0,0.0,897
3821144119,1,0,0.0,0.0,898
3657566264,1,0,0.0,0.0,899
2216167481,1,0,1.0,0.0,900
3942852667,1,0,0.0,0.0,901
1325623356,1,0,1.0,0.0,902
534703725,1,0,0.0,0.0,903
3352111169,1,0,1.0,0.0,904
881204355,1,0,0.0,0.0,905
215066694,1,0,0.0,0.0,906
446540812,1,0,0.0,0.0,907
4043827277,1,0,1.0,0.0,908
185988792,1,0,0.0,0.0,909
2242791506,1,0,1.0,0.0,910
1014196308,1,0,1.0,0.0,911
2298194006,1,0,1.0,0.0,912
3698378842,1,0,0.0,0.0,913
115271771,1,0,1.0,0.0,914
2919147612,1,0,1.0,0.0,915
4060702813,1,0,0.0,0.0,916
722061407,1,0,0.0,0.0,917
3808258144,1,0,1.0,0.0,918
3368393744,1,0,0.0,0.0,919
260302946,1,0,1.0,0.0,920
1673709667,1,0,1.0,0.0,921
3154421860,1,0,1.0,0.0,922
48025958,1,0,0.0,0.0,923
2502903911,1,0,1.0,0.0,924
1765353576,1,0,1.0,0.0,925
1778878570,1,0,0.0,0.0,926
2009352299,1,0,1.0,0.0,927
2934818931,1,0,0.0,0.0,928
1565071221,1,0,1.0,0.0,929
277784697,1,0,1.0,0.0,930
2115430522,1,0,1.0,0.0,931
3744172155,1,0,1.0,0.0,932
3009038464,1,0,1.0,0.0,933
2277284281,1,0,0.0,0.0,934
119572611,1,0,0.0,0.0,935
2899331204,1,0,1.0,0.0,936
2581653639,1,0,0.0,0.0,937
3799238793,1,0,0.0,0.0,938
745965706,1,0,1.0,0.0,939
786253963,1,0,0.0,0.0,940
1143785614,1,0,0.0,0.0,941
707053711,1,0,1.0,0.0,942
2456635539,1,0,1.0,0.0,943
3005696152,1,0,1.0,0.0,944
1506338500,1,0,1.0,0.0,945
2974096410,1,0,0.0,0.0,946
1745660063,1,0,1.0,0.0,947
3292367008,1,0,1.0,0.0,948
1396213921,1,0,1.0,0.0,949
2344855714,1,0,0.0,0.0,950
2650982565,1,0,1.0,0.0,951
4102097062,1,0,1.0,0.0,952
197093544,1,0,0.0,0.0,953
4199180458,1,0,1.0,0.0,954
1885207695,1,0,0.0,0.0,955
1060059945,1,0,0.0,0.0,956
3473770675,1,0,1.0,0.0,957
1406576822,1,0,0.0,0.0,958
1920215223,1,0,1.0,0.0,959
4074653881,1,0,1.0,0.0,960
1278208188,1,0,1.0,0.0,961
3213093054,1,0,0.0,0.0,962
283691199,1,0,0.0,0.0,963
994404544,1,0,0.0,0.0,964
1815832769,1,0,1.0,0.0,965
14813380,1,0,0.0,0.0,966
3525544133,1,0,1.0,0.0,967
1530685639,1,0,1.0,0.0,968
3158144716,1,0,0.0,0.0,969
3410979019,1,0,1.0,0.0,970
724060372,1,0,0.0,0.0,971
1323002069,1,0,0.0,0.0,972
2376829144,1,0,1.0,0.0,973
2406263001,1,0,1.0,0.0,974
892250330,1,0,0.0,0.0,975
496756955,1,0,1.0,0.0,976
1236740319,1,0,0.0,0.0,977
2734393568,1,0,0.0,0.0,978
678940729,1,0,0.0,0.0,979
3727681772,1,0,1.0,0.0,980
2031331565,1,0,0.0,0.0,981
2410391800,1,0,1.0,0.0,982
2708343035,1,0,1.0,0.0,983
561490172,1,0,0.0,0.0,984
3906947325,1,0,1.0,0.0,985
959916286,1,0,1.0,0.0,986
275753215,1,0,1.0,0.0,987
242878731,1,0,1.0,0.0,988
2814855441,1,0,1.0,0.0,989
710658324,1,0,0.0,0.0,990
362989846,1,0,0.0,0.0,991
2478876953,1,0,1.0,0.0,992
1867671834,1,0,0.0,0.0,993
3649636635,1,0,1.0,0.0,994
3609626909,1,0,0.0,0.0,995
2812782879,1,0,1.0,0.0,996
3263424801,1,0,1.0,0.0,997
3461424860,1,0,1.0,0.0,998
2973804842,1,0,0.0,0.0,999
3022424368,1,0,0.0,0.0,1000
4086196530,1,0,1.0,0.0,1001
1186618419,1,0,1.0,0.0,1002
2932574516,1,0,0.0,0.0,1003
784951605,1,0,0.0,0.0,1004
3579980088,1,0,0.0,0.0,1005
2596952119,1,0,0.0,0.0,1006
3869894970,1,0,0.0,0.0,1007
1624413919,1,0,0.0,0.0,1008
2881947964,1,0,0.0,0.0,1009
1635494206,1,0,0.0,0.0,1010
1679182144,1,0,0.0,0.0,1011
3267967108,1,0,0.0,0.0,1012
2828519747,1,0,0.0,0.0,1013
2902034762,1,0,0.0,0.0,1014
2265090379,1,0,0.0,0.0,1015
3174574412,1,0,1.0,0.0,1016
87624014,1,0,1.0,0.0,1017
1669138768,1,0,1.0,0.0,1018
2300709202,1,0,1.0,0.0,1019
2082318676,1,0,0.0,0.0,1020
3024701781,1,0,1.0,0.0,1021
710502743,1,0,0.0,0.0,1022
2346264921,1,0,1.0,0.0,1023
376809818,1,0,0.0,0.0,1024
2896128349,1,0,1.0,0.0,1025
543017310,1,0,0.0,0.0,1026
928131429,1,0,1.0,0.0,1027
1727646054,1,0,1.0,0.0,1028
699418984,1,0,0.0,0.0,1029
4010740074,1,0,0.0,0.0,1030
485509484,1,0,0.0,0.0,1031
2407762285,1,0,1.0,0.0,1032
3887475054,1,0,1.0,0.0,1033
1804675439,1,0,1.0,0.0,1034
962120049,1,0,1.0,0.0,1035
793872755,1,0,0.0,0.0,1036
2659576180,1,0,0.0,0.0,1037
1474734454,1,0,1.0,0.0,1038
125806967,1,0,0.0,0.0,1039
1293221082,1,0,0.0,0.0,1040
562694526,1,0,0.0,0.0,1041
2109008256,1,0,1.0,0.0,1042
970193724,1,0,0.0,0.0,1043
3305460118,1,0,1.0,0.0,1044
4188449159,1,0,0.0,0.0,1045
2242939272,1,0,1.0,0.0,1046
3712313737,1,0,0.0,0.0,1047
884695447,1,0,0.0,0.0,1048
1581525388,1,0,0.0,1.0,1049
2406443405,1,0,0.0,0.0,1050
245934481,1,0,1.0,0.0,1051
4010594330,1,0,0.0,0.0,1052
538404590,1,0,0.0,0.0,1053
3661605270,1,0,0.0,0.0,1054
2099632493,1,0,0.0,0.0,1055
4234856856,1,0,1.0,0.0,1056
665528729,1,0,1.0,0.0,1057
1505986970,1,0,1.0,0.0,1058
1445513627,1,0,1.0,0.0,1059
366201244,1,0,0.0,0.0,1060
575285667,1,0,1.0,0.0,1061
4108421541,1,0,0.0,0.0,1062
863701417,1,0,0.0,0.0,1063
183204935,1,0,0.0,0.0,1064
1941146030,1,0,0.0,0.0,1065
1581997128,1,0,0.0,0.0,1066
4113836467,1,0,0.0,0.0,1067
964193353,1,0,0.0,0.0,1068
3530199455,1,0,0.0,0.0,1069
3705924028,1,0,1.0,0.0,1070
3183331061,1,0,0.0,0.0,1071
1032513984,1,0,1.0,0.0,1072
4034382273,1,0,1.0,0.0,1073
717244866,1,0,1.0,0.0,1074
1650837955,1,0,1.0,0.0,1075
2292255175,1,0,0.0,0.0,1076
3688663497,1,0,0.0,0.0,1077
2055801293,1,0,1.0,0.0,1078
1724574161,1,0,0.0,0.0,1079
3384551890,1,0,0.0,0.0,1080
4087065043,1,0,1.0,0.0,1081
551700951,1,0,0.0,0.0,1082
3285412312,1,0,1.0,0.0,1083
2140367323,1,0,0.0,0.0,1084
3855157726,1,0,0.0,0.0,1085
2536016354,1,0,0.0,0.0,1086
822921699,1,0,0.0,0.0,1087
3981625830,1,0,0.0,0.0,1088
714721769,1,0,1.0,0.0,1089
2596816399,1,0,0.0,0.0,1090
1851615723,1,0,1.0,0.0,1091
1644022252,1,0,0.0,0.0,1092
2665228786,1,0,1.0,0.0,1093
1967294964,1,0,0.0,0.0,1094
968305142,1,0,1.0,0.0,1095
1619470841,1,0,0.0,0.0,1096
1962322428,1,0,0.0,0.0,1097
298740821,1,0,0.0,0.0,1098
118360577,1,0,1.0,0.0,1099
1480362498,1,0,0.0,0.0,1100
1512614403,1,0,1.0,0.0,1101
174795272,1,0,0.0,0.0,1102
2367269385,1,0,0.0,0.0,1103
3770444299,1,0,1.0,0.0,1104
2626775564,1,0,1.0,0.0,1105
54322946,1,0,0.0,0.0,1106
3075058191,1,0,1.0,0.0,1107
3204377106,1,0,0.0,0.0,1108
3165686297,1,0,0.0,0.0,1109
2129357338,1,0,0.0,0.0,1110
3454814748,1,0,1.0,0.0,1111
3421776413,1,0,0.0,0.0,1112
3614328581,1,0,0.0,0.0,1113
2116913700,1,0,0.0,0.0,1114
3970042405,1,0,0.0,0.0,1115
495856172,1,0,0.0,0.0,1116
2228226605,1,0,0.0,0.0,1117
277219886,1,0,0.0,0.0,1118
1107905072,1,0,1.0,0.0,1119
2955299377,1,0,1.0,0.0,1120
139594293,1,0,0.0,0.0,1121
1480124983,1,0,0.0,0.0,1122
484534841,1,0,1.0,0.0,1123
1905125954,1,0,0.0,0.0,1124
523782723,1,0,1.0,0.0,1125
3671812676,1,0,0.0,0.0,1126
3897887302,1,0,0.0,0.0,1127
1701030471,1,0,0.0,0.0,1128
1605741128,1,0,0.0,0.0,1129
1936558666,1,0,1.0,0.0,1130
1598900822,1,0,1.0,0.0,1131
272374884,1,0,1.0,0.0,1132
298478170,1,0,1.0,0.0,1133
871524956,1,0,0.0,0.0,1134
262695517,1,0,0.0,0.0,1135
775948897,1,0,0.0,0.0,1136
3235195490,1,0,1.0,0.0,1137
2135293904,1,0,0.0,0.0,1138
3589671529,1,0,0.0,0.0,1139
4152535659,1,0,0.0,0.0,1140
1094199917,1,0,0.0,0.0,1141
3500518001,1,0,0.0,0.0,1142
519926207,1,0,0.0,0.0,1143
1525631612,1,0,0.0,0.0,1144
1831660160,1,0,0.0,0.0,1145
2176248451,1,0,0.0,0.0,1146
2081278875,1,0,0.0,0.0,1147
57895567,1,0,0.0,0.0,1148
2387233428,1,0,1.0,0.0,1149
2284863940,1,0,0.0,0.0,1150
1830742683,1,0,1.0,0.0,1151
3582446236,1,0,0.0,0.0,1152
1472531102,1,0,0.0,0.0,1153
3762856,1,0,0.0,0.0,1154
3554809628,1,0,0.0,0.0,1155
3251055280,1,0,0.0,0.0,1156
710347441,1,0,0.0,0.0,1157
2717665971,1,0,0.0,0.0,1158
3572959924,1,0,1.0,0.0,1159
3587340062,1,0,1.0,0.0,1160
4112337591,1,0,0.0,0.0,1161
2308278968,1,0,1.0,0.0,1162
796224186,1,0,1.0,0.0,1163
851544763,1,0,0.0,0.0,1164
1564103114,1,0,0.0,0.0,1165
2734688958,1,0,1.0,0.0,1166
1081108256,1,0,1.0,0.0,1167
4272745155,1,0,0.0,0.0,1168
2183219908,1,0,0.0,0.0,1169
3976252102,1,0,0.0,0.0,1170
3059395271,1,0,1.0,0.0,1171
1572162249,1,0,0.0,0.0,1172
825690832,1,0,1.0,0.0,1173
3771247314,1,0,0.0,0.0,1174
689908435,1,0,0.0,0.0,1175
3147975382,1,0,1.0,0.0,1176
3760893049,1,0,0.0,0.0,1177
713804506,1,0,1.0,0.0,1178
2610195163,1,0,1.0,0.0,1179
2837777117,1,0,1.0,0.0,1180
913926878,1,0,0.0,0.0,1181
3032468192,1,0,1.0,0.0,1182
3804965601,1,0,1.0,0.0,1183
3385723619,1,0,0.0,0.0,1184
3410479845,1,0,1.0,0.0,1185
3817689364,1,0,1.0,0.0,1186
3927616231,1,0,1.0,0.0,1187
3706702972,1,0,0.0,0.0,1188
529738474,1,0,1.0,0.0,1189
3776426450,1,0,1.0,0.0,1190
3952937710,1,0,0.0,0.0,1191
526977776,1,0,1.0,0.0,1192
1658923764,1,0,1.0,0.0,1193
155749111,1,0,0.0,0.0,1194
2850515750,1,0,0.0,0.0,1195
2551859965,1,0,1.0,0.0,1196
2570693374,1,0,0.0,1.0,1197
2396891903,1,0,1.0,0.0,1198
2117811005,1,0,0.0,0.0,1199
1908984585,1,0,1.0,0.0,1200
3704515339,1,0,0.0,0.0,1201
2036861708,1,0,0.0,0.0,1202
3249916685,1,0,1.0,0.0,1203
4095044366,1,0,1.0,0.0,1204
1749797647,1,0,1.0,0.0,1205
3409201936,1,0,0.0,0.0,1206
4246366994,1,0,1.0,0.0,1207
2541570835,1,0,1.0,0.0,1208
3746597652,1,0,0.0,0.0,1209
1135405846,1,0,0.0,0.0,1210
57560196,1,0,0.0,0.0,1211
2621311775,1,0,1.0,0.0,1212
3888565025,1,0,0.0,0.0,1213
709339942,1,0,1.0,0.0,1214
584723240,1,0,0.0,0.0,1215
2817157929,1,0,1.0,0.0,1216
3165442525,1,0,0.0,0.0,1217
1192790833,1,0,0.0,0.0,1218
894405427,1,0,0.0,0.0,1219
1425926964,1,0,0.0,0.0,1220
2352007989,1,0,1.0,0.0,1221
302869304,1,0,1.0,0.0,1222
922536762,1,0,0.0,0.0,1223
744663868,1,0,0.0,0.0,1224
1309797181,1,0,0.0,0.0,1225
3341101886,1,0,1.0,0.0,1226
1831422783,1,0,0.0,0.0,1227
4118555456,1,0,0.0,0.0,1228
2431150913,1,0,0.0,0.0,1229
233278274,1,0,0.0,0.0,1230
1905316321,1,0,0.0,0.0,1231
128699208,1,0,0.0,0.0,1232
2142243661,1,0,1.0,0.0,1233
4029696846,1,0,1.0,0.0,1234
1608510287,1,0,0.0,0.0,1235
907217745,1,0,1.0,0.0,1236
4277267286,1,0,0.0,0.0,1237
3325586265,1,0,1.0,0.0,1238
1974402191,1,0,0.0,0.0,1239
1841507165,1,0,1.0,0.0,1240
1898064737,1,0,0.0,0.0,1241
3421047650,1,0,0.0,0.0,1242
4072786793,1,0,1.0,0.0,1243
38529900,1,0,0.0,0.0,1244
412396401,1,0,0.0,0.0,1245
1515875187,1,0,1.0,0.0,1246
41839058,1,0,0.0,0.0,1247
2750186081,1,0,1.0,0.0,1248
2801847161,1,0,1.0,0.0,1249
2782284671,1,0,1.0,0.0,1250
4134914945,1,0,0.0,0.0,1251
15666050,1,0,0.0,0.0,1252
1866476419,1,0,0.0,0.0,1253
470264709,1,0,0.0,0.0,1254
3504622477,1,0,0.0,0.0,1255
2416569231,1,0,0.0,0.0,1256
254839696,1,0,1.0,0.0,1257
2304674709,1,0,0.0,0.0,1258
3867257754,1,0,0.0,0.0,1259
734178203,1,0,1.0,0.0,1260
131722143,1,0,0.0,0.0,1261
440142752,1,0,1.0,0.0,1262
1998195621,1,0,1.0,0.0,1263
4033252265,1,0,1.0,0.0,1264
597789611,1,0,0.0,0.0,1265
3596815284,1,0,0.0,0.0,1266
2570349503,1,0,1.0,0.0,1267
3759631297,1,0,0.0,0.0,1268
4083223490,1,0,0.0,1.0,1269
3504499651,1,0,1.0,0.0,1270
1437936582,1,0,0.0,0.0,1271
3839658957,1,0,0.0,0.0,1272
3561609037,1,0,0.0,0.0,1273
1352354768,1,0,1.0,0.0,1274
3249302492,1,0,1.0,0.0,1275
2619206821,1,0,0.0,0.0,1276
2945419088,1,0,1.0,0.0,1277
884763618,1,0,1.0,0.0,1278
2638545403,1,0,0.0,0.0,1279
3657944036,1,0,1.0,0.0,1280
1377487846,1,0,1.0,0.0,1281
1704225769,1,0,0.0,0.0,1282
268442623,1,0,0.0,0.0,1283
2906852332,1,0,0.0,0.0,1284
403655663,1,0,1.0,0.0,1285
1755884528,1,0,1.0,0.0,1286
1670089713,1,0,1.0,0.0,1287
1959930866,1,0,1.0,0.0,1288
4061130858,1,0,0.0,0.0,1289
4034210806,1,0,0.0,0.0,1290
3785534455,1,0,0.0,0.0,1291
3905473528,1,0,0.0,0.0,1292
32388948,1,0,0.0,0.0,1293
654240762,1,0,1.0,0.0,1294
1214999547,1,0,0.0,0.0,1295
3314961405,1,0,0.0,0.0,1296
2497869653,1,0,0.0,0.0,1297
2917649183,1,0,0.0,0.0,1298
249973761,1,0,0.0,0.0,1299
2129677314,1,0,1.0,0.0,1300
812100611,1,0,0.0,0.0,1301
1128051289,1,0,0.0,0.0,1302
4117449736,1,0,1.0,0.0,1303
4090088460,1,0,1.0,0.0,1304
3421907983,1,0,0.0,0.0,1305
2074416984,1,0,0.0,0.0,1306
4113224195,1,0,0.0,0.0,1307
1779133462,1,0,1.0,0.0,1308
812198935,1,0,0.0,0.0,1309
334941208,1,0,1.0,0.0,1310
1547700058,1,0,0.0,0.0,1311
760048671,1,0,1.0,0.0,1312
892800032,1,0,0.0,0.0,1313
1859578915,1,0,0.0,0.0,1314
3855200517,1,0,0.0,0.0,1315
2308848817,1,0,0.0,0.0,1316
1464842076,1,0,0.0,0.0,1317
3705441326,1,0,1.0,0.0,1318
1732070447,1,0,0.0,0.0,1319
1280655880,1,0,1.0,0.0,1320
422128692,1,0,0.0,0.0,1321
1637365598,1,0,0.0,0.0,1322
136563772,1,0,0.0,0.0,1323
3151957055,1,0,1.0,0.0,1324
3474933600,1,0,0.0,0.0,1325
2765392962,1,0,1.0,0.0,1326
1736387651,1,0,1.0,0.0,1327
3658673220,1,0,1.0,0.0,1328
214707270,1,0,0.0,0.0,1329
3724069959,1,0,0.0,0.0,1330
2659667017,1,0,0.0,0.0,1331
2164796492,1,0,1.0,0.0,1332
225113954,1,0,0.0,0.0,1333
724896846,1,0,0.0,0.0,1334
1571799565,1,0,0.0,0.0,1335
936201299,1,0,1.0,0.0,1336
2482302037,1,0,0.0,0.0,1337
186731606,1,0,0.0,0.0,1338
3139345593,1,0,0.0,0.0,1339
473862671,1,0,0.0,0.0,1340
4067798202,1,0,0.0,0.0,1341
379101712,1,0,1.0,0.0,1342
4113091686,1,0,0.0,0.0,1343
1672737297,1,0,0.0,0.0,1344
1281133672,1,0,0.0,0.0,1345
1916316778,1,0,0.0,0.0,1346
3866823789,1,0,0.0,0.0,1347
637979759,1,0,0.0,0.0,1348
2182696048,1,0,1.0,0.0,1349
2235747446,1,0,1.0,0.0,1350
1547750521,1,0,0.0,0.0,1351
3910495354,1,0,1.0,0.0,1352
2925186239,1,0,1.0,0.0,1353
657779836,1,0,0.0,0.0,1354
1309641855,1,0,0.0,0.0,1355
1543539840,1,0,0.0,0.0,1356
837168258,1,0,1.0,0.0,1357
1359170692,1,0,1.0,0.0,1358
2315750533,1,0,0.0,0.0,1359
3351817352,1,0,1.0,0.0,1360
2881531022,1,0,1.0,0.0,1361
315616399,1,0,0.0,0.0,1362
2679434385,1,0,1.0,0.0,1363
1237707923,1,0,0.0,0.0,1364
546335892,1,0,0.0,0.0,1365
2667998362,1,0,0.0,0.0,1366
2423704733,1,0,1.0,0.0,1367
4090580127,1,0,1.0,0.0,1368
224849060,1,0,1.0,0.0,1369
4131638437,1,0,1.0,0.0,1370
2886823078,1,0,0.0,0.0,1371
4172461937,1,0,0.0,0.0,1372
2161788471,1,0,0.0,0.0,1373
670366919,1,0,0.0,0.0,1374
4247678134,1,0,1.0,0.0,1375
1554386103,1,0,1.0,0.0,1376
4289817784,1,0,0.0,0.0,1377
2131193018,1,0,1.0,0.0,1378
206110424,1,0,0.0,0.0,1379
676539582,1,0,0.0,0.0,1380
4201850741,1,0,1.0,0.0,1381
3189394625,1,0,0.0,0.0,1382
844303563,1,0,1.0,0.0,1383
1559860566,1,0,0.0,0.0,1384
2490846405,1,0,0.0,0.0,1385
2640457142,1,0,0.0,0.0,1386
4207217864,1,0,0.0,0.0,1387
619728073,1,0,0.0,0.0,1388
1580944587,1,0,1.0,0.0,1389
3080914437,1,0,0.0,0.0,1390
2746559694,1,0,0.0,0.0,1391
1234980050,1,0,0.0,0.0,1392
2213727444,1,0,1.0,0.0,1393
644607191,1,0,1.0,0.0,1394
2791738586,1,0,1.0,0.0,1395
929500382,1,0,1.0,0.0,1396
1087081695,1,0,0.0,0.0,1397
942615776,1,0,1.0,0.0,1398
892251366,1,0,0.0,0.0,1399
297135336,1,0,1.0,0.0,1400
1197239508,1,0,0.0,0.0,1401
1956637930,1,0,0.0,0.0,1402
1154247915,1,0,1.0,0.0,1403
3450391790,1,0,0.0,0.0,1404
326528240,1,0,0.0,0.0,1405
1806167282,1,0,0.0,0.0,1406
1604087027,1,0,1.0,0.0,1407
1270320376,1,0,0.0,0.0,1408
2073849081,1,0,1.0,0.0,1409
1649126654,1,0,1.0,0.0,1410
3172814080,1,0,1.0,0.0,1411
1422413057,1,0,1.0,0.0,1412
1575709954,1,0,0.0,0.0,1413
2375990486,1,0,0.0,0.0,1414
3565143937,1,0,0.0,0.0,1415
1984441612,1,0,0.0,0.0,1416
552560514,1,0,0.0,0.0,1417
1198722318,1,0,0.0,0.0,1418
2287758612,1,0,0.0,0.0,1419
1400704277,1,0,0.0,0.0,1420
4057451798,1,0,0.0,0.0,1421
3516402967,1,0,1.0,0.0,1422
1084009755,1,0,0.0,0.0,1423
1612639517,1,0,0.0,1.0,1424
2030794629,1,0,0.0,0.0,1425
2376109346,1,0,1.0,0.0,1426
1569877285,1,0,1.0,0.0,1427
65797629,1,0,0.0,0.0,1428
437800235,1,0,1.0,0.0,1429
3387444524,1,0,1.0,0.0,1430
2191199534,1,0,1.0,0.0,1431
1129975088,1,0,0.0,0.0,1432
2109263154,1,0,1.0,0.0,1433
3793358131,1,0,1.0,0.0,1434
1627884852,1,0,0.0,0.0,1435
2487299384,1,0,0.0,0.0,1436
4243381471,1,0,1.0,0.0,1437
2948992316,1,0,0.0,0.0,1438
2912496960,1,0,1.0,0.0,1439
2198596929,1,0,1.0,0.0,1440
4265422151,1,0,0.0,0.0,1441
3003100489,1,0,0.0,0.0,1442
125510199,1,0,0.0,0.0,1443
1736035661,1,0,0.0,0.0,1444
978070867,1,0,1.0,0.0,1445
3819482455,1,0,0.0,0.0,1446
3509464412,1,0,0.0,0.0,1447
1466019167,1,0,1.0,0.0,1448
3729493345,1,0,0.0,0.0,1449
1154780517,1,0,1.0,0.0,1450
2750404497,1,0,0.0,0.0,1451
386698600,1,0,1.0,0.0,1452
4136856940,1,0,0.0,0.0,1453
3147697517,1,0,1.0,0.0,1454
3661016430,1,0,0.0,0.0,1455
876080497,1,0,0.0,0.0,1456
3045444979,1,0,0.0,0.0,1457
2207419765,1,0,1.0,0.0,1458
4112346491,1,0,0.0,0.0,1459
1706200445,1,0,1.0,0.0,1460
2430035694,1,0,0.0,0.0,1461
2359614999,1,0,0.0,0.0,1462
2203585922,1,0,1.0,0.0,1463
1622684023,1,0,0.0,0.0,1464
1825467782,1,0,1.0,0.0,1465
2275192200,1,0,0.0,0.0,1466
2272582892,1,0,1.0,0.0,1467
3115961744,1,0,0.0,0.0,1468
1121602963,1,0,0.0,0.0,1469
4166004121,1,0,1.0,0.0,1470
1210625435,1,0,1.0,0.0,1471
1575955869,1,0,1.0,0.0,1472
554233248,1,0,0.0,0.0,1473
2465172899,1,0,1.0,0.0,1474
1571098024,1,0,1.0,0.0,1475
3111587242,1,0,0.0,0.0,1476
1839918322,1,0,0.0,0.0,1477
2292977070,1,0,0.0,0.0,1478
95774621,1,0,0.0,0.0,1479
1879928240,1,0,0.0,0.0,1480
538766771,1,0,1.0,0.0,1481
4023700917,1,0,0.0,0.0,1482
156822966,1,0,1.0,0.0,1483
2861403575,1,0,0.0,0.0,1484
2931069552,1,0,0.0,0.0,1485
27905466,1,0,1.0,0.0,1486
3594005947,1,0,1.0,0.0,1487
2026909116,1,0,1.0,0.0,1488
3330076094,1,0,1.0,0.0,1489
714436037,1,0,0.0,0.0,1490
3942395334,1,0,1.0,0.0,1491
2866187723,1,0,1.0,0.0,1492
3842641359,1,0,1.0,0.0,1493
3409389475,1,0,0.0,0.0,1494
3839167956,1,0,1.0,0.0,1495
2680032505,1,0,0.0,0.0,1496
16030619,1,0,0.0,0.0,1497
1939639911,1,0,0.0,0.0,1498
52301276,1,0,0.0,0.0,1499
2912628190,1,0,1.0,0.0,1500
292889168,1,0,0.0,0.0,1501
521080290,1,0,0.0,0.0,1502
157732323,1,0,0.0,0.0,1503
359864230,1,0,0.0,0.0,1504
4203671020,1,0,1.0,0.0,1505
1092218350,1,0,0.0,0.0,1506
2689773039,1,0,1.0,0.0,1507
2427375089,1,0,0.0,0.0,1508
2940169470,1,0,0.0,0.0,1509
1919380987,1,0,1.0,0.0,1510
2448043516,1,0,1.0,0.0,1511
338923006,1,0,1.0,0.0,1512
1270992390,1,0,0.0,0.0,1513
3553496589,1,0,1.0,0.0,1514
2902509485,1,0,1.0,0.0,1515
3432402448,1,0,0.0,0.0,1516
4169212504,1,0,0.0,0.0,1517
2612645396,1,0,0.0,0.0,1518
1666158101,1,0,0.0,0.0,1519
3814961753,1,0,0.0,0.0,1520
3023048216,1,0,0.0,0.0,1521
1113443869,1,0,1.0,0.0,1522
42935543,1,0,0.0,0.0,1523
433974817,1,0,0.0,1.0,1524
2913793969,1,0,0.0,0.0,1525
3187461675,1,0,0.0,0.0,1526
2567114284,1,0,0.0,0.0,1527
2584023645,1,0,0.0,0.0,1528
1373367856,1,0,1.0,0.0,1529
1935511089,1,0,1.0,0.0,1530
3165597234,1,0,0.0,0.0,1531
3375097779,1,0,0.0,0.0,1532
444001845,1,0,1.0,0.0,1533
1513000502,1,0,1.0,0.0,1534
4294270217,1,0,0.0,0.0,1535
4043230776,1,0,1.0,0.0,1536
4231614011,1,0,1.0,0.0,1537
4027829823,1,0,0.0,0.0,1538
1467182658,1,0,1.0,0.0,1539
2937826883,1,0,0.0,0.0,1540
3746065989,1,0,0.0,0.0,1541
3683036743,1,0,1.0,0.0,1542
124726856,1,0,0.0,0.0,1543
441200201,1,0,0.0,0.0,1544
1735790154,1,0,1.0,0.0,1545
2641698861,1,0,0.0,0.0,1546
81603853,1,0,0.0,0.0,1547
1615064656,1,0,0.0,0.0,1548
803130962,1,0,1.0,0.0,1549
3111947859,1,0,0.0,0.0,1550
80662100,1,0,0.0,0.0,1551
1947260857,1,0,1.0,0.0,1552
61673048,1,0,1.0,0.0,1553
1341727332,1,0,0.0,0.0,1554
1420021340,1,0,1.0,0.0,1555
1453414330,1,0,0.0,0.0,1556
2877288030,1,0,1.0,0.0,1557
288190048,1,0,1.0,0.0,1558
1174163042,1,0,0.0,0.0,1559
1892814436,1,0,1.0,0.0,1560
2704821861,1,0,1.0,0.0,1561
744541799,1,0,1.0,0.0,1562
2276879978,1,0,1.0,0.0,1563
3728625259,1,0,0.0,0.0,1564
2330054253,1,0,1.0,0.0,1565
390794866,1,0,0.0,0.0,1566
1566551667,1,0,0.0,0.0,1567
3158480830,1,0,0.0,0.0,1568
1696263798,1,0,1.0,0.0,1569
117821048,1,0,0.0,0.0,1570
3788000892,1,0,0.0,0.0,1571
377269886,1,0,1.0,0.0,1572
3908939393,1,0,1.0,0.0,1573
3781652098,1,0,0.0,0.0,1574
264425091,1,0,1.0,0.0,1575
2546175621,1,0,1.0,0.0,1576
2503822984,1,0,0.0,0.0,1577
222170761,1,0,1.0,0.0,1578
595299979,1,0,0.0,0.0,1579
267021979,1,0,0.0,0.0,1580
1787417200,1,0,0.0,0.0,1581
2838916771,1,0,1.0,0.0,1582
2554929200,1,0,0.0,0.0,1583
3771903659,1,0,1.0,0.0,1584
372616876,1,0,0.0,0.0,1585
1072588745,1,0,0.0,0.0,1586
2777108152,1,0,0.0,0.0,1587
1094151866,1,0,0.0,0.0,1588
2952851131,1,0,0.0,0.0,1589
4116467389,1,0,0.0,0.0,1590
3512725182,1,0,1.0,0.0,1591
2688978627,1,0,1.0,0.0,1592
1015049924,1,0,0.0,0.0,1593
697364166,1,0,1.0,0.0,1594
865208268,1,0,0.0,0.0,1595
1257163,1,0,0.0,0.0,1596
2643865295,1,0,1.0,0.0,1597
4113760888,1,0,0.0,0.0,1598
1131998935,1,0,0.0,0.0,1599
3295325912,1,0,1.0,0.0,1600
3230723802,1,0,1.0,0.0,1601
1528975067,1,0,1.0,0.0,1602
1940541150,1,0,1.0,0.0,1603
867036895,1,0,1.0,0.0,1604
254693089,1,0,1.0,0.0,1605
1235709666,1,0,1.0,0.0,1606
158502627,1,0,0.0,0.0,1607
3217699612,1,0,0.0,0.0,1608
1101745897,1,0,1.0,0.0,1609
4017975018,1,0,1.0,0.0,1610
4253662503,1,0,0.0,0.0,1611
1742016237,1,0,0.0,0.0,1612
2835645053,1,0,0.0,0.0,1613
2208498179,1,0,0.0,0.0,1614
339693299,1,0,0.0,0.0,1615
1270771444,1,0,0.0,0.0,1616
3272019701,1,0,1.0,0.0,1617
1285533434,1,0,0.0,0.0,1618
3594702588,1,0,0.0,0.0,1619
651050282,1,0,0.0,0.0,1620
3945139968,1,0,1.0,0.0,1621
1444024960,1,0,0.0,0.0,1622
1161236228,1,0,1.0,0.0,1623
569716486,1,0,0.0,0.0,1624
3493744392,1,0,0.0,0.0,1625
1118646028,1,0,0.0,0.0,1626
1755041549,1,0,0.0,0.0,1627
3811110673,1,0,0.0,0.0,1628
3559935768,1,0,0.0,0.0,1629
1856163611,1,0,0.0,0.0,1630
470564430,1,0,0.0,0.0,1631
2494672673,1,0,0.0,0.0,1632
3280760610,1,0,0.0,0.0,1633
2651787045,1,0,1.0,0.0,1634
2871398184,1,0,0.0,0.0,1635
3275121971,1,0,0.0,0.0,1636
906519175,1,0,0.0,0.0,1637
2059693868,1,0,0.0,0.0,1638
2002825005,1,0,0.0,0.0,1639
1940115247,1,0,1.0,0.0,1640
1452633906,1,0,1.0,0.0,1641
218664243,1,0,0.0,0.0,1642
1563422519,1,0,0.0,0.0,1643
4184403768,1,0,0.0,0.0,1644
2891705652,1,0,0.0,0.0,1645
1947537211,1,0,0.0,0.0,1646
4280569662,1,0,1.0,0.0,1647
4131991365,1,0,0.0,0.0,1648
1520840518,1,0,0.0,0.0,1649
473378632,1,0,1.0,0.0,1650
1458974537,1,0,1.0,0.0,1651
1927769931,1,0,1.0,0.0,1652
1552659085,1,0,1.0,0.0,1653
3360501585,1,0,0.0,0.0,1654
977096533,1,0,0.0,0.0,1655
1472425815,1,0,1.0,0.0,1656
891039579,1,0,0.0,0.0,1657
2575724380,1,0,0.0,0.0,1658
2424926057,1,0,0.0,0.0,1659
1680486250,1,0,1.0,0.0,1660
2688266095,1,0,1.0,0.0,1661
3174772592,1,0,1.0,0.0,1662
333893490,1,0,0.0,0.0,1663
2842627955,1,0,0.0,0.0,1664
717320052,1,0,1.0,0.0,1665
2790084474,1,0,0.0,0.0,1666
3598651262,1,0,0.0,0.0,1667
10216085,1,0,0.0,0.0,1668
3701772160,1,0,0.0,0.0,1669
3701722432,1,0,1.0,0.0,1670
2219446146,1,0,0.0,0.0,1671
2798923651,1,0,1.0,0.0,1672
1988797078,1,0,0.0,0.0,1673
2703920449,1,0,1.0,0.0,1674
1111143713,1,0,0.0,0.0,1675
3280392080,1,0,1.0,0.0,1676
2018856850,1,0,1.0,0.0,1677
386305939,1,0,0.0,0.0,1678
1530195864,1,0,1.0,0.0,1679
3936325532,1,0,0.0,0.0,1680
626339741,1,0,1.0,0.0,1681
3012358046,1,0,1.0,0.0,1682
3716559515,1,0,1.0,0.0,1683
581685157,1,0,1.0,0.0,1684
493197297,1,0,0.0,0.0,1685
2467114242,1,0,0.0,0.0,1686
963325255,1,0,0.0,0.0,1687
3416059820,1,0,1.0,0.0,1688
2853515181,1,0,0.0,0.0,1689
3113996209,1,0,0.0,0.0,1690
2686529459,1,0,1.0,0.0,1691
1502564277,1,0,1.0,0.0,1692
3947966390,1,0,1.0,0.0,1693
1890627511,1,0,0.0,0.0,1694
2260168632,1,0,0.0,0.0,1695
1434742717,1,0,0.0,0.0,1696
3640913861,1,0,0.0,0.0,1697
3498168993,1,0,0.0,0.0,1698
1497722098,1,0,0.0,0.0,1699
2124214218,1,0,1.0,0.0,1700
1845333964,1,0,0.0,0.0,1701
225832912,1,0,0.0,0.0,1702
73166801,1,0,0.0,0.0,1703
2882768851,1,0,1.0,0.0,1704
3357044693,1,0,0.0,0.0,1705
2622856149,1,0,0.0,0.0,1706
655085531,1,0,1.0,0.0,1707
2629504988,1,0,0.0,0.0,1708
2379077800,1,0,0.0,0.0,1709
2833321952,1,0,0.0,0.0,1710
3360059361,1,0,1.0,0.0,1711
2626951163,1,0,0.0,0.0,1712
3111604202,1,0,0.0,0.0,1713
2572185579,1,0,0.0,0.0,1714
2221617133,1,0,0.0,1.0,1715
1065373685,1,0,0.0,0.0,1716
1050898424,1,0,1.0,0.0,1717
1002508282,1,0,0.0,0.0,1718
1394651136,1,0,1.0,0.0,1719
4059254786,1,0,0.0,0.0,1720
522760195,1,0,1.0,0.0,1721
2700480516,1,0,1.0,0.0,1722
819556357,1,0,1.0,0.0,1723
1771663369,1,0,0.0,0.0,1724
46861991,1,0,0.0,0.0,1725
1466478409,1,0,0.0,0.0,1726
73499309,1,0,0.0,0.0,1727
2880106515,1,0,0.0,0.0,1728
3133370388,1,0,1.0,0.0,1729
698265621,1,0,1.0,0.0,1730
3645190166,1,0,0.0,0.0,1731
2797146136,1,0,0.0,0.0,1732
1003261977,1,0,0.0,0.0,1733
3474083866,1,0,1.0,0.0,1734
4151220229,1,0,1.0,0.0,1735
2143686690,1,0,1.0,0.0,1736
599339043,1,0,0.0,0.0,1737
1413410854,1,0,1.0,0.0,1738
2256826409,1,0,1.0,0.0,1739
2628571180,1,0,1.0,0.0,1740
2960835250,1,0,0.0,0.0,1741
3216420911,1,0,0.0,0.0,1742
785199153,1,0,0.0,0.0,1743
2374201396,1,0,1.0,0.0,1744
577097781,1,0,1.0,0.0,1745
2655146039,1,0,1.0,0.0,1746
3114435252,1,0,0.0,0.0,1747
121318751,1,0,1.0,0.0,1748
1919813642,1,0,0.0,0.0,1749
368218175,1,0,0.0,0.0,1750
570683458,1,0,0.0,0.0,1751
154824772,1,0,1.0,0.0,1752
3357118537,1,0,0.0,0.0,1753
2836033610,1,0,0.0,0.0,1754
3658068043,1,0,0.0,0.0,1755
1667321933,1,0,0.0,0.0,1756
1285271630,1,0,1.0,0.0,1757
598886413,1,0,0.0,0.0,1758
1846005843,1,0,1.0,0.0,1759
2069758649,1,0,0.0,0.0,1760
1863241819,1,0,0.0,0.0,1761
2037712283,1,0,0.0,0.0,1762
3861384549,1,0,1.0,0.0,1763
513757280,1,0,0.0,0.0,1764
147615847,1,0,1.0,0.0,1765
1141059689,1,0,0.0,0.0,1766
2875887722,1,0,0.0,0.0,1767
869527661,1,0,1.0,0.0,1768
2106986606,1,0,1.0,0.0,1769
801247343,1,0,0.0,0.0,1770
3227758705,1,0,1.0,0.0,1771
54866034,1,0,1.0,0.0,1772
3517788275,1,0,0.0,0.0,1773
2280783209,1,0,0.0,0.0,1774
1169567864,1,0,1.0,0.0,1775
4085970964,1,0,0.0,0.0,1776
1048768634,1,0,0.0,0.0,1777
2657046652,1,0,0.0,0.0,1778
3864252545,1,0,0.0,0.0,1779
2237673603,1,0,0.0,0.0,1780
2421854341,1,0,0.0,0.0,1781
136507530,1,0,0.0,0.0,1782
1494217410,1,0,0.0,0.0,1783
924930627,1,0,0.0,0.0,1784
651522193,1,0,0.0,0.0,1785
2166853780,1,0,0.0,0.0,1786
2702725269,1,0,0.0,0.0,1787
1327288470,1,0,1.0,0.0,1788
3402240151,1,0,0.0,0.0,1789
1678889117,1,0,1.0,0.0,1790
808939678,1,0,1.0,0.0,1791
1758154911,1,0,0.0,0.0,1792
443699362,1,0,1.0,0.0,1793
2516537511,1,0,0.0,0.0,1794
1192972458,1,0,1.0,0.0,1795
862638253,1,0,1.0,0.0,1796
583376511,1,0,0.0,0.0,1797
104812720,1,0,1.0,0.0,1798
1435692403,1,0,0.0,0.0,1799
3224137908,1,0,1.0,0.0,1800
2678173878,1,0,0.0,0.0,1801
2225983673,1,0,0.0,0.0,1802
160329916,1,0,0.0,0.0,1803
3877088629,1,0,0.0,0.0,1804
1639616705,1,0,0.0,0.0,1805
2313941188,1,0,0.0,0.0,1806
3537948872,1,0,1.0,0.0,1807
2039722186,1,0,1.0,0.0,1808
2584465614,1,0,0.0,0.0,1809
3788746961,1,0,1.0,0.0,1810
225947859,1,0,1.0,0.0,1811
1085755604,1,0,0.0,0.0,1812
987058389,1,0,1.0,0.0,1813
3400393458,1,0,0.0,0.0,1814
1392865495,1,0,0.0,0.0,1815
204878041,1,0,0.0,0.0,1816
413610202,1,0,1.0,0.0,1817
467554528,1,0,1.0,0.0,1818
2697031907,1,0,1.0,0.0,1819
411234533,1,0,0.0,0.0,1820
2249191654,1,0,1.0,0.0,1821
2562715879,1,0,0.0,0.0,1822
1832407275,1,0,0.0,0.0,1823
890900717,1,0,1.0,0.0,1824
358387950,1,0,1.0,0.0,1825
272904435,1,0,0.0,0.0,1826
339972341,1,0,1.0,0.0,1827
608275154,1,0,0.0,0.0,1828
60575993,1,0,0.0,0.0,1829
2130260220,1,0,0.0,0.0,1830
3350425853,1,0,0.0,0.0,1831
3137089790,1,0,1.0,0.0,1832
1659875587,1,0,0.0,0.0,1833
2477863173,1,0,0.0,0.0,1834
1619702022,1,0,1.0,0.0,1835
1547096328,1,0,0.0,0.0,1836
2245142572,1,0,1.0,0.0,1837
1994379532,1,0,0.0,0.0,1838
2828644624,1,0,1.0,0.0,1839
2172219668,1,0,1.0,0.0,1840
3222165626,1,0,0.0,0.0,1841
742314262,1,0,0.0,0.0,1842
4029937973,1,0,0.0,0.0,1843
798781721,1,0,0.0,0.0,1844
3883054843,1,0,0.0,0.0,1845
2888331548,1,0,0.0,0.0,1846
4292202783,1,0,0.0,0.0,1847
1190760738,1,0,1.0,0.0,1848
953585030,1,0,1.0,0.0,1849
1502884246,1,0,0.0,0.0,1850
2317192710,1,0,0.0,0.0,1851
326324523,1,0,0.0,0.0,1852
1840329011,1,0,1.0,0.0,1853
3710431541,1,0,1.0,0.0,1854
2720654149,1,0,0.0,0.0,1855
2742038841,1,0,1.0,0.0,1856
3061190975,1,0,1.0,0.0,1857
1881395523,1,0,0.0,0.0,1858
673526084,1,0,1.0,0.0,1859
1117376840,1,0,0.0,0.0,1860
3272094025,1,0,1.0,0.0,1861
3995873611,1,0,0.0,0.0,1862
1929548108,1,0,1.0,0.0,1863
4240494925,1,0,0.0,0.0,1864
2956833103,1,0,0.0,0.0,1865
1540526416,1,0,0.0,0.0,1866
1914327446,1,0,0.0,0.0,1867
1310118228,1,0,0.0,0.0,1868
2600873807,1,0,0.0,0.0,1869
18403675,1,0,0.0,0.0,1870
3108758245,1,0,1.0,0.0,1871
4150055264,1,0,1.0,0.0,1872
3357978977,1,0,0.0,0.0,1873
2985169250,1,0,1.0,0.0,1874
932018235,1,0,0.0,0.0,1875
3948450148,1,0,1.0,0.0,1876
1795600742,1,0,1.0,0.0,1877
1691545959,1,0,1.0,0.0,1878
588075369,1,0,1.0,0.0,1879
273895788,1,0,0.0,0.0,1880
1735913840,1,0,0.0,0.0,1881
2709180785,1,0,1.0,0.0,1882
2328408434,1,0,0.0,0.0,1883
488919411,1,0,1.0,0.0,1884
604664181,1,0,0.0,0.0,1885
3344691575,1,0,1.0,0.0,1886
2135708025,1,0,1.0,0.0,1887
2656924030,1,0,1.0,0.0,1888
1571344767,1,0,0.0,0.0,1889
1945629056,1,0,0.0,0.0,1890
3664957830,1,0,1.0,0.0,1891
2355196302,1,0,0.0,0.0,1892
3980095888,1,0,1.0,0.0,1893
2244055444,1,0,0.0,0.0,1894
502436245,1,0,0.0,0.0,1895
462524822,1,0,1.0,0.0,1896
3993637274,1,0,1.0,0.0,1897
811299227,1,0,1.0,0.0,1898
3126899100,1,0,0.0,0.0,1899
966775199,1,0,1.0,0.0,1900
2304233892,1,0,1.0,0.0,1901
3281285873,1,0,1.0,0.0,1902
2036937128,1,0,1.0,0.0,1903
3383374253,1,0,1.0,0.0,1904
4075598256,1,0,0.0,0.0,1905
3791221174,1,0,0.0,0.0,1906
2756260279,1,0,1.0,0.0,1907
390345144,1,0,1.0,0.0,1908
3342668217,1,0,0.0,0.0,1909
616526268,1,0,1.0,0.0,1910
1015923445,1,0,0.0,0.0,1911
659583424,1,0,1.0,0.0,1912
2989142466,1,0,0.0,0.0,1913
2811285955,1,0,1.0,0.0,1914
3548320198,1,0,0.0,0.0,1915
2611401162,1,0,1.0,0.0,1916
2135077325,1,0,0.0,0.0,1917
363141879,1,0,0.0,0.0,1918
474837456,1,0,0.0,0.0,1919
1531064786,1,0,1.0,0.0,1920
1093013972,1,0,0.0,0.0,1921
451637719,1,0,1.0,0.0,1922
3503854040,1,0,0.0,0.0,1923
3668738810,1,0,0.0,0.0,1924
1986179551,1,0,1.0,0.0,1925
1256182240,1,0,0.0,0.0,1926
189960673,1,0,0.0,0.0,1927
87519714,1,0,0.0,0.0,1928
424800740,1,0,1.0,0.0,1929
2135855589,1,0,1.0,0.0,1930
1686114793,1,0,0.0,0.0,1931
2100580844,1,0,1.0,0.0,1932
3822293485,1,0,0.0,0.0,1933
3408679406,1,0,0.0,0.0,1934
2990330352,1,0,0.0,0.0,1935
3120738802,1,0,0.0,0.0,1936
4056283291,1,0,0.0,0.0,1937
888719444,1,0,0.0,0.0,1938
3520115198,1,0,0.0,0.0,1939
169660931,1,0,1.0,0.0,1940
1426821636,1,0,1.0,0.0,1941
3347002644,1,0,1.0,0.0,1942
1473454849,1,0,1.0,0.0,1943
2350354953,1,0,0.0,0.0,1944
2571596299,1,0,0.0,0.0,1945
2589520396,1,0,1.0,0.0,1946
27472397,1,0,0.0,0.0,1947
2801913261,1,0,0.0,0.0,1948
2094727390,1,0,0.0,0.0,1949
890483217,1,0,0.0,0.0,1950
897123075,1,0,0.0,0.0,1951
3980784151,1,0,0.0,0.0,1952
3613018202,1,0,0.0,0.0,1953
1485326427,1,0,0.0,0.0,1954
768578084,1,0,1.0,0.0,1955
2336477733,1,0,1.0,0.0,1956
697963049,1,0,0.0,0.0,1957
948245034,1,0,1.0,0.0,1958
280945415,1,0,0.0,0.0,1959
3814904364,1,0,1.0,0.0,1960
476525107,1,0,0.0,0.0,1961
1443332873,1,0,0.0,0.0,1962
4168364602,1,0,0.0,0.0,1963
2441351741,1,0,0.0,0.0,1964
3025089086,1,0,1.0,0.0,1965
3540718145,1,0,1.0,0.0,1966
2476257859,1,0,0.0,0.0,1967
377551549,1,0,0.0,0.0,1968
1294380470,1,0,0.0,0.0,1969
3536450118,1,0,0.0,0.0,1970
606532167,1,0,0.0,0.0,1971
906285644,1,0,0.0,0.0,1972
336466512,1,0,0.0,0.0,1973
3024685155,1,0,0.0,0.0,1974
1352815192,1,0,0.0,0.0,1975
3530762340,1,0,0.0,0.0,1976
2478674523,1,0,0.0,0.0,1977
2007282268,1,0,0.0,0.0,1978
170226269,1,0,0.0,0.0,1979
237580894,1,0,0.0,0.0,1980
1551325285,1,0,0.0,0.0,1981
3713348194,1,0,1.0,0.0,1982
2462929507,1,0,1.0,0.0,1983
1098125924,1,0,1.0,0.0,1984
1269019240,1,0,0.0,0.0,1985
753881937,1,0,0.0,0.0,1986
4210077806,1,0,0.0,0.0,1987
28562031,1,0,0.0,0.0,1988
2191192688,1,0,1.0,0.0,1989
2733986419,1,0,1.0,0.0,1990
2459865723,1,0,0.0,0.0,1991
4183274109,1,0,1.0,0.0,1992
411660928,1,0,1.0,0.0,1993
936596102,1,0,0.0,0.0,1994
586519180,1,0,0.0,0.0,1995
982299277,1,0,1.0,0.0,1996
1301975697,1,0,0.0,0.0,1997
1892746009,1,0,0.0,0.0,1998
1730433688,1,0,0.0,0.0,1999
2330787268,1,0,0.0,0.0,2000
3349328539,1,0,1.0,0.0,2001
1660064414,1,0,0.0,0.0,2002
2337250757,1,0,0.0,0.0,2003
888173217,1,0,0.0,0.0,2004
3636916898,1,0,1.0,0.0,2005
2911457959,1,0,0.0,0.0,2006
27194025,1,0,1.0,0.0,2007
4107874988,1,0,0.0,0.0,2008
2402292397,1,0,0.0,0.0,2009
1404883058,1,0,0.0,0.0,2010
1438274224,1,0,0.0,0.0,2011
3618181813,1,0,0.0,0.0,2012
1291784888,1,0,1.0,0.0,2013
2084278972,1,0,0.0,0.0,2014
1421005503,1,0,0.0,0.0,2015
1591762309,1,0,0.0,0.0,2016
2146521794,1,0,1.0,0.0,2017
1579160259,1,0,1.0,0.0,2018
565949124,1,0,0.0,0.0,2019
175198917,1,0,0.0,0.0,2020
3242676937,1,0,1.0,0.0,2021
583611083,1,0,0.0,0.0,2022
3384578765,1,0,0.0,0.0,2023
2148258510,1,0,1.0,0.0,2024
1782723279,1,0,0.0,0.0,2025
1206383312,1,0,1.0,0.0,2026
3976852178,1,0,1.0,0.0,2027
1169204003,1,0,0.0,0.0,2028
187609815,1,0,1.0,0.0,2029
2097738457,1,0,0.0,0.0,2030
1441821402,1,0,1.0,0.0,2031
726242011,1,0,1.0,0.0,2032
2389824220,1,0,0.0,0.0,2033
4221956829,1,0,1.0,0.0,2034
2592420575,1,0,0.0,0.0,2035
1239435542,1,0,0.0,0.0,2036
3277588603,1,0,0.0,0.0,2037
3518264036,1,0,0.0,0.0,2038
2382885606,1,0,0.0,0.0,2039
1022186216,1,0,0.0,0.0,2040
2302096106,1,0,1.0,0.0,2041
132953585,1,0,0.0,0.0,2042
4022524826,1,0,0.0,0.0,2043
4183626481,1,0,1.0,0.0,2044
2053690102,1,0,0.0,0.0,2045
2969490169,1,0,1.0,0.0,2046
739521277,1,0,1.0,0.0,2047
4203793720,1,0,0.0,0.0,2048
2249691904,1,0,0.0,0.0,2049
1272088704,1,0,0.0,0.0,2050
1924780802,1,0,1.0,0.0,2051
459625222,1,0,1.0,0.0,2052
3021493001,1,0,0.0,0.0,2053
1991938829,1,0,0.0,0.0,2054
1351482663,1,0,0.0,0.0,2055
3229520661,1,0,0.0,0.0,2056
3913175832,1,0,0.0,0.0,2057
315926660,1,0,0.0,0.0,2058
1198436877,1,0,0.0,0.0,2059
1442370333,1,0,1.0,0.0,2060
340897089,1,0,0.0,0.0,2061
2554352417,1,0,1.0,0.0,2062
1328247592,1,0,1.0,0.0,2063
849261353,1,0,0.0,0.0,2064
1292038956,1,0,0.0,0.0,2065
2593657647,1,0,1.0,0.0,2066
13579059,1,0,0.0,0.0,2067
1319968541,1,0,0.0,0.0,2068
1078121284,1,0,0.0,0.0,2069
3370348001,1,0,0.0,0.0,2070
1937757001,1,0,0.0,0.0,2071
3521295179,1,0,1.0,0.0,2072
1091227106,1,0,0.0,0.0,2073
50688849,1,0,1.0,0.0,2074
361739092,1,0,1.0,0.0,2075
3405042518,1,0,1.0,0.0,2076
2388218712,1,0,0.0,0.0,2077
473606287,1,0,1.0,0.0,2078
1009881948,1,0,1.0,0.0,2079
4204630877,1,0,1.0,0.0,2080
461894494,1,0,1.0,0.0,2081
3296187235,1,0,0.0,0.0,2082
3507802980,1,0,0.0,0.0,2083
1602499431,1,0,0.0,0.0,2084
1138144104,1,0,1.0,0.0,2085
2056270699,1,0,0.0,0.0,2086
3042571116,1,0,0.0,0.0,2087
3374379886,1,0,0.0,0.0,2088
2584441712,1,0,0.0,0.0,2089
3351679857,1,0,1.0,0.0,2090
2067851411,1,0,0.0,0.0,2091
2915136374,1,0,0.0,0.0,2092
1761833847,1,0,1.0,0.0,2093
3746575853,1,0,0.0,0.0,2094
3936818046,1,0,1.0,0.0,2095
1139621696,1,0,0.0,0.0,2096
2790757250,1,0,0.0,0.0,2097
1927140227,1,0,1.0,0.0,2098
3743953797,1,0,1.0,0.0,2099
962614151,1,0,1.0,0.0,2100
3069891465,1,0,0.0,0.0,2101
544502666,1,0,0.0,0.0,2102
1496134540,1,0,0.0,0.0,2103
20688811,1,0,0.0,0.0,2104
1749529489,1,0,1.0,0.0,2105
571839380,1,0,0.0,0.0,2106
2996056988,1,0,0.0,0.0,2107
1726100381,1,0,1.0,0.0,2108
3896652702,1,0,0.0,0.0,2109
1296655173,1,0,1.0,0.0,2110
3542741923,1,0,0.0,0.0,2111
860074920,1,0,0.0,0.0,2112
1068725161,1,0,1.0,0.0,2113
2042196906,1,0,1.0,0.0,2114
3317781421,1,0,1.0,0.0,2115
3632911278,1,0,1.0,0.0,2116
1561932719,1,0,0.0,0.0,2117
1512666033,1,0,1.0,0.0,2118
3949089714,1,0,1.0,0.0,2119
1904492019,1,0,0.0,0.0,2120
3227046837,1,0,0.0,0.0,2121
2251035578,1,0,0.0,0.0,2122
116429755,1,0,1.0,0.0,2123
4062335936,1,0,0.0,0.0,2124
2522682305,1,0,0.0,0.0,2125
1705530308,1,0,0.0,0.0,2126
3119066405,1,0,0.0,0.0,2127
3696571334,1,0,0.0,0.0,2128
3595629511,1,0,1.0,0.0,2129
192418760,1,0,1.0,0.0,2130
3501863883,1,0,0.0,0.0,2131
511906768,1,0,0.0,0.0,2132
4206736337,1,0,0.0,0.0,2133
2110026706,1,0,1.0,0.0,2134
1240241112,1,0,0.0,0.0,2135
4051833820,1,0,0.0,0.0,2136
267269087,1,0,1.0,0.0,2137
2573356539,1,0,0.0,0.0,2138
2463601637,1,0,1.0,0.0,2139
3253687271,1,0,1.0,0.0,2140
3558003689,1,0,0.0,0.0,2141
325637099,1,0,1.0,0.0,2142
658871276,1,0,1.0,0.0,2143
1256092655,1,0,1.0,0.0,2144
135869424,1,0,0.0,0.0,2145
3832551592,1,0,0.0,0.0,2146
3227673675,1,0,0.0,0.0,2147
322589684,1,0,0.0,0.0,2148
2966199806,1,0,0.0,0.0,2149
2452804598,1,0,1.0,0.0,2150
1037939704,1,0,0.0,0.0,2151
2852631380,1,0,1.0,0.0,2152
26276859,1,0,1.0,0.0,2153
1912189950,1,0,0.0,0.0,2154
3492631552,1,0,1.0,0.0,2155
4116632580,1,0,0.0,0.0,2156
1550586710,1,0,1.0,0.0,2157
1874916359,1,0,0.0,0.0,2158
708375566,1,0,1.0,0.0,2159
1967674385,1,0,1.0,0.0,2160
3371258898,1,0,1.0,0.0,2161
1155626003,1,0,1.0,0.0,2162
3824833561,1,0,0.0,0.0,2163
3272168476,1,0,1.0,0.0,2164
927241245,1,0,0.0,0.0,2165
944157726,1,0,0.0,0.0,2166
1116599329,1,0,0.0,0.0,2167
829076517,1,0,1.0,0.0,2168
3718927404,1,0,0.0,0.0,2169
1160487773,1,0,0.0,0.0,2170
4197446704,1,0,0.0,0.0,2171
102874632,1,0,1.0,0.0,2172
453538866,1,0,1.0,0.0,2173
3281387017,1,0,0.0,0.0,2174
1955427385,1,0,1.0,0.0,2175
1758966843,1,0,0.0,0.0,2176
3969135570,1,0,0.0,0.0,2177
2671645761,1,0,1.0,0.0,2178
2334716998,1,0,0.0,1.0,2179
2867934279,1,0,1.0,0.0,2180
3778204746,1,0,0.0,0.0,2181
1079161931,1,0,1.0,0.0,2182
1305760850,1,0,0.0,0.0,2183
244462675,1,0,0.0,0.0,2184
1191531607,1,0,1.0,0.0,2185
1919152996,1,0,0.0,0.0,2186
943707226,1,0,0.0,0.0,2187
2043376732,1,0,0.0,0.0,2188
860614717,1,0,0.0,0.0,2189
2154708496,1,0,0.0,0.0,2190
837727334,1,0,1.0,0.0,2191
1936512106,1,0,1.0,0.0,2192
2684771858,1,0,0.0,0.0,2193
2906420334,1,0,0.0,0.0,2194
2973578352,1,0,1.0,0.0,2195
4197151858,1,0,0.0,0.0,2196
571367201,1,0,0.0,0.0,2197
3085964404,1,0,0.0,0.0,2198
2377872506,1,0,0.0,0.0,2199
1548748991,1,0,0.0,0.0,2200
3040318592,1,0,0.0,0.0,2201
4039144577,1,0,0.0,0.0,2202
2467329154,1,0,1.0,0.0,2203
4162966659,1,0,1.0,0.0,2204
3423802502,1,0,0.0,0.0,2205
2417144969,1,0,0.0,0.0,2206
830690443,1,0,1.0,0.0,2207
3675509902,1,0,0.0,0.0,2208
2052215951,1,0,0.0,0.0,2209
865973392,1,0,0.0,0.0,2210
1740788883,1,0,1.0,0.0,2211
2856301718,1,0,1.0,0.0,2212
1542995481,1,0,0.0,0.0,2213
1120441496,1,0,0.0,0.0,2214
4151208132,1,0,0.0,0.0,2215
932664477,1,0,0.0,0.0,2216
3507590304,1,0,0.0,0.0,2217
591328112,1,0,0.0,0.0,2218
3462888987,1,0,0.0,0.0,2219
1546777764,1,0,0.0,0.0,2220
3878986134,1,0,0.0,0.0,2221
4211618984,1,0,0.0,0.0,2222
1501711584,1,0,0.0,0.0,2223
392377518,1,0,0.0,0.0,2224
3574722077,1,0,0.0,0.0,2225
1194652849,1,0,1.0,0.0,2226
1424905394,1,0,1.0,0.0,2227
1360598195,1,0,0.0,0.0,2228
4115720443,1,0,0.0,0.0,2229
4216542392,1,0,0.0,0.0,2230
4182602942,1,0,0.0,0.0,2231
2302891199,1,0,0.0,0.0,2232
1673548992,1,0,0.0,0.0,2233
2848232641,1,0,0.0,0.0,2234
1465881794,1,0,0.0,0.0,2235
358066379,1,0,1.0,0.0,2236
819589694,1,0,0.0,0.0,2237
2447553734,1,0,1.0,0.0,2238
391486463,1,0,0.0,0.0,2239
2559644872,1,0,1.0,0.0,2240
108655817,1,0,1.0,0.0,2241
1629607120,1,0,1.0,0.0,2242
1706497234,1,0,0.0,0.0,2243
1679398101,1,0,0.0,0.0,2244
3081729242,1,0,1.0,0.0,2245
321967324,1,0,0.0,0.0,2246
1379431645,1,0,0.0,0.0,2247
358642912,1,0,0.0,0.0,2248
3058144487,1,0,0.0,0.0,2249
3536975082,1,0,1.0,0.0,2250
1321047277,1,0,1.0,0.0,2251
4029453550,1,0,0.0,0.0,2252
2907028199,1,0,0.0,0.0,2253
1466372611,1,0,0.0,0.0,2254
2136347889,1,0,0.0,0.0,2255
3048527090,1,0,0.0,0.0,2256
403494131,1,0,1.0,0.0,2257
506466751,1,0,0.0,0.0,2258
1077458166,1,0,0.0,0.0,2259
2995955573,1,0,0.0,0.0,2260
2152346877,1,0,0.0,0.0,2261
3623908612,1,0,0.0,0.0,2262
705066247,1,0,0.0,0.0,2263
3746575625,1,0,1.0,0.0,2264
3967015511,1,0,0.0,0.0,2265
1681626383,1,0,1.0,0.0,2266
146589912,1,0,0.0,0.0,2267
2242966804,1,0,0.0,1.0,2268
4168267032,1,0,0.0,0.0,2269
3778049306,1,0,1.0,0.0,2270
3587429660,1,0,0.0,0.0,2271
858350469,1,0,0.0,0.0,2272
3031438624,1,0,1.0,0.0,2273
2528212257,1,0,0.0,0.0,2274
3615217883,1,0,0.0,0.0,2275
3792934184,1,0,1.0,0.0,2276
975033642,1,0,1.0,0.0,2277
3109672237,1,0,0.0,0.0,2278
526660911,1,0,1.0,0.0,2279
888716623,1,0,0.0,0.0,2280
1591840307,1,0,0.0,0.0,2281
280409396,1,0,1.0,0.0,2282
947148085,1,0,0.0,0.0,2283
39662473,1,0,0.0,0.0,2284
4263990585,1,0,0.0,0.0,2285
550209759,1,0,0.0,0.0,2286
1853191050,1,0,0.0,0.0,2287
4180530846,1,0,0.0,0.0,2288
2660068095,1,0,0.0,0.0,2289
1498838336,1,0,0.0,0.0,2290
1762465089,1,0,1.0,0.0,2291
3871200580,1,0,1.0,0.0,2292
926233925,1,0,1.0,0.0,2293
3678401862,1,0,0.0,0.0,2294
2492675400,1,0,0.0,0.0,2295
467211596,1,0,0.0,0.0,2296
110507344,1,0,1.0,0.0,2297
61279800,1,0,0.0,0.0,2298
2119570771,1,0,0.0,0.0,2299
2830325078,1,0,0.0,0.0,2300
2306061655,1,0,0.0,0.0,2301
2981311836,1,0,0.0,0.0,2302
1956468061,1,0,1.0,0.0,2303
3304576351,1,0,0.0,0.0,2304
3684496736,1,0,1.0,0.0,2305
1527580496,1,0,1.0,0.0,2306
3316633147,1,0,0.0,0.0,2307
501962084,1,0,0.0,0.0,2308
1951757669,1,0,1.0,0.0,2309
2208191846,1,0,0.0,0.0,2310
1151619985,1,0,1.0,0.0,2311
4043199849,1,0,1.0,0.0,2312
3979113834,1,0,0.0,0.0,2313
2161078220,1,0,0.0,0.0,2314
456062317,1,0,0.0,0.0,2315
3810342254,1,0,1.0,0.0,2316
744338799,1,0,1.0,0.0,2317
2876659058,1,0,1.0,0.0,2318
156964214,1,0,0.0,0.0,2319
1613707386,1,0,0.0,0.0,2320
588242317,1,0,0.0,0.0,2321
622466425,1,0,0.0,0.0,2322
173299067,1,0,0.0,0.0,2323
1156633980,1,0,0.0,0.0,2324
4023793021,1,0,1.0,0.0,2325
696685957,1,0,0.0,0.0,2326
892212061,1,0,0.0,0.0,2327
2718266759,1,0,1.0,0.0,2328
105321867,1,0,1.0,0.0,2329
1955501453,1,0,1.0,0.0,2330
3676476815,1,0,1.0,0.0,2331
2598065556,1,0,0.0,0.0,2332
2941957527,1,0,1.0,0.0,2333
3557094808,1,0,0.0,0.0,2334
1109121263,1,0,0.0,0.0,2335
1580438941,1,0,0.0,0.0,2336
84317600,1,0,0.0,0.0,2337
2855671201,1,0,0.0,0.0,2338
1438406050,1,0,1.0,0.0,2339
242955686,1,0,0.0,0.0,2340
3922295823,1,0,0.0,0.0,2341
738039210,1,0,0.0,0.0,2342
2434666055,1,0,0.0,0.0,2343
440604078,1,0,1.0,0.0,2344
1239109318,1,0,0.0,0.0,2345
2513851828,1,0,1.0,0.0,2346
1782699445,1,0,1.0,0.0,2347
3485953609,1,0,0.0,0.0,2348
3742897593,1,0,0.0,0.0,2349
3557749663,1,0,0.0,0.0,2350
981652924,1,0,0.0,0.0,2351
2790394039,1,0,0.0,0.0,2352
335181247,1,0,0.0,0.0,2353
1707242945,1,0,1.0,0.0,2354
1257985474,1,0,1.0,0.0,2355
3364795734,1,0,0.0,0.0,2356
3567990215,1,0,0.0,0.0,2357
739218891,1,0,0.0,0.0,2358
35886541,1,0,1.0,0.0,2359
466367952,1,0,0.0,0.0,2360
3237611768,1,0,0.0,0.0,2361
3863713234,1,0,0.0,0.0,2362
4166579669,1,0,0.0,0.0,2363
900909613,1,0,0.0,0.0,2364
3538654680,1,0,1.0,0.0,2365
1205089754,1,0,1.0,0.0,2366
351587919,1,0,0.0,0.0,2367
3438073310,1,0,1.0,0.0,2368
448976352,1,0,1.0,0.0,2369
3133871587,1,0,1.0,0.0,2370
2007396645,1,0,0.0,0.0,2371
3504862697,1,0,1.0,0.0,2372
1966446059,1,0,0.0,0.0,2373
1770968557,1,0,1.0,0.0,2374
903219453,1,0,1.0,0.0,2375
2937419248,1,0,0.0,0.0,2376
1166358001,1,0,1.0,0.0,2377
3525203444,1,0,1.0,0.0,2378
4045010421,1,0,1.0,0.0,2379
2682582518,1,0,0.0,0.0,2380
4166159578,1,0,0.0,0.0,2381
3088807419,1,0,1.0,0.0,2382
3137508868,1,0,1.0,0.0,2383
2009945606,1,0,0.0,0.0,2384
1220720897,1,0,0.0,0.0,2385
1071396361,1,0,0.0,0.0,2386
182988375,1,0,0.0,0.0,2387
1720399375,1,0,0.0,0.0,2388
3977731781,1,0,0.0,0.0,2389
465532435,1,0,1.0,0.0,2390
2624099863,1,0,0.0,0.0,2391
1835426735,1,0,1.0,0.0,2392
2357163549,1,0,1.0,0.0,2393
1795282466,1,0,0.0,0.0,2394
4152227365,1,0,1.0,0.0,2395
3095622577,1,0,0.0,0.0,2396
3849475626,1,0,0.0,0.0,2397
2068313644,1,0,1.0,0.0,2398
1212634670,1,0,0.0,0.0,2399
1505023535,1,0,1.0,0.0,2400
1789539889,1,0,0.0,0.0,2401
4050974260,1,0,1.0,0.0,2402
1200379445,1,0,1.0,0.0,2403
1698346550,1,0,1.0,0.0,2404
582489655,1,0,0.0,0.0,2405
2645702202,1,0,0.0,0.0,2406
3234780736,1,0,0.0,0.0,2407
1427527233,1,0,1.0,0.0,2408
4243338818,1,0,0.0,0.0,2409
91739717,1,0,0.0,0.0,2410
1394415175,1,0,1.0,0.0,2411
3588904522,1,0,0.0,1.0,2412
2483377740,1,0,0.0,0.0,2413
2236601934,1,0,0.0,0.0,2414
3094918738,1,0,0.0,0.0,2415
2176816726,1,0,0.0,0.0,2416
525997655,1,0,0.0,0.0,2417
3880154712,1,0,0.0,0.0,2418
3160174180,1,0,0.0,0.0,2419
3459275023,1,0,0.0,0.0,2420
1841952351,1,0,1.0,0.0,2421
261510752,1,0,0.0,0.0,2422
3410957922,1,0,0.0,0.0,2423
3435443813,1,0,0.0,0.0,2424
2449184358,1,0,1.0,0.0,2425
2269804136,1,0,1.0,0.0,2426
4198307433,1,0,0.0,0.0,2427
1135177319,1,0,1.0,0.0,2428
2388883054,1,0,0.0,0.0,2429
1652848240,1,0,1.0,0.0,2430
185407090,1,0,0.0,0.0,2431
4043871861,1,0,1.0,0.0,2432
617879162,1,0,0.0,0.0,2433
3692860909,1,0,1.0,0.0,2434
3061108330,1,0,0.0,0.0,2435
490390872,1,0,0.0,0.0,2436
3947971520,1,0,0.0,0.0,2437
2118084886,1,0,0.0,0.0,2438
3478886022,1,0,0.0,0.0,2439
3402217097,1,0,0.0,0.0,2440
3218437773,1,0,0.0,0.0,2441
3798478445,1,0,1.0,0.0,2442
2069714576,1,0,1.0,0.0,2443
1953216146,1,0,1.0,0.0,2444
2556455193,1,0,0.0,0.0,2445
4090222237,1,0,1.0,0.0,2446
3678607006,1,0,1.0,0.0,2447
1275393695,1,0,0.0,0.0,2448
2694805152,1,0,1.0,0.0,2449
1332237991,1,0,0.0,0.0,2450
2016097961,1,0,1.0,0.0,2451
1520301184,1,0,0.0,0.0,2452
1638313586,1,0,0.0,0.0,2453
2160055984,1,0,0.0,0.0,2454
295515825,1,0,0.0,0.0,2455
3924696691,1,0,0.0,0.0,2456
3874215604,1,0,0.0,0.0,2457
3933861560,1,0,0.0,0.0,2458
4208424633,1,0,0.0,0.0,2459
3861001915,1,0,1.0,0.0,2460
279688893,1,0,1.0,0.0,2461
1266669247,1,0,1.0,0.0,2462
2985408193,1,0,1.0,0.0,2463
3960059590,1,0,0.0,0.0,2464
146835745,1,0,1.0,0.0,2465
2711246540,1,0,0.0,0.0,2466
2527024846,1,0,0.0,0.0,2467
1205966543,1,0,0.0,0.0,2468
3253046904,1,0,0.0,0.0,2469
611202773,1,0,0.0,0.0,2470
1993610972,1,0,1.0,0.0,2471
3298506462,1,0,0.0,0.0,2472
3274798815,1,0,0.0,0.0,2473
2462799587,1,0,1.0,0.0,2474
2381166311,1,0,0.0,0.0,2475
1200830187,1,0,0.0,0.0,2476
3756078034,1,0,1.0,0.0,2477
4207245038,1,0,1.0,0.0,2478
3649688715,1,0,0.0,0.0,2479
1518423631,1,0,0.0,0.0,2480
465324329,1,0,0.0,0.0,2481
689141496,1,0,1.0,0.0,2482
1836947193,1,0,1.0,0.0,2483
602085114,1,0,0.0,0.0,2484
737203963,1,0,1.0,0.0,2485
2494748414,1,0,0.0,0.0,2486
127588095,1,0,1.0,0.0,2487
1877219072,1,0,1.0,0.0,2488
4201297666,1,0,0.0,0.0,2489
1426896361,1,0,0.0,0.0,2490
637597144,1,0,1.0,0.0,2491
4167003777,1,0,0.0,0.0,2492
2424140147,1,0,0.0,0.0,2493
2770040591,1,0,1.0,0.0,2494
3657103121,1,0,0.0,0.0,2495
493836051,1,0,1.0,0.0,2496
3646262592,1,0,0.0,0.0,2497
2224142102,1,0,0.0,0.0,2498
2480477979,1,0,1.0,0.0,2499
4285110044,1,0,0.0,0.0,2500
3467450142,1,0,1.0,0.0,2501
3899905824,1,0,0.0,0.0,2502
3661641508,1,0,0.0,0.0,2503
720672552,1,0,0.0,0.0,2504
1464588073,1,0,1.0,0.0,2505
4143560490,1,0,0.0,0.0,2506
777180973,1,0,1.0,0.0,2507
1346287409,1,0,1.0,0.0,2508
121407795,1,0,0.0,0.0,2509
1881110329,1,0,0.0,0.0,2510
68991036,1,0,0.0,0.0,2511
1657820987,1,0,0.0,0.0,2512
2759186237,1,0,0.0,0.0,2513
3384588095,1,0,1.0,0.0,2514
1984640835,1,0,1.0,0.0,2515
953718597,1,0,1.0,0.0,2516
3806140231,1,0,0.0,0.0,2517
1561008439,1,0,1.0,0.0,2518
313775948,1,0,0.0,0.0,2519
922490701,1,0,0.0,0.0,2520
2843096913,1,0,1.0,0.0,2521
2687480803,1,0,0.0,0.0,2522
2792025292,1,0,0.0,0.0,2523
3851614037,1,0,1.0,0.0,2524
3418183512,1,0,0.0,0.0,2525
2709034841,1,0,0.0,0.0,2526
2191300442,1,0,0.0,0.0,2527
2011993948,1,0,0.0,0.0,2528
3384019258,1,0,0.0,0.0,2529
371799902,1,0,1.0,0.0,2530
1732637669,1,0,0.0,0.0,2531
1582536544,1,0,0.0,0.0,2532
2310846305,1,0,0.0,0.0,2533
1679660898,1,0,0.0,0.0,2534
1211938659,1,0,0.0,0.0,2535
446740325,1,0,1.0,0.0,2536
1638676327,1,0,0.0,0.0,2537
3347380074,1,0,1.0,0.0,2538
625031019,1,0,1.0,0.0,2539
1300567917,1,0,0.0,0.0,2540
1002887023,1,0,1.0,0.0,2541
1808840561,1,0,0.0,0.0,2542
1739863923,1,0,0.0,0.0,2543
1381414773,1,0,1.0,0.0,2544
1323710327,1,0,1.0,0.0,2545
1528485753,1,0,0.0,0.0,2546
3381188479,1,0,0.0,0.0,2547
110278528,1,0,1.0,0.0,2548
288397188,1,0,0.0,0.0,2549
3882964869,1,0,0.0,0.0,2550
227104646,1,0,1.0,0.0,2551
3013875595,1,0,1.0,0.0,2552
1491908492,1,0,0.0,0.0,2553
2550691725,1,0,0.0,0.0,2554
1921382330,1,0,0.0,0.0,2555
3404068752,1,0,0.0,0.0,2556
2968582033,1,0,1.0,0.0,2557
953476577,1,0,0.0,0.0,2558
1645606805,1,0,0.0,0.0,2559
1617239679,1,0,0.0,0.0,2560
2551666585,1,0,0.0,0.0,2561
4060665754,1,0,1.0,0.0,2562
943568795,1,0,1.0,0.0,2563
3410212948,1,0,0.0,0.0,2564
3550779297,1,0,0.0,0.0,2565
1221009051,1,0,0.0,0.0,2566
3451967396,1,0,0.0,0.0,2567
3443275686,1,0,1.0,0.0,2568
791486108,1,0,0.0,0.0,2569
179509162,1,0,0.0,0.0,2570
2104760106,1,0,0.0,0.0,2571
1333195762,1,0,0.0,0.0,2572
623458559,1,0,0.0,0.0,2573
3363190705,1,0,1.0,0.0,2574
733976499,1,0,1.0,0.0,2575
1425997470,1,0,1.0,0.0,2576
1171216312,1,0,1.0,0.0,2577
4019451833,1,0,1.0,0.0,2578
2110109626,1,0,0.0,0.0,2579
3877763003,1,0,1.0,0.0,2580
4075493706,1,0,0.0,0.0,2581
1241464267,1,0,0.0,0.0,2582
226736066,1,0,0.0,0.0,2583
1438673227,1,0,0.0,0.0,2584
2477266886,1,0,0.0,0.0,2585
3247797804,1,0,0.0,0.0,2586
554056686,1,0,0.0,0.0,2587
3631372238,1,0,0.0,0.0,2588
2438748111,1,0,0.0,0.0,2589
2987530192,1,0,0.0,0.0,2590
2642753501,1,0,0.0,0.0,2591
1367267296,1,0,1.0,0.0,2592
4218906960,1,0,0.0,0.0,2593
580103847,1,0,0.0,0.0,2594
2749003675,1,0,0.0,0.0,2595
1193187313,1,0,0.0,0.0,2596
1385953267,1,0,1.0,0.0,2597
4208333822,1,0,0.0,0.0,2598
1788393464,1,0,1.0,0.0,2599
2213987327,1,0,0.0,0.0,2600
2719234046,1,0,1.0,0.0,2601
1639217153,1,0,1.0,0.0,2602
2524469252,1,0,1.0,0.0,2603
948967429,1,0,1.0,0.0,2604
2079665836,1,0,0.0,0.0,2605
689223691,1,0,1.0,0.0,2606
1284511760,1,0,0.0,0.0,2607
726718481,1,0,1.0,0.0,2608
3449395218,1,0,0.0,0.0,2609
3327481876,1,0,1.0,0.0,2610
4002248725,1,0,1.0,0.0,2611
792582166,1,0,1.0,0.0,2612
3103078432,1,0,0.0,0.0,2613
1353414689,1,0,1.0,0.0,2614
3232315427,1,0,0.0,0.0,2615
1729181738,1,0,0.0,0.0,2616
3657848878,1,0,0.0,0.0,2617
805615667,1,0,0.0,0.0,2618
976910388,1,0,0.0,0.0,2619
1977284662,1,0,0.0,0.0,2620
449943607,1,0,1.0,0.0,2621
3185160556,1,0,0.0,0.0,2622
799037499,1,0,1.0,0.0,2623
427808828,1,0,0.0,0.0,2624
3456333885,1,0,0.0,0.0,2625
2493978686,1,0,0.0,0.0,2626
551057472,1,0,0.0,0.0,2627
715610178,1,0,0.0,0.0,2628
519627787,1,0,0.0,0.0,2629
251426884,1,0,1.0,0.0,2630
2188687432,1,0,1.0,0.0,2631
2018506826,1,0,0.0,0.0,2632
2394025655,1,0,0.0,0.0,2633
1383159884,1,0,0.0,0.0,2634
1101158478,1,0,0.0,0.0,2635
4146624593,1,0,0.0,0.0,2636
2122168404,1,0,0.0,0.0,2637
367016021,1,0,1.0,0.0,2638
1709185112,1,0,0.0,0.0,2639
1468282969,1,0,1.0,0.0,2640
2926860379,1,0,0.0,0.0,2641
1514248290,1,0,0.0,0.0,2642
581888358,1,0,1.0,0.0,2643
2458753130,1,0,0.0,0.0,2644
3102701678,1,0,0.0,0.0,2645
705820785,1,0,1.0,0.0,2646
1087592563,1,0,0.0,0.0,2647
138197111,1,0,0.0,0.0,2648
3010295928,1,0,1.0,0.0,2649
3408730234,1,0,0.0,0.0,2650
2589694076,1,0,0.0,0.0,2651
4198365309,1,0,0.0,0.0,2652
419379326,1,0,1.0,0.0,2653
2855934080,1,0,1.0,0.0,2654
1563408516,1,0,1.0,0.0,2655
1576130694,1,0,0.0,0.0,2656
1578645640,1,0,1.0,0.0,2657
1107449997,1,0,1.0,0.0,2658
3356088685,1,0,0.0,0.0,2659
2480912531,1,0,1.0,0.0,2660
483353625,1,0,0.0,0.0,2661
940701851,1,0,1.0,0.0,2662
3299913618,1,0,0.0,0.0,2663
503453855,1,0,0.0,0.0,2664
421583216,1,0,0.0,0.0,2665
2168327170,1,0,0.0,0.0,2666
1955944611,1,0,1.0,0.0,2667
568225478,1,0,0.0,0.0,2668
2102229160,1,0,1.0,0.0,2669
3308774428,1,0,0.0,0.0,2670
3504232619,1,0,0.0,0.0,2671
829192364,1,0,0.0,0.0,2672
76011693,1,0,0.0,0.0,2673
3719747758,1,0,0.0,0.0,2674
3869382833,1,0,0.0,0.0,2675
267507893,1,0,1.0,0.0,2676
3986745716,1,0,0.0,0.0,2677
1837160634,1,0,0.0,0.0,2678
3945404603,1,0,1.0,0.0,2679
148438730,1,0,0.0,0.0,2680
3473062078,1,0,0.0,0.0,2681
941771033,1,0,0.0,0.0,2682
789592262,1,0,0.0,1.0,2683
3569932488,1,0,1.0,0.0,2684
88373450,1,0,0.0,0.0,2685
3258308814,1,0,1.0,0.0,2686
788560084,1,0,0.0,0.0,2687
1706997978,1,0,1.0,0.0,2688
183359707,1,0,0.0,0.0,2689
933075164,1,0,1.0,0.0,2690
2072312029,1,0,0.0,0.0,2691
537584677,1,0,0.0,0.0,2692
1361631611,1,0,0.0,0.0,2693
893065444,1,0,0.0,0.0,2694
586275045,1,0,1.0,0.0,2695
4022775505,1,0,0.0,0.0,2696
1085602029,1,0,0.0,0.0,2697
3320682734,1,0,0.0,0.0,2698
468416893,1,0,0.0,0.0,2699
2986135709,1,0,0.0,0.0,2700
1745590513,1,0,0.0,0.0,2701
3113720057,1,0,1.0,0.0,2702
3766718161,1,0,0.0,0.0,2703
2548852512,1,0,0.0,0.0,2704
227821952,1,0,0.0,0.0,2705
720386308,1,0,1.0,0.0,2706
3614505789,1,0,0.0,0.0,2707
361732358,1,0,0.0,0.0,2708
3407411468,1,0,0.0,0.0,2709
2887596301,1,0,0.0,0.0,2710
3834668077,1,0,0.0,0.0,2711
2353127128,1,0,1.0,0.0,2712
2543352082,1,0,1.0,0.0,2713
2456279320,1,0,1.0,0.0,2714
1200888092,1,0,1.0,0.0,2715
1251667674,1,0,1.0,0.0,2716
927439134,1,0,0.0,0.0,2717
1956268421,1,0,0.0,0.0,2718
991566113,1,0,1.0,0.0,2719
3905165603,1,0,1.0,0.0,2720
3852096562,1,0,0.0,0.0,2721
169859367,1,0,1.0,0.0,2722
2566176593,1,0,0.0,0.0,2723
3691403563,1,0,0.0,0.0,2724
413972780,1,0,1.0,0.0,2725
2151797810,1,0,1.0,0.0,2726
1200462129,1,0,0.0,0.0,2727
874215730,1,0,1.0,0.0,2728
697006387,1,0,0.0,0.0,2729
2300057908,1,0,1.0,0.0,2730
2886221534,1,0,1.0,0.0,2731
1596971319,1,0,1.0,0.0,2732
460028216,1,0,1.0,0.0,2733
3779145439,1,0,0.0,0.0,2734
1538013500,1,0,1.0,0.0,2735
2336269006,1,0,0.0,0.0,2736
128166283,1,0,0.0,0.0,2737
159635782,1,0,0.0,0.0,2738
2882541895,1,0,1.0,0.0,2739
391231816,1,0,1.0,0.0,2740
237574474,1,0,1.0,0.0,2741
2771794252,1,0,1.0,0.0,2742
1369454925,1,0,0.0,0.0,2743
823884110,1,0,1.0,0.0,2744
1088854352,1,0,1.0,0.0,2745
1951029591,1,0,0.0,0.0,2746
203774297,1,0,0.0,0.0,2747
3985250650,1,0,1.0,0.0,2748
958658909,1,0,0.0,0.0,2749
3265034590,1,0,0.0,0.0,2750
3735509343,1,0,1.0,0.0,2751
1576114533,1,0,0.0,0.0,2752
72718694,1,0,0.0,0.0,2753
1871985001,1,0,0.0,0.0,2754
1741699434,1,0,0.0,0.0,2755
415693165,1,0,1.0,0.0,2756
1910536558,1,0,1.0,0.0,2757
4113152368,1,0,0.0,0.0,2758
3583203698,1,0,0.0,0.0,2759
3117619572,1,0,0.0,0.0,2760
2343754101,1,0,0.0,0.0,2761
940857718,1,0,1.0,0.0,2762
848662249,1,0,0.0,0.0,2763
1403378041,1,0,0.0,0.0,2764
925185965,1,0,0.0,0.0,2765
3893919927,1,0,0.0,0.0,2766
1289569344,1,0,0.0,0.0,2767
4643202,1,0,0.0,0.0,2768
1228470659,1,0,1.0,0.0,2769
3307264388,1,0,0.0,0.0,2770
2200094066,1,0,0.0,0.0,2771
3271063951,1,0,0.0,0.0,2772
485333393,1,0,0.0,0.0,2773
670357906,1,0,0.0,0.0,2774
2863987099,1,0,0.0,0.0,2775
671066522,1,0,0.0,0.0,2776
2047220126,1,0,0.0,0.0,2777
4149287333,1,0,0.0,0.0,2778
1910931504,1,0,0.0,0.0,2779
37935529,1,0,0.0,0.0,2780
1803631019,1,0,1.0,0.0,2781
1995422124,1,0,1.0,0.0,2782
3328186799,1,0,0.0,0.0,2783
689772978,1,0,0.0,0.0,2784
2537568694,1,0,0.0,0.0,2785
4158978487,1,0,1.0,0.0,2786
4239497657,1,0,1.0,0.0,2787
3334044090,1,0,1.0,0.0,2788
3422230977,1,0,0.0,0.0,2789
512334274,1,0,0.0,0.0,2790
2296693835,1,0,1.0,0.0,2791
3200489924,1,0,0.0,0.0,2792
2457386742,1,0,0.0,0.0,2793
2308995527,1,0,0.0,0.0,2794
3073882568,1,0,0.0,0.0,2795
1854691785,1,0,0.0,0.0,2796
3566295499,1,0,0.0,0.0,2797
2187549133,1,0,0.0,0.0,2798
3135109583,1,0,1.0,0.0,2799
3814265525,1,0,0.0,0.0,2800
3194018260,1,0,1.0,0.0,2801
2629267607,1,0,0.0,0.0,2802
4241785291,1,0,0.0,0.0,2803
2437863907,1,0,0.0,0.0,2804
1359378916,1,0,0.0,0.0,2805
2463136232,1,0,0.0,0.0,2806
154606057,1,0,1.0,0.0,2807
2901006827,1,0,0.0,0.0,2808
1130658284,1,0,1.0,0.0,2809
3335641583,1,0,1.0,0.0,2810
923564528,1,0,1.0,0.0,2811
2979116205,1,0,0.0,0.0,2812
2644761076,1,0,1.0,0.0,2813
1786010104,1,0,0.0,0.0,2814
3233700345,1,0,1.0,0.0,2815
3883276796,1,0,0.0,0.0,2816
2848389632,1,0,1.0,0.0,2817
708721154,1,0,1.0,0.0,2818
3685699764,1,0,0.0,0.0,2819
2915809797,1,0,1.0,0.0,2820
3694033417,1,0,1.0,0.0,2821
669817356,1,0,0.0,0.0,2822
3263830544,1,0,0.0,0.0,2823
2657384977,1,0,0.0,0.0,2824
3585636883,1,0,0.0,0.0,2825
2131909140,1,0,0.0,0.0,2826
2667043355,1,0,0.0,0.0,2827
4108917276,1,0,1.0,0.0,2828
2404661795,1,0,0.0,0.0,2829
764501827,1,0,0.0,0.0,2830
3985529384,1,0,1.0,0.0,2831
2846800427,1,0,0.0,0.0,2832
3504388530,1,0,0.0,0.0,2833
3106997341,1,0,0.0,0.0,2834
958228198,1,0,1.0,0.0,2835
4017534046,1,0,0.0,0.0,2836
3403848247,1,0,1.0,0.0,2837
2597968441,1,0,1.0,0.0,2838
1310759483,1,0,1.0,0.0,2839
322304573,1,0,1.0,0.0,2840
463788607,1,0,1.0,0.0,2841
283261510,1,0,1.0,0.0,2842
271497799,1,0,0.0,0.0,2843
9768716,1,0,0.0,0.0,2844
3817855562,1,0,0.0,0.0,2845
2499344973,1,0,0.0,0.0,2846
957332047,1,0,0.0,0.0,2847
3397794385,1,0,0.0,0.0,2848
1380932179,1,0,1.0,0.0,2849
2098330197,1,0,1.0,0.0,2850
32209495,1,0,1.0,0.0,2851
787896922,1,0,1.0,0.0,2852
2109905500,1,0,1.0,0.0,2853
875764320,1,0,0.0,0.0,2854
2753223268,1,0,0.0,0.0,2855
3322870373,1,0,1.0,0.0,2856
771340907,1,0,0.0,0.0,2857
2449627756,1,0,0.0,0.0,2858
4062493293,1,0,1.0,0.0,2859
1376336496,1,0,1.0,0.0,2860
3736459894,1,0,0.0,0.0,2861
1148893818,1,0,0.0,0.0,2862
2990185083,1,0,0.0,0.0,2863
2389924476,1,0,1.0,0.0,2864
3467385471,1,0,0.0,0.0,2865
687684225,1,0,1.0,0.0,2866
2776128130,1,0,0.0,0.0,2867
639244931,1,0,0.0,0.0,2868
178436741,1,0,1.0,0.0,2869
1132714357,1,0,0.0,0.0,2870
510329964,1,0,1.0,0.0,2871
2251340427,1,0,1.0,0.0,2872
2571655820,1,0,0.0,0.0,2873
590846608,1,0,1.0,0.0,2874
1649050534,1,0,0.0,0.0,2875
819690133,1,0,1.0,0.0,2876
3424033432,1,0,1.0,0.0,2877
1929247386,1,0,0.0,0.0,2878
1227471515,1,0,0.0,0.0,2879
1134443164,1,0,0.0,0.0,2880
2574704410,1,0,0.0,0.0,2881
1629162174,1,0,0.0,0.0,2882
4025801377,1,0,1.0,0.0,2883
1882749605,1,0,0.0,0.0,2884
3033774758,1,0,0.0,0.0,2885
3109714599,1,0,1.0,0.0,2886
146668200,1,0,1.0,0.0,2887
430414510,1,0,0.0,0.0,2888
3724459805,1,0,0.0,0.0,2889
586021554,1,0,0.0,0.0,2890
1976523444,1,0,1.0,0.0,2891
2315229877,1,0,0.0,0.0,2892
4108778166,1,0,1.0,0.0,2893
1948625147,1,0,0.0,0.0,2894
4081760952,1,0,0.0,0.0,2895
390159033,1,0,1.0,0.0,2896
3113393951,1,0,0.0,0.0,2897
22256316,1,0,0.0,0.0,2898
801151677,1,0,0.0,0.0,2899
2311822017,1,0,0.0,0.0,2900
2116336324,1,0,1.0,0.0,2901
3585956549,1,0,1.0,0.0,2902
509745862,1,0,1.0,0.0,2903
1204391713,1,0,0.0,0.0,2904
2071550664,1,0,1.0,0.0,2905
180828873,1,0,1.0,0.0,2906
4018109131,1,0,0.0,0.0,2907
1888672462,1,0,0.0,0.0,2908
3612859092,1,0,0.0,0.0,2909
1731795669,1,0,0.0,0.0,2910
1732139734,1,0,1.0,0.0,2911
3469480706,1,0,0.0,0.0,2912
992893661,1,0,1.0,0.0,2913
2839780066,1,0,0.0,0.0,2914
866073317,1,0,0.0,0.0,2915
1483422439,1,0,1.0,0.0,2916
3729758955,1,0,0.0,0.0,2917
227023597,1,0,1.0,0.0,2918
1818829979,1,0,0.0,0.0,2919
159374064,1,0,1.0,0.0,2920
1945078227,1,0,0.0,0.0,2921
177470199,1,0,0.0,1.0,2922
3755088636,1,0,0.0,0.0,2923
1802959617,1,0,1.0,0.0,2924
3149765378,1,0,1.0,0.0,2925
1143364355,1,0,1.0,0.0,2926
1616403204,1,0,1.0,0.0,2927
2034572043,1,0,0.0,0.0,2928
2719904898,1,0,1.0,0.0,2929
178871054,1,0,1.0,0.0,2930
1354021647,1,0,1.0,0.0,2931
2890521360,1,0,0.0,0.0,2932
203979224,1,0,0.0,0.0,2933
1437834006,1,0,1.0,0.0,2934
1821355823,1,0,0.0,0.0,2935
1723071261,1,0,1.0,0.0,2936
3727825694,1,0,0.0,0.0,2937
1688935201,1,0,1.0,0.0,2938
1019198242,1,0,0.0,0.0,2939
3242392359,1,0,1.0,0.0,2940
949631785,1,0,0.0,0.0,2941
1570650922,1,0,0.0,0.0,2942
3749239597,1,0,0.0,0.0,2943
3089701680,1,0,0.0,0.0,2944
743414577,1,0,1.0,0.0,2945
1524790409,1,0,0.0,0.0,2946
3785988920,1,0,0.0,0.0,2947
3526450996,1,0,0.0,0.0,2948
4255292219,1,0,0.0,0.0,2949
202267452,1,0,1.0,0.0,2950
438541117,1,0,0.0,0.0,2951
436149055,1,0,1.0,0.0,2952
3390831424,1,0,1.0,0.0,2953
1556314946,1,0,1.0,0.0,2954
1376646283,1,0,0.0,0.0,2955
1449990982,1,0,1.0,0.0,2956
4022688588,1,0,0.0,0.0,2957
3338779471,1,0,0.0,0.0,2958
3563690834,1,0,0.0,0.0,2959
625179483,1,0,0.0,0.0,2960
1847245667,1,0,0.0,0.0,2961
2483772261,1,0,0.0,0.0,2962
2918734700,1,0,0.0,0.0,2963
2147785581,1,0,1.0,0.0,2964
2101334808,1,0,0.0,0.0,2965
193102160,1,0,1.0,0.0,2966
4124490216,1,0,0.0,0.0,2967
2326703934,1,0,0.0,0.0,2968
1709521385,1,0,0.0,0.0,2969
3306630510,1,0,0.0,0.0,2970
3369384825,1,0,0.0,0.0,2971
1145519935,1,0,1.0,0.0,2972
1482201985,1,0,1.0,0.0,2973
3927038851,1,0,1.0,0.0,2974
3716821350,1,0,0.0,0.0,2975
2331876230,1,0,0.0,0.0,2976
1665702791,1,0,0.0,0.0,2977
3598203784,1,0,0.0,0.0,2978
675347337,1,0,1.0,0.0,2979
2896059276,1,0,1.0,0.0,2980
3334839183,1,0,0.0,0.0,2981
426711955,1,0,1.0,0.0,2982
635537227,1,0,0.0,0.0,2983
3570981781,1,0,1.0,0.0,2984
1988500374,1,0,0.0,0.0,2985
4019542937,1,0,1.0,0.0,2986
2490882970,1,0,1.0,0.0,2987
2333530607,1,0,0.0,0.0,2988
1771010972,1,0,1.0,0.0,2989
3053362079,1,0,1.0,0.0,2990
4160281504,1,0,0.0,0.0,2991
2353380259,1,0,1.0,0.0,2992
4037139365,1,0,0.0,0.0,2993
764009382,1,0,0.0,0.0,2994
4180581288,1,0,1.0,0.0,2995
2628402089,1,0,1.0,0.0,2996
3153009580,1,0,1.0,0.0,2997
2970154141,1,0,0.0,0.0,2998
1709456306,1,0,1.0,0.0,2999
435866601,1,0,0.0,0.0,3000
3929193078,1,0,0.0,0.0,3001
878579529,1,0,0.0,0.0,3002
1343527868,1,0,0.0,0.0,3003
4068178877,1,0,0.0,0.0,3004
2230582206,1,0,1.0,0.0,3005
1905892287,1,0,1.0,0.0,3006
4241914816,1,0,0.0,0.0,3007
1088122699,1,0,0.0,0.0,3008
907995638,1,0,0.0,0.0,3009
384586913,1,0,0.0,0.0,3010
2419006409,1,0,1.0,0.0,3011
1815354318,1,0,0.0,0.0,3012
1824750543,1,0,1.0,0.0,3013
105642960,1,0,0.0,0.0,3014
1777947317,1,0,0.0,0.0,3015
1589771221,1,0,1.0,0.0,3016
3288160761,1,0,0.0,0.0,3017
2635747151,1,0,1.0,0.0,3018
2784371877,1,0,0.0,0.0,3019
1748859872,1,0,1.0,0.0,3020
3522961232,1,0,0.0,0.0,3021
2794118114,1,0,0.0,0.0,3022
2056594679,1,0,0.0,0.0,3023
430365671,1,0,1.0,0.0,3024
910289404,1,0,0.0,0.0,3025
3842497516,1,0,0.0,0.0,3026
2148965358,1,0,0.0,0.0,3027
158940143,1,0,0.0,0.0,3028
2604497909,1,0,0.0,0.0,3029
8264703,1,0,1.0,0.0,3030
1461831388,1,0,1.0,0.0,3031
1109564424,1,0,0.0,0.0,3032
93289481,1,0,1.0,0.0,3033
2079505419,1,0,0.0,0.0,3034
1510816782,1,0,0.0,0.0,3035
2484534287,1,0,1.0,0.0,3036
1341625680,1,0,0.0,0.0,3037
1898494993,1,0,1.0,0.0,3038
2147465338,1,0,0.0,0.0,3039
3856037277,1,0,0.0,0.0,3040
2402835482,1,0,0.0,0.0,3041
3029564443,1,0,1.0,0.0,3042
372857885,1,0,0.0,0.0,3043
380673055,1,0,0.0,0.0,3044
394984483,1,0,0.0,0.0,3045
150592548,1,0,1.0,0.0,3046
4050719921,1,0,0.0,0.0,3047
2450045995,1,0,1.0,0.0,3048
1344396332,1,0,1.0,0.0,3049
1671486509,1,0,1.0,0.0,3050
3819674670,1,0,1.0,0.0,3051
1533582384,1,0,0.0,0.0,3052
2629688371,1,0,1.0,0.0,3053
33848378,1,0,1.0,0.0,3054
75390012,1,0,1.0,0.0,3055
4133282998,1,0,1.0,0.0,3056
1189280839,1,0,1.0,0.0,3057
3971218504,1,0,0.0,0.0,3058
4226931786,1,0,1.0,0.0,3059
330002118,1,0,0.0,0.0,3060
3343150373,1,0,0.0,0.0,3061
1105067091,1,0,0.0,0.0,3062
50076758,1,0,0.0,0.0,3063
300129367,1,0,1.0,0.0,3064
222329944,1,0,1.0,0.0,3065
173341789,1,0,0.0,0.0,3066
1194400862,1,0,1.0,0.0,3067
2398788706,1,0,0.0,0.0,3068
313550011,1,0,0.0,0.0,3069
3694910564,1,0,1.0,0.0,3070
2257353829,1,0,0.0,0.0,3071
1989368937,1,0,0.0,0.0,3072
24755307,1,0,0.0,0.0,3073
4186537070,1,0,0.0,0.0,3074
885349487,1,0,1.0,0.0,3075
250920048,1,0,0.0,0.0,3076
702889076,1,0,0.0,0.0,3077
2137593022,1,0,0.0,0.0,3078
4234509433,1,0,1.0,0.0,3079
256070847,1,0,0.0,0.0,3080
2161204348,1,0,1.0,0.0,3081
1491033213,1,0,1.0,0.0,3082
3109969024,1,0,1.0,0.0,3083
3742833795,1,0,1.0,0.0,3084
437327904,1,0,0.0,0.0,3085
309935240,1,0,0.0,0.0,3086
3062693740,1,0,0.0,0.0,3087
1651219599,1,0,0.0,0.0,3088
3392371861,1,0,1.0,0.0,3089
3958791318,1,0,0.0,0.0,3090
2561965207,1,0,0.0,0.0,3091
1740027076,1,0,0.0,0.0,3092
1027169090,1,0,0.0,0.0,3093
3936615581,1,0,0.0,0.0,3094
1306963824,1,0,0.0,0.0,3095
1355830470,1,0,0.0,0.0,3096
2252782759,1,0,1.0,0.0,3097
608255149,1,0,1.0,0.0,3098
3182419120,1,0,0.0,0.0,3099
3276610737,1,0,0.0,0.0,3100
4124433586,1,0,1.0,0.0,3101
4291488745,1,0,0.0,0.0,3102
2840263860,1,0,0.0,0.0,3103
1814088826,1,0,0.0,0.0,3104
1235516601,1,0,1.0,0.0,3105
3199229116,1,0,1.0,0.0,3106
2788662463,1,0,1.0,0.0,3107
176258242,1,0,1.0,0.0,3108
903249092,1,0,1.0,0.0,3109
922492103,1,0,1.0,0.0,3110
1578179787,1,0,1.0,0.0,3111
2472254668,1,0,0.0,0.0,3112
2760817870,1,0,0.0,0.0,3113
2119559147,1,0,0.0,0.0,3114
395738321,1,0,0.0,0.0,3115
246209747,1,0,1.0,0.0,3116
3390119125,1,0,1.0,0.0,3117
856808662,1,0,1.0,0.0,3118
1598823639,1,0,1.0,0.0,3119
1395580121,1,0,0.0,0.0,3120
2931588314,1,0,0.0,0.0,3121
1750662364,1,0,0.0,0.0,3122
3683138783,1,0,1.0,0.0,3123
1120148704,1,0,0.0,0.0,3124
2257001698,1,0,0.0,0.0,3125
195805052,1,0,1.0,0.0,3126
1157225708,1,0,1.0,0.0,3127
66827474,1,0,0.0,0.0,3128
91675892,1,0,1.0,0.0,3129
2302737397,1,0,0.0,0.0,3130
1039301878,1,0,0.0,0.0,3131
886897913,1,0,0.0,0.0,3132
1807228160,1,0,1.0,0.0,3133
698088705,1,0,1.0,0.0,3134
491535621,1,0,0.0,0.0,3135
2194177287,1,0,0.0,0.0,3136
3141172489,1,0,0.0,0.0,3137
4125785357,1,0,1.0,0.0,3138
3553172013,1,0,0.0,0.0,3139
3968851216,1,0,0.0,0.0,3140
227245329,1,0,0.0,0.0,3141
1556585746,1,0,0.0,0.0,3142
2614397486,1,0,0.0,0.0,3143
3611704599,1,0,0.0,0.0,3144
1775099163,1,0,0.0,0.0,3145
314179150,1,0,0.0,0.0,3146
4025644250,1,0,0.0,0.0,3147
3006392880,1,0,1.0,0.0,3148
2549458627,1,0,0.0,0.0,3149
808714118,1,0,0.0,0.0,3150
2415077937,1,0,1.0,0.0,3151
2509626664,1,0,0.0,0.0,3152
2419561692,1,0,0.0,0.0,3153
1088675114,1,0,1.0,0.0,3154
2701409582,1,0,0.0,0.0,3155
1211170095,1,0,0.0,0.0,3156
3037674804,1,0,1.0,0.0,3157
2446941494,1,0,1.0,0.0,3158
2255150393,1,0,0.0,0.0,3159
376003904,1,0,0.0,0.0,3160
3638917951,1,0,0.0,0.0,3161
787487372,1,0,0.0,0.0,3162
174906694,1,0,1.0,0.0,3163
1545878855,1,0,0.0,0.0,3164
2501279051,1,0,1.0,0.0,3165
1000660300,1,0,0.0,0.0,3166
1260887373,1,0,0.0,0.0,3167
3495624015,1,0,0.0,0.0,3168
3250715193,1,0,0.0,0.0,3169
3840793949,1,0,1.0,0.0,3170
2132896853,1,0,0.0,0.0,3171
3125604240,1,0,1.0,0.0,3172
2173959522,1,0,0.0,0.0,3173
2490596708,1,0,1.0,0.0,3174
2018114917,1,0,1.0,0.0,3175
280722793,1,0,1.0,0.0,3176
2105236843,1,0,0.0,0.0,3177
1642626412,1,0,1.0,0.0,3178
3528822674,1,0,0.0,0.0,3179
4081252925,1,0,0.0,0.0,3180
1570651505,1,0,0.0,0.0,3181
209313138,1,0,0.0,0.0,3182
1680088979,1,0,0.0,0.0,3183
2505014644,1,0,0.0,0.0,3184
3698515322,1,0,0.0,0.0,3185
164953467,1,0,0.0,0.0,3186
271023484,1,0,1.0,0.0,3187
2670214525,1,0,1.0,0.0,3188
2310486505,1,0,0.0,0.0,3189
1260751404,1,0,0.0,0.0,3190
1843297665,1,0,0.0,0.0,3191
3753092331,1,0,0.0,0.0,3192
171698843,1,0,0.0,0.0,3193
3009371525,1,0,1.0,0.0,3194
1854233993,1,0,1.0,0.0,3195
2933889167,1,0,0.0,0.0,3196
3931028877,1,0,0.0,0.0,3197
2021612942,1,0,1.0,0.0,3198
3262332304,1,0,0.0,0.0,3199
354131348,1,0,0.0,0.0,3200
4046083310,1,0,0.0,0.0,3201
2759880560,1,0,0.0,0.0,3202
1108729241,1,0,0.0,0.0,3203
3508256156,1,0,1.0,0.0,3204
3221052833,1,0,1.0,0.0,3205
1752554914,1,0,1.0,0.0,3206
1295580580,1,0,0.0,0.0,3207
1226537542,1,0,1.0,0.0,3208
2900843942,1,0,1.0,0.0,3209
2963283368,1,0,0.0,1.0,3210
1618673067,1,0,0.0,0.0,3211
1174136050,1,0,1.0,0.0,3212
3950779824,1,0,0.0,0.0,3213
1065344433,1,0,1.0,0.0,3214
3384843698,1,0,0.0,0.0,3215
1404981150,1,0,0.0,0.0,3216
3654376887,1,0,1.0,0.0,3217
2897190329,1,0,1.0,0.0,3218
287219131,1,0,0.0,0.0,3219
2545794494,1,0,1.0,0.0,3220
18527477,1,0,0.0,0.0,3221
2583739840,1,0,0.0,0.0,3222
2610486723,1,0,0.0,0.0,3223
3453898932,1,0,0.0,0.0,3224
3780306166,1,0,1.0,0.0,3225
1541915895,1,0,0.0,0.0,3226
3397828046,1,0,0.0,0.0,3227
26484175,1,0,1.0,0.0,3228
340975058,1,0,0.0,0.0,3229
799989205,1,0,0.0,0.0,3230
235994585,1,0,0.0,0.0,3231
1126746995,1,0,0.0,0.0,3232
3696827868,1,0,1.0,0.0,3233
2097405407,1,0,1.0,0.0,3234
3336568290,1,0,0.0,0.0,3235
3804389469,1,0,0.0,0.0,3236
3255694526,1,0,0.0,0.0,3237
96198130,1,0,1.0,0.0,3238
1785100883,1,0,1.0,0.0,3239
1257934569,1,0,0.0,0.0,3240
2151395332,1,0,0.0,0.0,3241
3651255811,1,0,1.0,0.0,3242
2783608327,1,0,1.0,0.0,3243
310050312,1,0,1.0,0.0,3244
3740528556,1,0,0.0,0.0,3245
3221486508,1,0,0.0,0.0,3246
2383937037,1,0,1.0,0.0,3247
4051443216,1,0,0.0,0.0,3248
1694632190,1,0,1.0,0.0,3249
3813654034,1,0,0.0,0.0,3250
3764346391,1,0,1.0,0.0,3251
2577022489,1,0,1.0,0.0,3252
1154924059,1,0,1.0,0.0,3253
508362269,1,0,1.0,0.0,3254
830668318,1,0,1.0,0.0,3255
2666668962,1,0,0.0,0.0,3256
2441575971,1,0,0.0,0.0,3257
908877348,1,0,1.0,0.0,3258
2151128616,1,0,1.0,0.0,3259
2037194281,1,0,0.0,0.0,3260
2979749419,1,0,0.0,0.0,3261
3212271148,1,0,1.0,0.0,3262
1574706734,1,0,1.0,0.0,3263
3325902384,1,0,1.0,0.0,3264
2464793805,1,0,0.0,0.0,3265
3664002612,1,0,1.0,0.0,3266
562036278,1,0,1.0,0.0,3267
1620573756,1,0,0.0,0.0,3268
2602663273,1,0,0.0,0.0,3269
1255956033,1,0,0.0,0.0,3270
3344408132,1,0,1.0,0.0,3271
1742036550,1,0,1.0,0.0,3272
2282454601,1,0,0.0,0.0,3273
1746599500,1,0,0.0,0.0,3274
4241981006,1,0,0.0,0.0,3275
1959060749,1,0,0.0,0.0,3276
4111670865,1,0,0.0,0.0,3277
1593884250,1,0,1.0,0.0,3278
873911567,1,0,0.0,0.0,3279
1664400990,1,0,1.0,0.0,3280
3553721954,1,0,1.0,0.0,3281
448503396,1,0,0.0,0.0,3282
2145680999,1,0,0.0,0.0,3283
2903367273,1,0,0.0,0.0,3284
1849286254,1,0,0.0,0.0,3285
3360521839,1,0,0.0,0.0,3286
4087340658,1,0,0.0,0.0,3287
1035902579,1,0,1.0,0.0,3288
2897985145,1,0,1.0,0.0,3289
871664165,1,0,0.0,0.0,3290
4192060693,1,0,1.0,0.0,3291
2184633986,1,0,0.0,0.0,3292
3272932995,1,0,0.0,0.0,3293
1143029381,1,0,1.0,0.0,3294
2208863950,1,0,0.0,0.0,3295
3533143687,1,0,1.0,0.0,3296
2475695756,1,0,1.0,0.0,3297
2094557805,1,0,0.0,0.0,3298
2001493648,1,0,1.0,0.0,3299
3933263128,1,0,0.0,0.0,3300
599457430,1,0,0.0,0.0,3301
1678261911,1,0,0.0,0.0,3302
2295021210,1,0,0.0,0.0,3303
2397413019,1,0,0.0,0.0,3304
1740029596,1,0,1.0,0.0,3305
4294753950,1,0,1.0,0.0,3306
1407786656,1,0,1.0,0.0,3307
1806793328,1,0,0.0,0.0,3308
1805632795,1,0,0.0,0.0,3309
1776213668,1,0,1.0,0.0,3310
2883264454,1,0,0.0,1.0,3311
2647432870,1,0,0.0,0.0,3312
2173427367,1,0,0.0,0.0,3313
4165164713,1,0,0.0,0.0,3314
1375551150,1,0,1.0,0.0,3315
1747869359,1,0,1.0,0.0,3316
2204466868,1,0,0.0,0.0,3317
873627318,1,0,0.0,0.0,3318
510492343,1,0,0.0,0.0,3319
4237614777,1,0,1.0,0.0,3320
153026235,1,0,0.0,0.0,3321
705322684,1,0,1.0,0.0,3322
3609788096,1,0,0.0,0.0,3323
1188789953,1,0,0.0,0.0,3324
2919210693,1,0,0.0,0.0,3325
2705112774,1,0,0.0,0.0,3326
2289595681,1,0,0.0,0.0,3327
875118281,1,0,0.0,0.0,3328
3500113610,1,0,1.0,0.0,3329
2945416907,1,0,1.0,0.0,3330
3551010509,1,0,1.0,0.0,3331
991469263,1,0,0.0,0.0,3332
3454443216,1,0,0.0,0.0,3333
887226072,1,0,1.0,0.0,3334
1623826137,1,0,0.0,0.0,3335
1175566970,1,0,0.0,0.0,3336
3808370398,1,0,1.0,0.0,3337
1086955232,1,0,1.0,0.0,3338
4219345971,1,0,0.0,0.0,3339
3856650516,1,0,1.0,0.0,3340
2046892668,1,0,0.0,0.0,3341
2794472743,1,0,0.0,0.0,3342
2673098476,1,0,0.0,0.0,3343
2232868591,1,0,1.0,0.0,3344
1618345712,1,0,1.0,0.0,3345
3763732209,1,0,0.0,0.0,3346
3477126898,1,0,0.0,0.0,3347
797700051,1,0,0.0,0.0,3348
1484713229,1,0,0.0,0.0,3349
3276087030,1,0,0.0,0.0,3350
1421057783,1,0,0.0,0.0,3351
397204095,1,0,0.0,0.0,3352
1937424125,1,0,1.0,0.0,3353
2510011606,1,0,0.0,0.0,3354
1941364481,1,0,1.0,0.0,3355
2959671042,1,0,1.0,0.0,3356
3654246152,1,0,0.0,0.0,3357
2863300363,1,0,0.0,0.0,3358
1191894799,1,0,0.0,0.0,3359
2867445520,1,0,0.0,0.0,3360
3137470225,1,0,1.0,0.0,3361
40491651,1,0,0.0,0.0,3362
543268629,1,0,1.0,0.0,3363
1594490646,1,0,1.0,0.0,3364
1130470487,1,0,0.0,0.0,3365
483865903,1,0,1.0,0.0,3366
2628452125,1,0,1.0,0.0,3367
2872917790,1,0,1.0,0.0,3368
358260511,1,0,0.0,0.0,3369
2006040353,1,0,0.0,0.0,3370
1492459298,1,0,1.0,0.0,3371
1292558120,1,0,1.0,0.0,3372
1363935017,1,0,0.0,0.0,3373
504520496,1,0,1.0,0.0,3374
1729862983,1,0,0.0,0.0,3375
767754035,1,0,0.0,0.0,3376
2602469060,1,0,0.0,0.0,3377
3415207115,1,0,0.0,0.0,3378
2229549705,1,0,0.0,0.0,3379
1082086708,1,0,0.0,0.0,3380
2810986298,1,0,0.0,0.0,3381
1087905599,1,0,1.0,0.0,3382
1449008960,1,0,0.0,0.0,3383
1455914817,1,0,0.0,0.0,3384
1651703618,1,0,0.0,0.0,3385
3238230667,1,0,0.0,0.0,3386
4109639495,1,0,0.0,0.0,3387
925630280,1,0,0.0,0.0,3388
1283660428,1,0,0.0,0.0,3389
1315222542,1,0,1.0,0.0,3390
3582099280,1,0,1.0,0.0,3391
2043248465,1,0,0.0,0.0,3392
1788977308,1,0,0.0,0.0,3393
1050025814,1,0,0.0,0.0,3394
2653339480,1,0,0.0,0.0,3395
3492863837,1,0,1.0,0.0,3396
2848199995,1,0,0.0,0.0,3397
2469887852,1,0,1.0,0.0,3398
2010242925,1,0,1.0,0.0,3399
3951886190,1,0,0.0,0.0,3400
1193485629,1,0,1.0,0.0,3401
2883999170,1,0,0.0,0.0,3402
2015879025,1,0,1.0,0.0,3403
2359730034,1,0,0.0,0.0,3404
3907627668,1,0,0.0,0.0,3405
2884132730,1,0,0.0,0.0,3406
1069350779,1,0,0.0,0.0,3407
2309750652,1,0,1.0,0.0,3408
3048705453,1,0,0.0,0.0,3409
865197954,1,0,0.0,0.0,3410
3574120325,1,0,0.0,0.0,3411
1634516870,1,0,0.0,0.0,3412
606248839,1,0,0.0,0.0,3413
2726870921,1,0,0.0,0.0,3414
4134559124,1,0,0.0,0.0,3415
3258015629,1,0,1.0,0.0,3416
2697568142,1,0,0.0,0.0,3417
880517009,1,0,1.0,0.0,3418
3567689619,1,0,1.0,0.0,3419
2713296789,1,0,0.0,0.0,3420
257654678,1,0,0.0,0.0,3421
1068804761,1,0,0.0,0.0,3422
3465363352,1,0,1.0,0.0,3423
1604024219,1,0,0.0,0.0,3424
2596880283,1,0,1.0,0.0,3425
2357903260,1,0,0.0,0.0,3426
3565502365,1,0,0.0,0.0,3427
713408414,1,0,0.0,0.0,3428
224853921,1,0,0.0,0.0,3429
2803952283,1,0,0.0,0.0,3430
3692937127,1,0,1.0,0.0,3431
2244804520,1,0,1.0,0.0,3432
2434711470,1,0,1.0,0.0,3433
52305841,1,0,0.0,0.0,3434
3851599795,1,0,0.0,0.0,3435
2988146614,1,0,0.0,0.0,3436
2693554104,1,0,1.0,0.0,3437
729505721,1,0,0.0,0.0,3438
1925734389,1,0,1.0,0.0,3439
3593617345,1,0,1.0,0.0,3440
1576640450,1,0,0.0,0.0,3441
3373170628,1,0,0.0,0.0,3442
1384513526,1,0,1.0,0.0,3443
964214726,1,0,1.0,0.0,3444
3855073226,1,0,0.0,0.0,3445
1174044620,1,0,0.0,0.0,3446
2716475113,1,0,0.0,0.0,3447
2359283704,1,0,0.0,0.0,3448
1836335061,1,0,0.0,0.0,3449
1476928847,1,0,0.0,0.0,3450
1701158876,1,0,0.0,0.0,3451
1650802653,1,0,0.0,0.0,3452
3124314078,1,0,0.0,0.0,3453
1330295145,1,0,0.0,0.0,3454
1105444833,1,0,1.0,0.0,3455
3740147683,1,0,0.0,0.0,3456
2438152168,1,0,0.0,0.0,3457
2539634665,1,0,0.0,0.0,3458
4046725100,1,0,1.0,0.0,3459
2691129325,1,0,0.0,0.0,3460
2697307475,1,0,0.0,0.0,3461
1507737589,1,0,1.0,0.0,3462
2948636662,1,0,1.0,0.0,3463
1736278008,1,0,0.0,0.0,3464
2032634024,1,0,0.0,0.0,3465
4011778046,1,0,0.0,0.0,3466
