idnum,logistic_ensemble_regularization_factor=0.5_internal
     3800760322,0.705665664768283
      353755139,0.290756406123535
     2729656324,0.488907070928330
     2830325078,0.389076380749247
     1318838287,0.211715259442672
      946176016,0.272542570828090
      453500945,0.245900256654796
     3191791619,0.278775284416241
      839647252,0.200241158873049
     2511904795,0.219015158114963
     3333611548,0.270472748858533
     3737272353,0.250340990080321
      185188386,0.237643336833850
      573325347,0.579949915089234
     2124324901,0.235387672609898
      197165095,0.888954531344440
     1188814891,0.264912044371535
      982360109,0.283972271353688
     1910931504,0.246119520592424
      966934580,0.430683579227379
     1563967552,0.457886599207493
     3562463301,0.200607118688874
     3795304520,0.252652855211771
      421388363,0.260086052419228
     1053548620,0.208592890235737
      596918352,0.266089248980245
     3317047384,0.343274424239785
     2813616217,0.239283914137678
      892067936,0.240895316383510
     1650581602,0.380072972204655
      595230820,0.239400086227714
      271982693,0.236608554190973
     2847694951,0.921052222915868
     1811882090,0.229228286189330
      377551549,0.592317411681188
     4113883249,0.224538367479851
     4256784501,0.248860784797927
     2713296789,0.371825537584548
     1919869055,0.466839895030195
     3376365700,0.234682824949322
      456062317,0.248764631098749
     1438113939,0.303009816011619
     3993051292,0.748132336799188
     2703515805,0.211042100991851
     1398325407,0.216480972916505
     2587648164,0.341068798798357
      273670311,0.291009050766210
     1003888808,0.211549671619228
     1604305068,0.246711155075565
      686342322,0.278285622897865
      779665589,0.295524565373930
     3893919927,0.234679459464241
     3389104312,0.231926860111903
     1134182585,0.230845418994322
      627261626,0.396206219400288
     1191354555,0.696242444923483
     3524886718,0.278924048376065
     1729274049,0.903533977549220
     2221392069,0.333094400437542
     2389745864,0.247688300544103
     3485769930,0.255658616220974
     2741403852,0.362501630274565
     2746769613,0.317819107424007
     1934541010,0.637479843430994
     3035087059,0.284853621663941
      377725140,0.251263374012541
      207126743,0.268111887425489
     2444411098,0.354906171767050
     2321039579,0.579086419110394
     1908408542,0.284481358967954
     4243587295,0.241273227383215
     3824074979,0.513922952908294
     1135370468,0.277146514618599
     3872112877,0.331941632939368
      945307889,0.714235194090623
     3187415764,0.238448158056545
     2530836730,0.208422736771574
     2476228860,0.262488861040929
      326115587,0.378690739940828
      833462533,0.240691429784461
     1727209735,0.321413446893088
     1162879243,0.200606990425497
     2047435022,0.328778525858826
     2641698861,0.200654856211883
      294084880,0.200304594021349
     3877413140,0.305636811430668
     2554929200,0.257029719655271
     2803204391,0.625091878833246
     2214011194,0.244266762782576
      894198086,0.514121454604158
      705610059,0.262813401094860
     1743118669,0.226748658531617
     1125007695,0.231639353910332
     3385723619,0.762068626004243
     2252398935,0.200793724563770
     3459391835,0.275345502369098
      304669029,0.235054195400366
      390603110,0.272763462034061
     3155247463,0.247629715912801
     3379814765,0.257759463544979
     2654183790,0.280023317521462
     4060651888,0.217191272506097
      788922738,0.443547940973661
     2233672054,0.254564470705112
      537633146,0.298190447121994
     2078874347,0.273845122603307
     3638092168,0.206952198066968
       58196362,0.223553716734022
     1150966509,0.211763106854446
     3796042128,0.304507539560617
     3072508306,0.470717984769045
     3878986134,0.206952198066968
      884695447,0.251327767631206
     2726986138,0.223284525260704
     1247887771,0.219083949692887
     1732641187,0.889063197286074
     1760543142,0.258107832899665
     2428084650,0.352968018302771
      391848367,0.524365787685679
     2284863940,0.625357351524718
     2877448651,0.871019671423306
     2648768974,0.666280741252170
     3103965649,0.206734196214990
     2899255767,0.467518740562970
     2753938852,0.293743949411231
     1373077981,0.279116250533009
     3291931107,0.310109591903851
     2976760295,0.320673672868050
     3937534441,0.536998921951437
     2566373869,0.235810524788558
      153805298,0.230295523452083
     3259998708,0.511989216191006
     2570693374,0.239143488606911
     2638545403,0.700999492674754
     3669713407,0.309850209067415
     3405480451,0.377593434670460
     1470259719,0.261086791740616
      740557322,0.291769439218097
     1571799565,0.206420805639025
     3891479981,0.209401056739530
      986341913,0.342390858999152
      705159706,0.282439012155351
     1081721374,0.243862206123078
     1863241819,0.262334042353670
     2597126692,0.288043648709750
      221667877,0.320222500184479
     1914327446,0.236248294011049
      223183399,0.826054925955855
     3211469352,0.232930656158912
      241197609,0.354542066955480
     1984922154,0.410865892317435
     2576130613,0.253210134483708
     3395469881,0.237651395071142
     3402240151,0.248962473189019
     1663754816,0.200497648674366
     1271890500,0.226748658531617
     1343382088,0.648583650353296
     3033178703,0.220687132901906
      292889168,0.209481338848295
      666796625,0.251394694791902
     3016565331,0.252019710161482
     2052186708,0.381641729956272
     1490195897,0.252187218435210
     4169212504,0.304960828029715
      417350235,0.333829117838712
     1728774750,0.219900334430064
      311411296,0.211617098830392
     1287709284,0.258906986676014
     4235797096,0.208419537668991
      675529322,0.261377043995871
     1059373679,0.956406469947966
     4062413426,0.200771467939657
     1409090165,0.247340940862370
     4113760888,0.277505827031110
      369566332,0.625108129209959
     2875887722,0.227338240418108
     4098630272,0.259975233519221
     4028572289,0.247887799718507
     1352336002,0.388059818204733
      906519175,0.476339494256179
      304628365,0.398870566555708
       10216085,0.350308297929061
     1988797078,0.297657663384535
     2873991845,0.875027447084092
      437625510,0.204962988491662
     2165359274,0.235297440947861
       73499309,0.640615421075124
      453935793,0.233247728808443
      952656562,0.274928165053788
     4205724340,0.432230848436267
     2069758649,0.296847123030743
     2741191355,0.497485615344829
     3283878590,0.673783733204899
     3142525631,0.232810545222994
      523649730,0.290932661271576
     4123853512,0.205420620753281
     1685709517,0.256731594037254
     1258242766,0.247289235384827
     1070883551,0.244981639111597
     1791967981,0.332203443606944
     3400393458,0.266441367774450
     4201267955,0.247393940029460
     2118558452,0.603631599339905
     1015923445,0.235205220622705
      949631785,0.268859730177502
     3668738810,0.234007038247051
     1073349371,0.240656169514991
     2505499390,0.342379226083907
     4166579669,0.207826929125450
     3559965440,0.263952991371924
      897123075,0.239557494712948
     2681979655,0.230867300415100
     1441981193,0.828502991605129
     4106216208,0.272117809686072
     3462333912,0.211532932397241
      638078708,0.384469117387709
     2974147351,0.400492085811648
     2914370328,0.344297974944422
     1892746009,0.255579193598429
     3677799199,0.699073067918655
     1169204003,0.624464990653606
     1936007973,0.226159441293797
      806708007,0.231501089852446
     1608631094,0.373942747351639
     1696105276,0.235011593754938
     2249868093,0.259204849252975
     2222695232,0.257937408311228
     2573599555,0.281413917591893
     1429955396,0.236089884664451
     2720654149,0.261035391250759
     2580513606,0.300680896158808
      690398023,0.259951713074677
      659227466,0.220730317699622
     2955338574,0.270719757811427
     3011535696,0.366469770499894
     1160487773,0.677008346443808
      744663868,0.272767352429838
     2922939247,0.363882666077831
     1433748338,0.200487808235890
     2961039507,0.211750569014168
     3111535476,0.403977364734478
       32088949,0.200762949497181
     1426896361,0.262510599366052
      433057940,0.297176653575952
     3194807165,0.200758233094334
     1019339646,0.747488480389873
     1647534975,0.287344353402874
      858350469,0.270514119087722
     2629267607,0.791892925195239
     1027169090,0.204894028762416
     1849353105,0.270228975952120
      286638994,0.354201131194522
     2989687710,0.320625245124876
     1496245153,0.718156266386410
     2666668962,0.237875984044569
     1649050534,0.903656353185348
     4086546480,0.259043016282269
     2431878056,0.236510636478214
     1054392476,0.228074169042394
     3983721386,0.265512760835081
     3547186101,0.211543531382063
     1271940024,0.247287213497879
     2976252859,0.369467290624815
     3947971520,0.278504213493975
     3630015435,0.232764743429313
     2771690453,0.206952198066968
     3713369050,0.920440053169455
      672097245,0.780404826540494
     1828045801,0.606444380129778
     1945779026,0.257141871652316
     2213987327,0.242945662087857
     1292968960,0.290912685953533
     4157858823,0.206605227123936
      519627787,0.292560251243455
     1844839439,0.278105697421253
     4284400659,0.296599051370203
     2236015636,0.200451901127969
      483353625,0.240479197167854
     3308774428,0.725850730445285
     1376461855,0.314429078673695
      537584677,0.286506114088334
     3008103465,0.247207218773697
     3834668077,0.222072732428432
      446301236,0.398965509726876
      941974584,0.328689709712632
     1939563579,0.217994423480372
     1289569344,0.211336367522588
     4180902980,0.226808231321014
     3227673675,0.279391159406341
     1158259789,0.798514389692296
      317244499,0.237540286225704
      454796374,0.461219557332822
     2202215511,0.584995248691472
     2596816399,0.262988192953956
     3106997341,0.286506114088334
      733611111,0.429341509097237
     1067025519,0.690252494404068
     4294673526,0.226587072180613
     4185400452,0.200508438837465
     1617239679,0.665304052037031
     3374695568,0.248685703584706
     1206240403,0.256211315619418
     3201827993,0.228860972172667
     3232900250,0.280836763334188
     1428432027,0.804564219194188
     2711708833,0.315916997601438
      920454310,0.923845466380706
      571753639,0.251510853581467
     1126746995,0.215947482057500
     1667204277,0.249065211119789
      313550011,0.273021362688350
      646497471,0.233618446897198
     1315759297,0.374304313206602
     2464793805,0.235089474181652
     1308222670,0.220886828740310
     1588069587,0.477837109102299
     3661513945,0.260570788655514
       32228579,0.215938254525595
     3753092331,0.866903565040449
     1938523372,0.439911436323641
     2436539631,0.549466251618299
     1541915895,0.524406873641606
     3465635069,0.229105319564794
      662078719,0.240034093785080
     1569137927,0.301939980403705
     1092740361,0.742547134607870
     1959060749,0.268213775460335
      526099734,0.268498285829490
     1805632795,0.260306102720965
     2728165595,0.282830117491506
     2880521510,0.239951253860642
     2794472743,0.754698005007982
     3355780392,0.234574727028624
      363750706,0.254842670017382
     1938466099,0.246584156248982
     2094727390,0.233008806280469
     3575465272,0.378905918801153
      273895788,0.400542172024219
     1469015365,0.225142777467649
     1617683788,0.705127865937575
     2958140749,0.318334612984261
     1897915727,0.244229734907968
     1939383633,0.227433361260436
     2697307475,0.236297113295421
     1368417620,0.258634370363388
     1803011641,0.286771346423848
     2568684888,0.227455046966263
     1154467164,0.448623449259046
     3971409246,0.251300589470688
     3764143455,0.261043562220569
     1731183970,0.313530812398358
     3410019693,0.546534058143685
     2200094066,0.273556812656867
     1236739443,0.750154641544770
      835233154,0.257755187827172
     1629496711,0.264348199211983
     2325005705,0.496203611151560
     1799652746,0.258870799208373
     3211797899,0.915648433954188
     3082794562,0.245356656761604
      138167699,0.232447846775179
     1489954197,0.232505028141147
     1476494742,0.254520333584959
     1142482327,0.265851289810141
     2037712283,0.226554197303118
     4072318365,0.232286410517944
     3115345311,0.215850040143207
     1460618660,0.711286823822311
     1297860013,0.274849146670546
      272904435,0.255746722439621
      635291084,0.244174993757418
     1800046030,0.206612937227824
      558360016,0.366362328800661
     2459084241,0.511264769978484
     3968607702,0.222063573420666
     2083562968,0.260513781094659
      953476577,0.299860770428426
      897680871,0.247910995954058
     1763665395,0.282446355579696
     2126898676,0.228486793854553
     3647849976,0.211347553672927
     4021978617,0.232387020760428
     2058618366,0.518903630020004
      662488577,0.339206446444095
     3080914437,0.206747982270757
     3734898185,0.311657027022152
      913548811,0.206952198066968
     4266337807,0.563285676935188
      853501460,0.257434394498236
      805750294,0.230561368705401
     3027027480,0.326249048140238
      435725854,0.367729265173852
     2100676127,0.225535859266909
     3802498599,0.312850527191458
     3007915564,0.211688863811529
     1234429485,0.284770098594416
      535884040,0.783592498900071
     2161788471,0.265393179398604
     2511439416,0.297224765262188
     1698022969,0.242147116034689
     4086146619,0.319908131229858
      842294845,0.317124474710834
     4168803909,0.218002810693542
     1994379532,0.551119695902163
     3302123087,0.600689942624061
       10454613,0.368756958450214
     3393062486,0.242593686929407
     3799115353,0.280158372567226
     3531949659,0.200381837469961
     2840495709,0.372346143984642
     1122002527,0.242238014503599
     2800633460,0.872916786878578
      396691063,0.265794534168329
     1615472252,0.204894028762416
     2444273279,0.254210897507322
     1872873092,0.305146487081071
     3535808133,0.211768250253896
     2440177287,0.251557492912251
      432072329,0.216685508054742
      449480333,0.211513832050429
     2484930196,0.254677431409149
        3666201,0.271927799886855
       12830381,0.282640928806762
      512681658,0.225117391951025
     2549458627,0.256790917903520
     2602469060,0.346158050351001
      955357542,0.361971094981460
     3120219847,0.200756762411090
     4282705615,0.371871918285305
     2077591249,0.280097871163585
      339741137,0.204847975264395
     2626951163,0.297593506085256
     3723120933,0.267431766435337
      534554350,0.218151272080897
     3183331061,0.287954692442156
      801151677,0.703215082226982
       54322946,0.302900232151836
     3614328581,0.230764463542668
     2623170318,0.308057930593829
     1308763924,0.247490184535079
     2536572694,0.200607590407324
     3372730136,0.433427602367713
     2548852512,0.296484457228642
     1813563172,0.928889304678831
     1464133416,0.252486665539953
     3378226997,0.403683536700390
     4239607614,0.328250649684374
     1143826247,0.226105974328264
     3776816971,0.608514813412412
     2423061474,0.245709034102078
      512280408,0.239627407022691
     1043089241,0.295446507838399
     3775596378,0.272972388388557
     3665520476,0.280937534867995
     3474933600,0.212582869033940
     4031072098,0.278678078550879
      444450661,0.301016530861235
      849774440,0.239046981280363
     1433962346,0.377450325463450
     1952794477,0.275758951437281
     2995955573,0.269565913920572
     1704225769,0.200645858840249
     2470291321,0.554375357726106
     3565143937,0.323493712397801
      552560514,0.219865929131419
     2815600518,0.227539829012497
     4290324359,0.231449614745808
     2880883692,0.350380208927614
      472389271,0.206952198066968
      284764044,0.827165381742709
     3582994324,0.206952198066968
     2626771950,0.616415363122638
     3688818588,0.575142871177082
     1759545245,0.252808577786352
     4072204192,0.200350379103712
     3409389475,0.221469782754968
     2691467177,0.397661437434301
      730261418,0.742038174046825
     3902744498,0.268269836409478
     3375097779,0.354463608227599
       54159288,0.249264196339261
     3593717691,0.945643514445519
     2302737397,0.234662197864145
     3393409355,0.248300882924409
     1072588745,0.378503201431926
      865208268,0.677319034939697
     2184102221,0.323634771053501
     4266641366,0.206952198066968
     2923874264,0.230934732963165
     3872409566,0.430118196313632
       14444511,0.200553473635232
     1813981160,0.219983513793369
     2119559147,0.269738976353105
     3165702128,0.276295597272622
     1394616307,0.301020836938320
     2930903030,0.216401154610922
     3797428218,0.257817831921169
      391486463,0.264640342174761
     3717400577,0.468502543754073
     3536439299,0.884024038490875
     1426753545,0.264226462867457
     1919813642,0.252712898606377
      598886413,0.264363398183192
     2523490319,0.273366319865699
      104974358,0.427110112932618
     2680932378,0.204886005562721
     3821144119,0.391217149459808
     3657566264,0.211481669744772
     3942852667,0.417617697110428
      215066694,0.911292656568440
     3171109900,0.228109802658785
      185988792,0.687635851518658
      888719444,0.473561167441950
     3661016430,0.382876029796623
     3698378842,0.505749897465437
     1485326427,0.273642029971244
     4060702813,0.264360790117801
      722061407,0.586198530895114
     3024685155,0.237995108729682
     3530762340,0.318117126463087
     3716821350,0.235375175452491
     1778878570,0.451717453858854
     2934818931,0.529965714399884
     3277588603,0.366815438730716
     1272088704,0.311854550625896
      119572611,0.240961400971566
      315926660,0.294294223064805
     2581653639,0.398295269789593
     3799238793,0.875481714248511
      786253963,0.860230644080070
     1143785614,0.257295969825080
     2067851411,0.211564778593941
     2402835482,0.300759214445720
     2344855714,0.385188760800752
     2032634024,0.218777222319786
     3504388530,0.302392256980875
     1406576822,0.211643308111223
     2790394039,0.292748024689914
     3213093054,0.288313963203320
      283691199,0.313843615072949
      994404544,0.286238530531036
       14813380,0.365107100229191
     2711246540,0.210632598580192
      177470199,0.253015300510376
      724060372,0.200650112154503
     1323002069,0.239992004321122
      146589912,0.272944161404617
      892250330,0.454451487735454
      550209759,0.245500769141333
     2734393568,0.414717141459777
     2031331565,0.390683231567767
     3237611768,0.229252063214204
     2729109755,0.793684010864360
      561490172,0.338784303345760
      710658324,0.650782988696409
      362989846,0.628960164934033
     2556455193,0.242572698651471
     1867671834,0.200273543332151
     3609626909,0.431805463062167
     3781830943,0.216768199411763
      465324329,0.327345598057317
     2973804842,0.851857267453385
     3022424368,0.219236524107919
      121407795,0.284049421405339
     2932574516,0.738256728950119
      784951605,0.272242876070572
     3579980088,0.311848613549694
     3384019258,0.217051911821482
     1624413919,0.234932315765123
     2881947964,0.208170890736371
     1635494206,0.475516433987201
     1679182144,0.206952198066968
     2828519747,0.246764630931323
     2902034762,0.268235367043004
     1438673227,0.235810524788558
     4218906960,0.220158109276350
     2082318676,0.240465400186094
      710502743,0.246449325642770
      376809818,0.220763261128683
      543017310,0.232482731680319
      699418984,0.268091928930555
     4010740074,0.723935770218106
      485509484,0.271823760145128
      793872755,0.229525213651577
     2659576180,0.416810026833281
      125806967,0.374496630634194
     1293221082,0.277063649894625
      562694526,0.230044609661083
      227821952,0.293118231727578
     1774100886,0.306515673471257
     4188449159,0.273860714090644
     3712313737,0.248026285121094
      128166283,0.629783257523065
     1581525388,0.311933812341380
     2406443405,0.231026626872291
     2430035694,0.235111398943803
     3661605270,0.234156181502779
      671066522,0.219669932597977
      366201244,0.514769164604919
     4108421541,0.262688232400617
      863701417,0.258835031123184
     1941146030,0.226139830745054
     1581997128,0.258480303294089
     4113836467,0.311854550625896
     2659667017,0.231087772134660
     1574094581,0.743003642900271
     2292255175,0.242158809288998
     3688663497,0.214254389826891
     1724574161,0.589493097122131
       41839058,0.267353156267797
     1945078227,0.243681360544751
      551700951,0.351949281273835
     2140367323,0.334773661668273
     3855157726,0.239191832323186
     2536016354,0.564385687741920
      822921699,0.254814410470239
     3981625830,0.277544959165533
     1644022252,0.267097695397145
     1967294964,0.295823059114974
      907995638,0.709519324704592
     3771247314,0.233888330702060
     1619470841,0.314536022613979
      910289404,0.268602666824970
      298740821,0.562244741180937
     1480362498,0.265142040917883
      174795272,0.274307595089278
     2367269385,0.339993405615490
     3204377106,0.224318088778385
     2129357338,0.206952198066968
     3421776413,0.211391541113162
     2116913700,0.260315084207344
      871664165,0.258596409876475
      495856172,0.218140401761230
      900909613,0.683528632193397
      277219886,0.863469719281046
      139594293,0.579202936736484
     1480124983,0.290187476980331
     1905125954,0.273650025192145
     3671812676,0.816696664707475
     3897887302,0.238595786798090
     1701030471,0.208467149844615
     1605741128,0.609219531053184
      871524956,0.376946306078870
      262695517,0.213065182606899
      775948897,0.230049940340071
     3589671529,0.293754200249941
     4152535659,0.244669793634682
     1094199917,0.211627651967141
     3500518001,0.235956167909459
      506466751,0.200338812757161
     2176248451,0.249129073444489
       57895567,0.531238355699877
     3907627668,0.385283053700496
     1068804761,0.447920417824791
     2803952283,0.248676343969373
     3582446236,0.200599884364712
     1472531102,0.455244283959851
        3762856,0.483465675785447
     3554809628,0.428126667380579
     3251055280,0.233275581070379
      710347441,0.536530898937230
     2717665971,0.621191238146755
     4112337591,0.237659496824057
      851544763,0.292978037231188
     1629162174,0.235123293560759
     4272745155,0.240569826842230
     2183219908,0.583701387450653
     3976252102,0.211120865686724
     1572162249,0.306432207819189
      608275154,0.361048144058500
      689908435,0.682118920380711
     3760893049,0.525460623177336
      831744733,0.537620589882039
      913926878,0.206952198066968
      401894115,0.263235117542595
     3706702972,0.313646715433645
     3952937710,0.282129548052798
      770288372,0.447729315552188
      155749111,0.258547961643179
     2104760106,0.288247718247616
       71240446,0.245701073445603
     2660068095,0.755843837419049
     3704515339,0.230595590847014
     2036861708,0.535766417774799
     3409201936,0.206120274991074
     3746597652,0.211677189104125
     1135405846,0.386081411625008
     2917649183,0.792822557133261
     3888565025,0.553660711002849
     2850515750,0.433555904395410
      584723240,0.245992081861358
      199543593,0.322408060005239
     2147815901,0.200775156049942
     1192790833,0.200709843800315
      894405427,0.235103605597839
     1425926964,0.825903949562362
      922536762,0.214815393743111
      193628988,0.226473747697028
     1309797181,0.377614798618286
      405179198,0.274322452387969
     1831422783,0.209493716375310
     2431150913,0.385979035334153
      233278274,0.230451202313105
      189960673,0.200717102290326
      128699208,0.236257409096046
     2056899406,0.453575110469936
     1608510287,0.668800190648370
     4277267286,0.206952198066968
     2374896473,0.249807838090389
     1885207695,0.283443269104552
     1898064737,0.237281649318764
     3421047650,0.260224768307176
      438504297,0.211635568026701
       38529900,0.262515573728408
      412396401,0.306270524801081
     3241708403,0.272385665792113
     3544271743,0.277499487939279
     4134914945,0.232026520750252
       15666050,0.278286582446074
     1866476419,0.257790011090903
      470264709,0.331386329403038
     3504622477,0.226728176548688
     2416569231,0.200641635345981
     2304674709,0.293312167319787
     3867257754,0.658085483955363
     2081278875,0.211563711406265
      131722143,0.200721589119948
     2646150048,0.689774471392713
      597789611,0.200069253364224
     3596815284,0.244044491083383
     3759631297,0.630018524784187
     4083223490,0.239255360812156
      635537227,0.234698762004545
     1437936582,0.227894598355865
     3839658957,0.623268438838951
      922490701,0.278605322482717
      151276515,0.559352609536915
     4173835236,0.368697724985262
      435866601,0.227536967489420
     2906852332,0.270531843587882
      941501424,0.210044762078723
     4034210806,0.216685011239039
     3785534455,0.852663359720326
     3905473528,0.232163844465471
     1214999547,0.200654744695928
     3314961405,0.200495123552112
     2168327170,0.340460722408750
      812100611,0.721684338756553
     3298692104,0.502666678487912
      446540812,0.279548481198111
     3421907983,0.290193691180317
     2074416984,0.335126786550264
     1466372611,0.548251262086918
      812198935,0.403928629627013
     1547700058,0.311818656522978
      892800032,0.295861957540003
     1859578915,0.211346886899551
     3276610737,0.240594005955156
     1464842076,0.341616310908017
     1732070447,0.438055408996417
      422128692,0.537652899690605
      136563772,0.894090041945468
      214707270,0.317424538234106
     3724069959,0.315325371082259
      964193353,0.240048242685540
      225113954,0.444234309726370
      724896846,0.248172428847304
       27472397,0.616096396175735
     2132896853,0.211681077741727
      186731606,0.216942352346893
     3139345593,0.235407863410157
     4113091686,0.275668154893315
      890483217,0.255777903449572
     1281133672,0.237540286225704
     1916316778,0.275295768254186
     3866823789,0.211675831625409
      637979759,0.288462754813932
     1547750521,0.534857754948857
     4221947002,0.281361490303308
      657779836,0.376836812253664
     1309641855,0.747484753058323
     1543539840,0.261928250206355
       57560196,0.221917974732400
     2315750533,0.529953471869522
      315616399,0.658555821502287
     1237707923,0.233075872465508
      546335892,0.236972356034485
     2667998362,0.231640132886365
     2619206821,0.265142438181031
     2886823078,0.369170545518388
     1808840561,0.247753369533695
     4289817784,0.330942809976641
     4067798202,0.250339691276171
      676539582,0.218063703579216
      158222197,0.322758499345635
     3189394625,0.365315668897213
     2490846405,0.211726930553509
     4207217864,0.568401743859205
      619728073,0.331757121689925
     3415207115,0.252691198772532
     2792025292,0.651290574693631
     2746559694,0.588548668717799
     1234980050,0.224631088452269
     1197239508,0.466148655654486
     4166159578,0.257020609117795
     1087081695,0.232361755699924
     1501711584,0.248387574500493
     1956637930,0.282605575706797
     3450391790,0.947904954385338
      326528240,0.200709843800315
     1806167282,0.249690795588117
     1270320376,0.728966355350800
     2680032505,0.372762347397804
     1575709954,0.587519035404543
     2510011606,0.370038142900336
     1984441612,0.243235879181116
       81603853,0.292161206355009
     1198722318,0.851636612129561
     2845256258,0.282629545295372
     1400704277,0.261840406778038
     4057451798,0.463651185851605
     1084009755,0.312429977669698
     1612639517,0.556068541922387
     3119066405,0.248269029950875
     1129975088,0.217367707473972
      218664243,0.315435954119551
     1627884852,0.211458703872094
     4203793720,0.583526171861252
     2948992316,0.269359059366309
     3646262592,0.399855337916878
      340897089,0.331870215807327
      963325255,0.607353319700289
     3003100489,0.595039067820584
     1736035661,0.376118489042052
     3819482455,0.516665044118707
     3509464412,0.211280651023747
     3729493345,0.505797128551224
     1808911717,0.682992819758157
     4136856940,0.266400931692585
     3306630510,0.294928821872938
      876080497,0.209493716375310
     3045444979,0.248224119839037
     3877088629,0.713205665518266
     4112346491,0.305428796237410
     2275192200,0.200703628733164
     3115961744,0.208818999191066
     1121602963,0.216736658123378
      554233248,0.307566579697427
     3111587242,0.377175688838969
     2801913261,0.326826812302318
     2292977070,0.297146008740405
       95774621,0.670470013481977
     4023700917,0.237540286225704
     1294380470,0.256170515303758
     2861403575,0.274224217130273
      714436037,0.628695570716425
     1963837347,0.252540588498309
       52301276,0.261924187879594
     3370348001,0.248678772666170
      521080290,0.243904905643652
      157732323,0.449769643667005
     1092218350,0.204595713966294
     2427375089,0.305475317616070
     2573356539,0.310267263569091
      438541117,0.274332119876921
     2317192710,0.241807881027609
     2467114242,0.291770061902651
     3432402448,0.206952198066968
     2612645396,0.263877314085888
     1666158101,0.210760914852671
     1128051289,0.267371806701855
     3023048216,0.241467620261410
     3574722077,0.746186202226678
       42935543,0.403222656507240
      433974817,0.270748600625394
     3187461675,0.227821894362038
     2567114284,0.267604152796604
     3165597234,0.237564658509622
     1591840307,0.249653883763228
     4294270217,0.274635331445086
       61279800,0.268441717111567
     3316633147,0.234738338052067
     4027829823,0.204962349652477
     2937826883,0.230024412869803
     3746065989,0.262815320778288
     2434666055,0.206952198066968
      124726856,0.340851365943673
      441200201,0.234568346368574
     1484713229,0.686560011064379
     1615064656,0.295403287168832
     3111947859,0.230763010769741
       80662100,0.250641834645431
      182988375,0.260162220523005
     1341727332,0.249487395146294
     2110109626,0.246614077255837
     1174163042,0.219091346524951
     3160174180,0.555589703196723
     3273059941,0.696463943519753
     1939639911,0.302548200170334
     3061108330,0.862064344422866
      534703725,0.310293650027154
      390794866,0.473525404259352
     1566551667,0.563548497997461
      117821048,0.269293894640161
     3788000892,0.695742194728984
     4167003777,0.236729698780442
     3781652098,0.340219353263437
     2503822984,0.453101259541018
      267021979,0.211407637202697
     1787417200,0.211656491097883
       46861991,0.351832427240656
     2308848817,0.223321408560948
      372616876,0.251395942219731
     1634043849,0.370902498295593
     2777108152,0.206952198066968
     1094151866,0.211718453092261
     2952851131,0.238704919064915
     4116467389,0.695478810549618
     2554299873,0.549605099645095
     1015049924,0.233113995226117
      568225478,0.220749847712467
        1257163,0.223060153402375
     3766718161,0.415324156888956
     1131998935,0.312960111908545
     3779145439,0.266803224340659
      158502627,0.277738099302032
     1257934569,0.243485794380681
     3527479018,0.250896733421793
     4253662503,0.236370785495708
     1742016237,0.355287000074047
     2835645053,0.206952198066968
     1270771444,0.338054639811210
     1285533434,0.302960400842917
     3594702588,0.486405417541099
      569716486,0.348065661215421
     3493744392,0.300126918655105
     1118646028,0.259399539792840
     1755041549,0.211481440548616
     3811110673,0.214010880372679
     3559935768,0.927979817869994
     1856163611,0.231593762822428
      470564430,0.284816875985087
     2494672673,0.902173252447467
     3280760610,0.279214922195807
     2871398184,0.462230489700886
     2059693868,0.207431191052457
     2002825005,0.264999052999022
     1821355823,0.206801767977425
     2754340045,0.473278762639506
     1563422519,0.206952198066968
     4184403768,0.219098209068735
     2891705652,0.264667756258714
     1947537211,0.240616003507303
     2326703934,0.200804824963204
     4131991365,0.647426679769418
     1520840518,0.916164211374615
     1466478409,0.327589092220198
     1088122699,0.298170252856352
     1625018191,0.216125578359459
     3360501585,0.302965191349046
      977096533,0.532478953612030
      891039579,0.288815564930733
     2575724380,0.435155524400321
     2424926057,0.303835570193773
     3913175832,0.253827247963205
     1306963824,0.951928635686755
      333893490,0.257759463544979
     2842627955,0.880650033438101
     2790084474,0.312534335595432
     3598651262,0.206952198066968
     3701772160,0.260854574541540
     2219446146,0.522287313310091
      872843243,0.685890744686138
     1111143713,0.424229334471759
     3528822674,0.355143904368129
      386305939,0.369402089557520
     3936325532,0.211136787761027
     1404981150,0.739126542815794
     1193187313,0.376929662219990
       20688811,0.232278428147734
     2853515181,0.291999507836801
     3113996209,0.216526602258340
     1660064414,0.326880893000375
     1890627511,0.204848171101957
     2260168632,0.236603839330910
     1434742717,0.845087867761083
     3640913861,0.656632894229087
     1497722098,0.205057177107138
     1845333964,0.259576089290814
      225832912,0.350166032415050
       73166801,0.674867606134967
      797700051,0.287191328175089
     3357044693,0.250537552297347
      888716623,0.376284694087181
     2629504988,0.235810146651193
     2833321952,0.246329169915325
     1710721019,0.700415195486029
     3111604202,0.333034314883484
     2572185579,0.221917974732400
     2221617133,0.320791495628341
     1065373685,0.246558982113460
     2359283704,0.230458866604535
     1002508282,0.232868253695986
     2144358400,0.500314262406173
     4059254786,0.230946993585816
     2151395332,0.493289402199747
     1771663369,0.358960113244677
     1644675757,0.239119919761384
     2880106515,0.493632688565981
     3645190166,0.235942062397856
     2797146136,0.325842583948507
     1003261977,0.231986911472065
     4010594330,0.311467538875031
      599339043,0.335531795777891
      419508265,0.261812666145179
     2960835250,0.403865611709425
     3216420911,0.455990716859317
      785199153,0.293766619617175
     3114435252,0.211536118907054
     1968173115,0.237744699302036
      368218175,0.210896628653637
      570683458,0.253356368072158
     1182511172,0.481274041404626
     2836033610,0.288969738694123
     3658068043,0.226879345941410
     1667321933,0.634488756557390
     1891242075,0.231567228442855
      513757280,0.237558319100144
     1141059689,0.225107735393355
     4061130858,0.226039645793088
     3817222253,0.257025350589860
     4210077806,0.262275688008109
      801247343,0.563208409794026
     1404883058,0.274388430487150
     2602663273,0.373430455336441
     1048768634,0.231199234288473
     2657046652,0.301332551588014
     3864252545,0.365781775583034
     2237673603,0.890948548383549
     2421854341,0.453836609924268
      136507530,0.567405727218154
      924930627,0.255619480345961
      651522193,0.638184014541779
     2166853780,0.327577881348483
     2702725269,0.211627005389798
     4151390359,0.238188476620070
     2986135709,0.869390128169911
     1758154911,0.904816783353706
     2516537511,0.307220528480875
     3086430378,0.404834130523726
     1435692403,0.234376815106491
     3685699764,0.220833340057725
     2678173878,0.350671384277778
     2225983673,0.231209076892961
     1639616705,0.233814266552463
     2313941188,0.218151272080897
     2584465614,0.725419596218822
     1085755604,0.245178609332302
     2336269006,0.204674718711845
     1392865495,0.243173721279398
      204878041,0.223149175789086
     2208863950,0.495959815103632
      411234533,0.282263235177949
     3142389990,0.249044129185916
     2562715879,0.332756191309938
     1832407275,0.295348511638463
       51712238,0.232657060754053
     3871650035,0.439194573771855
     2483400949,0.483969754267511
       60575993,0.234034990209434
     2130260220,0.812547413666864
     3350425853,0.621299136759182
     2476863742,0.349334844111670
     1659875587,0.253226561305044
     3855200517,0.907059427312458
     1547096328,0.320048539987137
     2777682188,0.200515585400798
      742314262,0.244911598286173
      798781721,0.237282541494592
     2888331548,0.309481664906866
     4292202783,0.221113911532976
     2007396645,0.319907366096767
      326324523,0.200588356272174
     1881395523,0.235375849825022
     1117376840,0.296309799167078
     3651252553,0.219470580882597
     3995873611,0.245707431429513
     4240494925,0.253805237579044
     2956833103,0.245976357881896
     1540526416,0.214257623496896
     1310118228,0.239268002583672
       18403675,0.455080541906697
     3357978977,0.248548269739335
       48025958,0.252861245061873
     1330295145,0.281846112901105
     3185160556,0.809149794300579
     1735913840,0.234679801807662
     2328408434,0.246711657883339
     2424140147,0.403836204767729
      604664181,0.298073888097037
     1622684023,0.264055714556805
     4134559124,0.232284263113253
     1571344767,0.244465158577362
     1945629056,0.255123306474858
     2355196302,0.239536860522869
     2244055444,0.578679143947931
      502436245,0.415507932515458
     1502884246,0.247563007130211
     3126899100,0.200732916079109
     3530199455,0.231305478993041
     2656756466,0.211480976157741
     4075598256,0.271021962019659
     3791221174,0.692433748297206
     3342668217,0.676374739992143
      519926207,0.219921736166463
     2989142466,0.347829820874917
     3548320198,0.249961083876156
     1564103114,0.423245910005138
     2135077325,0.411924780229524
      474837456,0.247682106344174
     1093013972,0.222229834776765
     3503854040,0.213471525636646
     3165442525,0.575616191290347
     2289595681,0.225728194621176
     1256182240,0.217982233742870
     1905316321,0.263960595800855
       87519714,0.328869167298884
     1686114793,0.200322659055148
     3822293485,0.296511064096768
     3408679406,0.852274722970102
     2990330352,0.882940810404207
     3120738802,0.333751166918756
     2122168404,0.888000340728066
     3520115198,0.569203697856551
     4113224195,0.229240433789253
     2837329513,0.324859559328063
     2350354953,0.277205989694828
     2571596299,0.228203035448297
     1198436877,0.260728558952391
      473862671,0.277723401986512
     1672737297,0.278108494900858
     3980784151,0.673807636778047
     3613018202,0.215974720297726
      697963049,0.212846342074036
      280945415,0.200649786993655
      476525107,0.242513005933926
     1443332873,0.546186488481476
     4168364602,0.219654882266377
     2441351741,0.809234897825655
      819589694,0.317365412638040
     2476257859,0.284283245523724
     2640457142,0.368345447251123
     3536450118,0.239059852248721
      606532167,0.391457896471573
      906285644,0.214111184039866
      336466512,0.225986597407911
     1352815192,0.254353880941346
     3814961753,0.461959733810108
     2478674523,0.239418940289072
     2007282268,0.357708193355589
     2584023645,0.513176942886758
      237580894,0.298452471735316
     1269019240,0.366691566080246
       28562031,0.263076747045127
     2931069552,0.225761294860630
     2379077800,0.200804168772153
     1444024960,0.360374577191682
      936596102,0.255267723452027
      586519180,0.230377504771309
     1301975697,0.435902081259774
     1730433688,0.613433439581224
     2970555038,0.238685436720062
     3498168993,0.543155492942315
     2911457959,0.571048837546434
     2402292397,0.200554938035491
     1438274224,0.363260972117372
     1777947317,0.644200369236189
     2084278972,0.835697252537435
     1421005503,0.309618229400378
     1494217410,0.784958050488708
      565949124,0.248547736661454
      175198917,0.271894644188963
      583611083,0.920471322379572
     3384578765,0.669339326772382
     1782723279,0.275864019785593
     2097738457,0.200659661306832
     2389824220,0.260036009159362
     3222165626,0.284670978749728
     2592420575,0.324722786110526
     1239435542,0.206682229643251
     3518264036,0.430395630190320
     2382885606,0.233315109718726
     1022186216,0.233985128966374
     2053690102,0.256733575915601
     2249691904,0.211783428457862
     3469480706,0.300398471677543
     3021493001,0.212741600780278
     1991938829,0.219881421045734
     3229520661,0.572514246918053
     2101334808,0.725101903038218
     3217699612,0.335466200838410
      849261353,0.258821485760569
     1292038956,0.542048267034656
       13579059,0.295988666110662
     1078121284,0.211447416563961
     1937757001,0.209406038779049
     1091227106,0.521567805331973
      753881937,0.266422071455102
      944763734,0.345671848554294
     2388218712,0.379532111118772
      892212061,0.362030442184073
     3296187235,0.274641288863329
     3507802980,0.290978741535977
     1602499431,0.403139546964713
     2056270699,0.325174206002935
     3042571116,0.291176153965714
     3374379886,0.232552256456073
      591328112,0.680846328053672
     2915136374,0.783109831406378
     2790757250,0.273325829418709
       39662473,0.219933340601298
      544502666,0.246446586387299
     1496134540,0.238170222477297
      571839380,0.761529561069263
     2996056988,0.296332314798757
     3896652702,0.208533771573702
     3542741923,0.271854048062565
      860074920,0.206952198066968
     1561932719,0.200598387381890
     3095622577,0.539967557672293
     3227046837,0.239428095211765
     2251035578,0.243680239259585
     4062335936,0.262148262092362
     2522682305,0.542148335739853
     1705530308,0.265441827475334
     3696571334,0.597774535865370
     3501863883,0.276655004509645
      511906768,0.395408022905916
     4206736337,0.281660795821005
     3969135570,0.217460927987268
     1240241112,0.326199368935255
     4051833820,0.240083855157312
     2006040353,0.219294686682087
     2687480803,0.424912689631953
     1732637669,0.224760998450498
     3558003689,0.213427678968816
      135869424,0.223675923782925
      197093544,0.230364255898727
     1333195762,0.372815399519632
      322589684,0.471213356280913
     1037939704,0.279646035159050
     1912189950,0.257783294487053
     4116632580,0.288390686963438
     1874916359,0.200801701123635
     3824833561,0.334448448124347
      927241245,0.858487339877769
      944157726,0.306342353600289
     1116599329,0.348479264729675
     1270992390,0.874085158613096
     3718927404,0.708539191455968
     4197446704,0.270539617813972
     3852096562,0.292839273559676
     1758966843,0.754413038058920
     2334716998,0.630398435373520
     3778204746,0.285987902329474
     1305760850,0.255164008090707
      244462675,0.598627980441922
     1919152996,0.200669992649993
      943707226,0.379072825082884
     2043376732,0.566840782075371
     4017534046,0.200487808235890
     2154708496,0.303006737408719
     2684771858,0.346349563619018
     2906420334,0.235276836234672
     4197151858,0.355765352326687
     3085964404,0.657926350163799
     2377872506,0.505393009920253
     1548748991,0.280604756321603
     3040318592,0.235336574544870
     3423802502,0.328249501195425
     1524790409,0.269229523205605
     1376646283,0.224895018133111
     3675509902,0.515969973840771
      865973392,0.916330233296094
     1120441496,0.364951632407524
     4151208132,0.835314920469504
      932664477,0.249129271797593
     3507590304,0.957024009177808
      384586913,0.216944122274119
     1546777764,0.473737133726189
     4211618984,0.747028382135941
     2979116205,0.277958731071990
      392377518,0.243553147477897
     4050719921,0.551228211524950
     1360598195,0.510472135847513
     4216542392,0.200507564256989
     2137593022,0.200446586444804
      256070847,0.247735486219839
     1673548992,0.362808668325999
     2848232641,0.245704683788507
     1465881794,0.350842231262286
     1740027076,0.240691429784461
     1355830470,0.721516128936069
     1706497234,0.289400694561067
     1679398101,0.421944170935968
     4025644250,0.226006957791580
      321967324,0.506540318443098
     1379431645,0.204785645522662
      358642912,0.215053546251672
     4029453550,0.245219626650757
     2136347889,0.392248043115708
     3048527090,0.244041939443443
     1077458166,0.229264865510991
     2152346877,0.491205091136135
     3623908612,0.289169528268631
      705066247,0.232754525964838
      873911567,0.490142105517214
     2242966804,0.506582991029144
     3933263128,0.252197160909310
     3587429660,0.209024549366778
     1051260193,0.240273929195965
      183359707,0.242139705490626
     3109672237,0.344819294415655
      468416893,0.513548860726895
     1082086708,0.221390602058887
      947148085,0.278812543122236
     3069891465,0.310047771298470
     4263990585,0.257806943819544
     1236740319,0.261357129047889
     1853191050,0.235239959080375
     1498838336,0.266517671613098
     3678401862,0.323849574622149
     2492675400,0.397380023652778
     2919210693,0.267707946637906
     1341625680,0.584364324567218
     2119570771,0.239209030041607
     1559860566,0.612387515767739
     2306061655,0.276529720906201
     2981311836,0.270992618185541
     3304576351,0.236009225791859
     1610184032,0.232932163876279
      783765051,0.303557985646610
      501962084,0.345111468597616
     3090437477,0.259943064863723
     2208191846,0.211576721675577
     3979113834,0.439501476961727
     4272829805,0.282004090395301
     1171027314,0.311443718539221
      156964214,0.392646537300598
      588242317,0.369042858413087
      622466425,0.212763122847710
      173299067,0.903824844702000
     1156633980,0.215379404295239
      696685957,0.285353191352414
     2598065556,0.279697194271770
     3557094808,0.234062531764802
     1580438941,0.228875070161185
       84317600,0.277147510656339
     2855671201,0.869682174244121
      242955686,0.261791194373787
      738039210,0.200681082543656
     1651219599,0.265998553868159
     1239109318,0.247364395317584
     3485953609,0.230846418939387
     3742897593,0.200749859177191
      981652924,0.895584127338802
      335181247,0.212797999206605
     2883999170,0.245526313877139
     3567990215,0.878412755475293
      739218891,0.211713783137326
      171775437,0.262514434283592
      466367952,0.554875271663191
     3863713234,0.262191455777343
      314179150,0.211607132239883
     3422180824,0.335914659779089
      351587919,0.372122966156537
     4115720443,0.640100243590866
     2582709158,0.205404590125135
     3290822121,0.240453306172729
     1966446059,0.310965971710330
     3746575853,0.255487305254339
     1158059503,0.289398634201697
     2937419248,0.228899014842548
      132953585,0.769251764490256
     3343150373,0.260482476605181
     2682582518,0.200542876708186
     3008132600,0.623943263918512
     2487299384,0.230189401988964
     2009945606,0.371257817522268
     1071396361,0.242868123036019
     1720399375,0.644542397032171
      821933587,0.269645167797707
     3058402847,0.214494535170645
     1886295579,0.290702654515545
     1795282466,0.507512541242771
     2374923813,0.310278568374761
     3849475626,0.218752425277330
     3247797804,0.252747305930342
     1212634670,0.463549421758803
     1789539889,0.412394765196327
     1971115572,0.390075507274223
      582489655,0.206273015764143
     2645702202,0.377169397077116
     3234780736,0.209492183559999
     4243338818,0.232925900363267
       91739717,0.224129228092639
     3588904522,0.266410029332020
     2483377740,0.479194088041347
     2236601934,0.215609489719798
     3094918738,0.217368291787810
     2176816726,0.206952198066968
      525997655,0.397871513813695
     3880154712,0.264465374207955
      261510752,0.292117785003514
     3435443813,0.211384011892502
     4198307433,0.289932848133458
     2388883054,0.777300162134561
      185407090,0.698319611318101
      617879162,0.221543686191069
     2118084886,0.274337492852374
     3478886022,0.489461988183690
     3402217097,0.764005918853993
     3218437773,0.329926302552989
     3883677327,0.316907807393605
      941771033,0.679622550444353
     4180530846,0.777351439075741
     1275393695,0.265079234434722
     1332237991,0.840408474898021
     1638313586,0.247751783773105
      295515825,0.269795010743082
     3874215604,0.287341325508091
     3933861560,0.661947557014345
     4208424633,0.402126787136823
     3960059590,0.239519859712662
     3158144716,0.359071208506072
     2527024846,0.434870374846517
     1205966543,0.286003924633662
     3253046904,0.256021152334769
      611202773,0.448069071018052
     3298506462,0.223766374716522
     3274798815,0.270247535202427
     2381166311,0.210164240096903
     1200830187,0.238170049033339
     1518423631,0.523716228792772
      602085114,0.554606212008073
     3883054843,0.945531179751292
     2494748414,0.778217014400968
     4201297666,0.307511907910500
     3657103121,0.219484966958502
     4285110044,0.298630363188510
     3899905824,0.359846965955806
     3661641508,0.239258672520822
      720672552,0.204847975264395
     4143560490,0.203634581294242
     1881110329,0.330297053400706
     1657820987,0.237118347597287
     2759186237,0.235147120229824
     3806140231,0.249305104838259
      313775948,0.225392326543594
     3561609037,0.246030526892734
       32388948,0.225172439849308
     2497869653,0.259328596748082
     3418183512,0.301469185589083
     2709034841,0.200516026483013
     2191300442,0.398439121732578
     2011993948,0.263615758435698
     1637365598,0.200562384388337
     1582536544,0.308358334709828
     2310846305,0.225070057137226
     1679660898,0.271337406821539
     1211938659,0.271554022031925
     1638676327,0.603196295359333
     1300567917,0.235315758974435
     4172461937,0.587658103815417
     1739863923,0.451834243471033
     1528485753,0.257147849222341
     3381188479,0.668113139299137
      288397188,0.690735821955855
     2030794629,0.290907238325628
     1491908492,0.413344154126269
     2550691725,0.259592090717576
     1921382330,0.884974442601030
     3404068752,0.304662095653770
     2750404497,0.232007365175054
     1645606805,0.300273803283750
     2551666585,0.210142119175309
     1604024219,0.255845678493392
     3550779297,0.274418433437060
     1221009051,0.294407327772341
     3451967396,0.606420668209673
      359864230,0.243697497312274
      179509162,0.244408005982644
      925185965,0.244536699126421
     2913793969,0.462336077268472
     1453414330,0.367876656490148
     3158480830,0.398845530729537
      226736066,0.302306276257184
     2265090379,0.210738717674043
     2477266886,0.706757916559150
      554056686,0.310400165604136
     3631372238,0.214595050180487
     2438748111,0.338888665281896
     2987530192,0.299181581088571
     2642753501,0.311646357045202
      580103847,0.235147120229824
      493197297,0.306052442262278
     2869240831,0.728803414659865
      678940729,0.365566143478071
     2079665836,0.285341338923685
     1284511760,0.351230095416139
     3449395218,0.212508481067886
     4085970964,0.350107222530047
     1613707386,0.267835672870712
     2610558998,0.253756989776883
      437327904,0.232695212659171
     3232315427,0.240727619074514
     1729181738,0.261793441873739
     3657848878,0.238550819709512
      805615667,0.248494343833135
      976910388,0.531525118155827
     1977284662,0.228542350803586
     2596952119,0.453499286662002
      932018235,0.270275449405037
      427808828,0.201310029721921
     3456333885,0.922509186881843
     2493978686,0.229171745191066
      551057472,0.242410501989872
      715610178,0.307429558704309
     1811899403,0.574524754529129
     2018506826,0.260795485099634
     2394025655,0.297656948032200
     1383159884,0.218087050296378
     1101158478,0.274761316916701
     4146624593,0.259422228322471
     3410212948,0.251918629756691
     1709185112,0.616135010653207
     2926860379,0.242365221396501
     1514248290,0.533620928799256
     1551325285,0.347260013587243
     2458753130,0.216203001203295
     3102701678,0.311985886931377
     1087592563,0.242311761776165
      138197111,0.338986667599232
     3933755514,0.286580211123906
     2589694076,0.581733598646968
     4198365309,0.346283612939090
     3267967108,0.246342472925468
     1576130694,0.498560464028740
     2933889167,0.200539218702701
     4056283291,0.696722719516225
      503453855,0.450402824749733
      421583216,0.265785047103919
      330002118,0.313817195895347
     3832551592,0.259492777481363
     3581273116,0.799649701164523
     3504232619,0.769421451369049
      829192364,0.844712639019562
       76011693,0.228956573110203
     3719747758,0.347053525222487
     3869382833,0.262140723813204
      875118281,0.200746186129408
     3986745716,0.230625846649007
     1837160634,0.237758386912897
     1132714357,0.303084886190841
      789592262,0.560557725557068
       88373450,0.334579596061071
      788560084,0.200771467939657
     3615217883,0.231364388316027
     2072312029,0.247373049337190
     4255810597,0.353586077016711
      893065444,0.218151272080897
     4022775505,0.343702227819676
     1085602029,0.452519449463924
     3320682734,0.634651215781559
     1109121263,0.227751078798040
     1745590513,0.217621263406962
     1220720897,0.563844525084189
     3614505789,0.200544392882864
      361732358,0.470574116802606
     3407411468,0.618069770585554
     2887596301,0.290347836763834
     3459275023,0.218760898413829
      927439134,0.265097298040596
     1956268421,0.607451445653153
      729512225,0.237154323425413
     3691403563,0.735673906578343
     1200462129,0.243765805361134
      697006387,0.238602169232639
     4029937973,0.294027130701432
      159635782,0.269623310028730
     4075493706,0.248195301477637
     1369454925,0.216940034769400
     1951029591,0.231414454387397
      203774297,0.365744932078602
      958658909,0.241119696511658
     3265034590,0.219999866551708
     1576114533,0.200447106389579
       72718694,0.255780783904301
     1871985001,0.329954231073944
     1741699434,0.200795718256676
     2099632493,0.230058309134014
     4113152368,0.311149846430575
     3583203698,0.277202849059113
     3117619572,0.577491740119103
     2343754101,0.259576089290814
      848662249,0.233064745697908
     1403378041,0.237744699302036
     1361631611,0.285131797820962
     3914362602,0.346675985269265
        4643202,0.211153457735461
     3307264388,0.262992859317201
     3271063951,0.740705121227039
      485333393,0.348792733067471
      670357906,0.272671818022779
     2863987099,0.213743819445563
     4149287333,0.211718703775489
       37935529,0.241647605179604
     3328186799,0.460732110660871
      689772978,0.244890525783106
     2537568694,0.217497078630575
     2277284281,0.246527539185213
     3422230977,0.253681999101810
      512334274,0.812322903226163
     3200489924,0.240656169514991
     2457386742,0.242258578020980
     2308995527,0.244723350829758
     3073882568,0.210236344713295
     1854691785,0.261198524763099
     3566295499,0.251686085959980
     2187549133,0.270000127554043
     3618181813,0.587143539645565
      203979224,0.219865929131419
     4241785291,0.245666495658626
     2437863907,0.238244615885526
     1359378916,0.321655833839521
     2463136232,0.200665876145373
     1709521385,0.200638114604833
     2901006827,0.340779136620484
     2333530607,0.249099196053412
     1786010104,0.262810346512101
     3288160761,0.221408201050971
     3883276796,0.321962070149471
      669817356,0.245285483247808
     3263830544,0.215003299047741
     2657384977,0.224884184562130
     3585636883,0.314715441791665
     2131909140,0.219849241813610
     2667043355,0.206952198066968
     2404661795,0.302271753937867
     2846800427,0.453240614526144
     3553172013,0.200748792828344
     3289564253,0.304783985920651
     3250715193,0.200311309523552
     4081252925,0.319377590593406
      271497799,0.265435834331250
     3817855562,0.203984373666717
     2499344973,0.200801258168028
      957332047,0.247516156632002
     3397794385,0.774596916949059
     3967015511,0.216685011239039
      875764320,0.227831644399823
     2753223268,0.231238897809664
      771340907,0.217750958102049
     2449627756,0.746151431999573
     1806793328,0.386757363500349
     3736459894,0.200271800181376
     1148893818,0.214838402264959
     2990185083,0.395333374800631
     2046892668,0.425276328103352
     3467385471,0.223370462648354
     1449008960,0.230644898941680
     1351482663,0.651009894386191
     2776128130,0.233150791834261
       40491651,0.479695679739193
     2571655820,0.211614278794940
     1929247386,0.549664908132322
     1227471515,0.206952198066968
     1134443164,0.498820964499918
     1882749605,0.223139737077096
     3033774758,0.769837821803671
      430414510,0.796942625362938
     1319968541,0.200585568207836
      586021554,0.237259127139289
     2315229877,0.240664395323926
     1948625147,0.664076690059521
     4081760952,0.681093586436618
      358260511,0.229790151851233
       22256316,0.467281176543371
     1331550909,0.228534210038184
     2311822017,0.451055074216546
     3590882422,0.216633443650942
     1204391713,0.269073728218566
     4018109131,0.297565807915210
     1888672462,0.304877796928076
     3612859092,0.230748042804401
     1731795669,0.309472425232792
     2839780066,0.828398344652606
      866073317,0.200559436534694
     2907028199,0.235379925558919
     4265422151,0.239007384666654
     3729758955,0.212834235201158
     3384551890,0.373587624810928
      363141879,0.217184821769518
     3755088636,0.811015249181493
     1520301184,0.843119737127070
     2890521360,0.250285014300222
     1019198242,0.231101673281908
       98581287,0.203063211184505
     1060059945,0.300404717513836
     1570650922,0.642349591369005
     3749239597,0.510417369918691
     3089701680,0.275668706417732
      767754035,0.308778329878745
     2417144969,0.264888604328784
     3785988920,0.323240352777802
     4255292219,0.681138302359459
      970193724,0.217918411022372
     2117811005,0.261737683777637
     3638917951,0.236598379228718
       15145794,0.348502915951639
     3649688715,0.271385136270102
     4022688588,0.501298653253213
     3338779471,0.946677106714637
     3563690834,0.238495667600033
      625179483,0.267302677694062
     1847245667,0.608735880221336
     2918734700,0.255666311964087
     4055022445,0.811096968962461
     2867346286,0.733643991976349
     4124490216,0.366662333349273
     3814265525,0.250105760802592
     2310486505,0.452352624297096
     3369384825,0.268712228670912
     3082582913,0.206952198066968
     2331876230,0.625395174113485
     1665702791,0.389138076262390
     3598203784,0.248327359215781
     1988500374,0.403218613501562
     4022524826,0.524414452133160
       16030619,0.200773405345101
     4160281504,0.246878872944408
     4037139365,0.399074647481204
      764009382,0.230644898941680
     3221486508,0.799568601356619
     2970154141,0.231410643216001
     3929193078,0.237731882763562
      878579529,0.273864348273174
     1343527868,0.416881242767748
     4068178877,0.255640491566254
     1738030014,0.219026551030566
     4241914816,0.239506069899453
     1839918322,0.246829746566878
     1815354318,0.274427065492794
      105642960,0.245786256335712
     2622856149,0.446938846322848
     2600873807,0.241882796242893
     2794118114,0.220976330325529
     2043248465,0.867233848896429
     1962322428,0.258328588667865
     3842497516,0.386306937133263
     2148965358,0.247007942949067
      158940143,0.792583264027322
     2604497909,0.291755275988855
      268442623,0.206291302384454
     1109564424,0.248672901527959
     2079505419,0.599522126315536
     1510816782,0.604676395133853
     3922295823,0.259476853698260
     3368393744,0.235699735389170
     2482302037,0.907395720064493
     2147465338,0.227126063446769
     3856037277,0.932646663768154
     2974096410,0.214155919127937
      372857885,0.298267762967243
      380673055,0.552763107277069
      394984483,0.223043574328672
     1533582384,0.233289187789792
     4219345971,0.623715681604539
      183204935,0.211505090080671
     3971218504,0.466023565598873
     1105067091,0.261796349503031
       50076758,0.258098564242484
     1130470487,0.236376105040291
      173341789,0.200804168772153
     2941705310,0.270843447175078
     2398788706,0.240430360303829
     2257353829,0.324984089503332
     1989368937,0.601237756575128
       24755307,0.206706766698026
     4186537070,0.483578934036797
      250920048,0.433471278579761
      702889076,0.251411122066933
     4182602942,0.259917166607203
     2302891199,0.242122111383746
      881204355,0.476513036208408
      309935240,0.361981371136687
     1974402191,0.261680427751180
     3958791318,0.247358580473983
     2561965207,0.420481587402679
     3936615581,0.334272644998377
     2759880560,0.301023556421076
     3182419120,0.846305917492561
     2401565873,0.373075027453380
     4291488745,0.313025838378625
     2840263860,0.225578063043434
     1814088826,0.260591407723505
      410565817,0.340111349624465
      670366919,0.230748042804401
     2472254668,0.908091941785916
     2760817870,0.338266230791699
       68991036,0.200654178146815
      395738321,0.334308778590533
     2375990486,0.671858407700656
     1395580121,0.268712622949875
     2931588314,0.236710642350721
     1750662364,0.355409374838115
     1260751404,0.838578880203551
     3970042405,0.225201424156777
     1120148704,0.848914679699709
     2257001698,0.219517604866158
     1039301878,0.881877410045963
      886897913,0.211646264630101
      491535621,0.546414400219819
     2194177287,0.412276970061137
     3141172489,0.200789275040952
     2228226605,0.268768190846534
     3968851216,0.216200722771307
      227245329,0.234206269476051
     1556585746,0.240753186006573
     2614397486,0.737794075791959
     3611704599,0.222180110355770
      808714118,0.542418502347663
     1889213735,0.211643308111223
     2509626664,0.206982220342525
     2419561692,0.206952198066968
      651050282,0.200534687965073
     2701409582,0.206708724223709
     1211170095,0.262372097600006
     4158479668,0.259072343213339
     2255150393,0.295974982293032
      376003904,0.289337034646933
      787487372,0.588595577733335
     2713115974,0.209428888078766
     1545878855,0.290918276472201
     1000660300,0.317528438900195
     1260887373,0.246153838021070
     3495624015,0.365644061421250
     2173959522,0.219509356174257
     2280783209,0.221524001288984
     2105236843,0.223493274772849
     3299913618,0.254636664994295
     1570651505,0.227858982890833
      209313138,0.340998044312620
     2505014644,0.282715878922968
     3698515322,0.674623928901043
      164953467,0.258796477180302
      538404590,0.268892971679495
     1843297665,0.235295884230275
     1591762309,0.226729888555591
     3103078432,0.231251605572038
     2015690124,0.226847557999605
     3931028877,0.230496931347331
     3262332304,0.543373401547024
      354131348,0.253954862547742
     4046083310,0.256658666525935
     1108729241,0.229988905265101
     1295580580,0.208193430672283
     2963283368,0.442637088679213
     1618673067,0.749518654466433
     1362372441,0.200676248993020
     3950779824,0.209460648512976
     3384843698,0.226439819641817
      287219131,0.519765891951154
     2583739840,0.211415482812080
     2610486723,0.266305995900308
     2330787268,0.569973156107612
     2337250757,0.222773623333715
     1241464267,0.279701467077749
     3397828046,0.271021962019659
      340975058,0.251294015022637
      799989205,0.263405603245191
      235994585,0.796079489362457
     3336568290,0.245826094379495
     3255694526,0.278673871569847
     1904492019,0.258622217435189
       65797629,0.285130612719032
     2966199806,0.235389187250400
     3281387017,0.599985993451027
     4051443216,0.566242479488579
     3813654034,0.251148582090894
     2359614999,0.521915272498637
     1542995481,0.872148761907683
     3462888987,0.260726505460134
     2056594679,0.866662300110033
     2441575971,0.210912552064438
     2037194281,0.322011723353091
     2979749419,0.597437574146524
     1328774706,0.206952198066968
     1620573756,0.233696248330912
     1255956033,0.210975149796699
     2282454601,0.793781737970661
     1746599500,0.276301280303534
     4241981006,0.814516998639424
     4111670865,0.280129919673755
      448503396,0.790793397462842
     2145680999,0.269812840591474
     2903367273,0.394356436046584
     1849286254,0.232482731680319
     3360521839,0.206859355908144
     4087340658,0.255166971433907
     3924696691,0.659141699986156
      583376511,0.230752537910508
     2184633986,0.238588549187467
     3272932995,0.208883178275752
     2094557805,0.312782682351274
     3511541392,0.350994889797184
     4168267032,0.510706303004929
      599457430,0.262481422547520
     1678261911,0.200767648308367
     2295021210,0.685581998693020
     2397413019,0.308981039081140
      791486108,0.219095440783600
     2647432870,0.200607465977100
     2173427367,0.638586110693097
     4165164713,0.290328698390798
      873627318,0.306180939585016
      510492343,0.322658039413573
      153026235,0.240472540847423
     1188789953,0.871245229767540
     3977731781,0.243836648598142
     2705112774,0.373041234064813
     2528212257,0.439251098332650
     2161078220,0.559583511003871
      148438730,0.251366075366115
      991469263,0.366568292718371
     3454443216,0.232325168471671
      206110424,0.232175377550258
     1623826137,0.268816108826268
     1175566970,0.258375987347655
     2716475113,0.240398561293874
     3763732209,0.336202789297076
     3477126898,0.223732996880242
     3276087030,0.247382781483322
     1421057783,0.231040448661570
     2459865723,0.717476233236166
     3654246152,0.247412758439120
     2863300363,0.777584699638458
     1191894799,0.348725174977607
     2867445520,0.237958401443278
      639244931,0.245008995865393
     2574704410,0.211223554496156
     3724459805,0.244760642376123
     3113393951,0.521316828672223
     3963895585,0.262761506046830
     1363935017,0.309138161381936
     1729862983,0.211708604621029
     3275121971,0.316467401568572
     3526450996,0.296707185142798
     2810986298,0.420075385404579
     1139621696,0.299647115466077
     1455914817,0.549437711666200
     1651703618,0.237540286225704
      764501827,0.223152837202248
     4109639495,0.213997257315843
      925630280,0.322186015533417
     1283660428,0.694810422050005
     3522961232,0.219316460682071
     2566176593,0.305111883190922
     1788977308,0.248750522005027
     1050025814,0.732893334666217
     2653339480,0.243031588168573
     2848199995,0.209568541631966
     3062693740,0.248838396188696
     3951886190,0.246283100040054
     1800560616,0.381318416928718
     2359730034,0.240502977810708
     2539634665,0.226279339828235
     2884132730,0.431986744897812
     1069350779,0.200659661306832
     3048705453,0.322787366193630
      865197954,0.251790837576112
     3574120325,0.311404252876726
     1634516870,0.340319305640501
      606248839,0.513750439596143
     2726870921,0.234806872341639
     2697568142,0.246153346104861
     1680088979,0.920974060044823
     2982068117,0.269180184591448
      257654678,0.474818177919009
     2357903260,0.224033226789862
     3565502365,0.313587431732806
      713408414,0.357870507080818
      224853921,0.330414563123357
      171698843,0.260789488181653
     3975717091,0.206952198066968
       52305841,0.200720513561733
     3851599795,0.228394749044089
     2988146614,0.930865825496518
      773332920,0.230127513305368
      729505721,0.387871467559887
     1576640450,0.239642964624826
     2883264454,0.922382595284492
     3855073226,0.200793724563770
     1174044620,0.322739420536538
     2135293904,0.246719585434075
     1836335061,0.721036666117823
     1701158876,0.341124522114793
     1650802653,0.355952704404582
     3124314078,0.356282159265922
     3740147683,0.210092890194536
     2438152168,0.510838615414792
      571367201,0.811181761388453
     2691129325,0.218151272080897
     1736278008,0.209293769472793
     4011778046,0.253401321289732
