idnum,logistic_ensemble_regularization_factor=1e-06_internal
     3800760322,0.500306309008862
      353755139,0.499775467540392
     2729656324,0.500043952913320
     1559860566,0.500179885415809
     4121108486,0.499490896947998
     1318838287,0.499516212827899
      946176016,0.499792341838905
      453500945,0.499645678406607
     3191791619,0.499636874755776
      839647252,0.499532056470745
     2511904795,0.499563636944787
     3333611548,0.499758821239621
     3737272353,0.499764933496371
      185188386,0.499570572679971
      573325347,0.500219193620613
     2124324901,0.499585307099806
      197165095,0.500553615482118
     1188814891,0.499744667835536
      982360109,0.499637845129280
     1910931504,0.499666525771315
      966934580,0.499973942835427
     1563967552,0.500024152277568
     3562463301,0.499506552190148
     3795304520,0.499642810957043
      421388363,0.499733772476570
     1053548620,0.499531634523553
      596918352,0.499779001066274
     3317047384,0.500042259723173
     2813616217,0.499582825206054
     3804389469,0.499490896947998
      892067936,0.499587250242808
     1650581602,0.499853887519541
      595230820,0.499562961218354
      271982693,0.499632370331042
     2847694951,0.500548415206699
     1811882090,0.499621370900516
      377551549,0.500239829230265
     4113883249,0.499566709126044
     4256784501,0.499608678958986
     2713296789,0.499937072431332
     1919869055,0.500067012993310
     3376365700,0.499566579585718
      456062317,0.499708738983328
     1438113939,0.499849402704343
     3993051292,0.500391654645463
     2703515805,0.499561312897633
     1398325407,0.499560367357027
     2587648164,0.499968206666790
      273670311,0.499872085958185
     1003888808,0.499527297087195
     1604305068,0.499714486732155
      686342322,0.499766490108916
      779665589,0.499713426100443
     3893919927,0.499568016249339
     3389104312,0.499615642114897
     1134182585,0.499652783687524
      627261626,0.499875434199906
     1191354555,0.500183784489028
     3524886718,0.499886639132646
     1729274049,0.500565838097034
     2221392069,0.499890576364105
     2389745864,0.499816952935425
     3485769930,0.499630334711295
     2741403852,0.499791957102104
     2746769613,0.499967407429057
     1934541010,0.500246279331212
     3035087059,0.499709644656929
      377725140,0.499653649183679
      207126743,0.499701920885621
     2444411098,0.499908074066516
     2321039579,0.500202893696511
     1962322428,0.499583527285099
     1908408542,0.499682725682100
     4243587295,0.499587287706890
     3824074979,0.500077198845272
     1135370468,0.499722246041425
     3872112877,0.499902688953238
      945307889,0.500266816574637
     3187415764,0.499611814460931
     2530836730,0.499543149449745
     2476228860,0.499906861519110
      326115587,0.499942450752961
      833462533,0.499552215581789
     1727209735,0.499827440772501
     1162879243,0.499506561122902
     2047435022,0.499839189757485
     2641698861,0.499503227862522
      294084880,0.499527633080062
     3877413140,0.499700305892050
     2554929200,0.499828092334251
     2803204391,0.500146046414459
     2214011194,0.499788082364674
      894198086,0.500124968581187
      705610059,0.499716435720245
     1743118669,0.499547997315024
     1125007695,0.499615521897662
     3385723619,0.500349558915930
     2252398935,0.499493560767358
     3459391835,0.499955246277821
      304669029,0.499541362379692
      390603110,0.499705391684272
     3155247463,0.499860015667129
     3379814765,0.499766510748130
     2654183790,0.499677036621815
     4060651888,0.499557843666647
      788922738,0.499927473978589
     2233672054,0.499643398197503
      537633146,0.499921484844312
     3460211074,0.499490896947998
     2078874347,0.499820993247037
     3638092168,0.499498759575687
       58196362,0.499599683396653
     1051260193,0.499794536059125
     1150966509,0.499513011158008
     3796042128,0.499927064535678
     3072508306,0.500195458141242
     3878986134,0.499498759575687
      884695447,0.499819347126118
     2726986138,0.499564963041345
     1247887771,0.499530306433009
      935698844,0.499490896947998
     1732641187,0.500510472455754
     1760543142,0.499569962986277
     2428084650,0.499837403663262
      391848367,0.500144960446589
     2284863940,0.500232901854244
     2877448651,0.500537696724657
     2648768974,0.500288345466372
     3103965649,0.499513600097718
     2899255767,0.500109834502997
     2753938852,0.499742209754390
     1373077981,0.499755710070383
     3291931107,0.499747573525935
     2976760295,0.499781377109425
     3937534441,0.500235176289424
     2566373869,0.499921919299322
      153805298,0.499626117677347
     3259998708,0.500211408922073
     2570693374,0.499578705433025
     2638545403,0.500334059466072
     3669713407,0.499753392340445
     2208498179,0.499490896947998
     1470259719,0.499850485133845
      740557322,0.499818764464521
     1571799565,0.499534954516597
     3891479981,0.499513086248836
      986341913,0.499899444566667
      705159706,0.499946082625636
     1081721374,0.499781809859827
     1863241819,0.499732604828314
     2597126692,0.499802668071261
      221667877,0.499977165068650
     1914327446,0.499638916090676
      223183399,0.500477957274662
     3211469352,0.499568896853939
      241197609,0.499751181236217
     1984922154,0.499946999065858
     2828198445,0.499490896947998
     2576130613,0.499634206020059
      125510199,0.499490896947998
     3395469881,0.499611126229413
     3402240151,0.499600441311119
     1663754816,0.499514177660017
     1271890500,0.499547997315024
     1343382088,0.500275881450825
     3033178703,0.499516048987486
      292889168,0.499507671083145
      666796625,0.499753607450881
     3016565331,0.499659782165594
     2052186708,0.500018052370968
     1490195897,0.499843405640285
     4169212504,0.499850418326814
      417350235,0.499900724105460
     1728774750,0.499646816386210
      311411296,0.499522782821041
     1287709284,0.499797180865064
     4235797096,0.499532551255682
      675529322,0.499845404159291
     1059373679,0.500760200049738
     4062413426,0.499495109789162
     1409090165,0.499860630353981
     4113760888,0.499649943140626
      369566332,0.500168403552096
     2875887722,0.499550130836342
     4098630272,0.499682573239682
     4028572289,0.499611752400168
     1352336002,0.499948371349761
      906519175,0.500073201311950
      304628365,0.500039026632361
       10216085,0.499874618823601
     1988797078,0.499824391410387
     2873991845,0.500515357538492
      437625510,0.499504829826087
     2129699496,0.499490896947998
     2165359274,0.499798417376406
       73499309,0.500237528498117
     1649287854,0.499490896947998
      453935793,0.499581531274418
      952656562,0.499746343158146
     4205724340,0.499798186134856
     2069758649,0.499775856805488
     2741191355,0.500192708454873
     3283878590,0.500266775762433
     3142525631,0.499592555146324
      523649730,0.499665414954793
     4123853512,0.499531169621669
     1685709517,0.499708397243929
     1258242766,0.499569498040908
     1070883551,0.499625839628869
     1791967981,0.499834394987254
     3400393458,0.499682443840742
     4201267955,0.499584738810970
     2118558452,0.500119970259762
     1015923445,0.499818995377403
      949631785,0.499730317265526
     3668738810,0.499555797184959
     1073349371,0.499597556507282
     2505499390,0.499812799657711
     4166579669,0.499536660737077
     3559965440,0.499698359792378
      897123075,0.499711633372564
     2681979655,0.499786642876256
     1441981193,0.500451595576696
     4106216208,0.499657106334298
     3462333912,0.499528417944797
     1905125954,0.499731577472797
      638078708,0.499972934034778
     2974147351,0.499912329372191
     2914370328,0.499822517204252
     1892746009,0.499795295218363
     3677799199,0.500251166258073
     1169204003,0.500190816284332
     1936007973,0.499630371936548
      806708007,0.499616616535912
     1608631094,0.499969920618209
     1696105276,0.499579817572270
     2249868093,0.499645987032741
     2222695232,0.499803375693984
     2573599555,0.499863716559794
     1429955396,0.499641273235040
     2720654149,0.499796610485168
     2580513606,0.499868407010500
      690398023,0.499742531502156
      659227466,0.499583768207915
     2955338574,0.499770868901131
     3011535696,0.499808368948409
     1160487773,0.500257818027726
      744663868,0.499673054523441
     2922939247,0.500019112742151
     1433748338,0.499514863278756
     2961039507,0.499513850066032
     3111535476,0.500024928750338
       32088949,0.499495702691768
     1426896361,0.499796571445677
      433057940,0.499755380806998
     3638917951,0.499627235896449
     3194807165,0.499496030972034
     1019339646,0.500256524724409
     1647534975,0.499783864465571
     4229153664,0.499490896947998
      858350469,0.499854662874597
     2629267607,0.500428290489501
     1027169090,0.499509556724293
     1849353105,0.499793720850585
      286638994,0.499883722031621
     2989687710,0.499913249504933
     1496245153,0.500273389814227
     2666668962,0.499752331915339
     1649050534,0.500659124275787
     4086546480,0.499675794693163
     2431878056,0.499733114859440
     1054392476,0.499550257017636
     3983721386,0.499682688595486
     3547186101,0.499527708229681
     1271940024,0.499659326060769
     2976252859,0.499802863282479
     3947971520,0.499817924952023
     3630015435,0.499575665201611
     2771690453,0.499498759575687
     3713369050,0.500711501835655
      672097245,0.500295961109735
     1828045801,0.500133064720382
     1945779026,0.499717549405316
     2213987327,0.499577857003489
     1292968960,0.499881963396562
     4157858823,0.499522385144114
      519627787,0.499891865693425
     1844839439,0.499680151511503
     4284400659,0.499853828933303
     2236015636,0.499517365269993
      483353625,0.499621666037674
     3308774428,0.500217359168838
     1376461855,0.499742863521426
      537584677,0.499850168630210
     3008103465,0.499715444960861
     3834668077,0.499802213757275
      193651762,0.499490896947998
      446301236,0.499975213372089
      941974584,0.499794313202731
     3453898932,0.499490896947998
     1939563579,0.499533064016398
     1289569344,0.499541584779813
     4180902980,0.499573042366851
     3227673675,0.499835625519017
     1158259789,0.500374024573575
      317244499,0.499583781363580
      454796374,0.499930860542219
     2202215511,0.500011759652274
     2596816399,0.499746196302176
     3106997341,0.499850168630210
      733611111,0.499997797910404
     1067025519,0.500285193402855
     4294673526,0.499600195484312
     2692121728,0.499490896947998
     4185400452,0.499513425899529
     1784398986,0.499490896947998
     1617239679,0.500215851598268
     3374695568,0.499784174306226
     1206240403,0.499588315773520
     3201827993,0.499576108953375
     3232900250,0.499831700846686
     1428432027,0.500511578185176
     2711708833,0.499891587858289
     2784371877,0.499490896947998
      920454310,0.500612532810786
      571753639,0.499639623239943
     1126746995,0.499606340983316
     1667204277,0.499660382920172
      313550011,0.499863362402321
      646497471,0.499580023059502
     1315759297,0.500013493957867
     2464793805,0.499699830428579
     1308222670,0.499580951539462
     1588069587,0.500153490834564
     3661513945,0.499760332330859
       32228579,0.499617764420860
     3753092331,0.500420450174481
     1938523372,0.499845718943130
     2436539631,0.500152845707172
     1541915895,0.499960241464353
     3465635069,0.499629348393705
      662078719,0.499669748283986
     1569137927,0.499863556187144
     1092740361,0.500273726840416
     1959060749,0.499702459820221
      526099734,0.499833199580160
     1805632795,0.499702002239903
     2728165595,0.499839544445820
     2880521510,0.499750661342987
     2794472743,0.500340790502958
     3355780392,0.499949789189155
      363750706,0.499604560065947
     1938466099,0.499690804463442
     2094727390,0.499638943324892
     3575465272,0.500041454114515
      273895788,0.500003006596127
     1469015365,0.499567632522472
     1617683788,0.500275794901388
     2958140749,0.499832227204489
     1476928847,0.499490896947998
     1939383633,0.499613049385216
     2697307475,0.499697658842848
     1368417620,0.499677972878341
     1803011641,0.499727835156470
      490390872,0.499490896947998
     1154467164,0.500065890467285
     3971409246,0.499598207346669
     3764143455,0.499602604682688
     1731183970,0.499827170385014
     3410019693,0.500213377942237
     2200094066,0.499812986630407
     1236739443,0.500414002070303
      835233154,0.499760451734994
     1629496711,0.499735364948404
     2325005705,0.500083851252478
     1799652746,0.499716558673980
     3211797899,0.500648611862027
     3082794562,0.499595873188596
      138167699,0.499555838566291
     1489954197,0.499685040674104
     1476494742,0.499654587751099
     1142482327,0.499629620417988
     2037712283,0.499560387809405
     4072318365,0.499558736657588
     3115345311,0.499677400594622
     1460618660,0.500285066528410
      410207660,0.499490896947998
     1297860013,0.499863931864172
      272904435,0.499827197335246
      635291084,0.499591218842643
     1800046030,0.499521859837485
      558360016,0.499915316624929
     2459084241,0.500089499327944
     3968607702,0.499583665351957
     2083562968,0.499625662986875
      953476577,0.499849635915387
      897680871,0.499879613286700
     1763665395,0.499864674510667
     2126898676,0.499640056529746
     3647849976,0.499540835238628
     4021978617,0.499715112915321
     2058618366,0.500120676307577
      662488577,0.499802293312037
     3080914437,0.499512661266459
     3734898185,0.499819237094981
      913548811,0.499498759575687
     4266337807,0.500161563448285
      853501460,0.499880294946054
      805750294,0.499617391331585
     3027027480,0.499922013014308
      272025115,0.499490896947998
      435725854,0.499948799880291
     3855200517,0.500574927668526
     3802498599,0.499809559352500
     3007915564,0.499517979296205
     1234429485,0.499830311187745
      535884040,0.500322139288930
     2161788471,0.499665682477845
     2511439416,0.499796443954524
     1698022969,0.499579996614967
     4086146619,0.499882129466365
      842294845,0.499744368483822
     4168803909,0.499532514544199
     1994379532,0.500068912863671
     3302123087,0.500165283143878
       10454613,0.500023592797038
     3393062486,0.499624788236049
     3799115353,0.499927814496818
     3531949659,0.499522248241565
     2840495709,0.499955145039418
     1122002527,0.499807626415916
     2800633460,0.500469058498855
      396691063,0.499756384064431
     1615472252,0.499509556724293
     2444273279,0.499781668933942
     1872873092,0.499877317514055
     3535808133,0.499512667023195
     2440177287,0.499637517373586
      432072329,0.499546904427125
      449480333,0.499529696982506
     2657797779,0.499490896947998
     2484930196,0.499702815345429
        3666201,0.499628052582843
       12830381,0.499761372487709
     1239410355,0.499490896947998
      512681658,0.499687228740866
     2549458627,0.499771071394756
     2602469060,0.499772252070458
      955357542,0.500019669455771
     3120219847,0.499496133338578
     4282705615,0.499893565537468
     2077591249,0.499699059836657
      339741137,0.499512714154845
     3723120933,0.499869485758790
      534554350,0.499515581066698
     3183331061,0.499861269320867
      801151677,0.500267150839243
       54322946,0.499749080571171
     3614328581,0.499669171872722
     2623170318,0.499823247731526
     1308763924,0.499697739993965
     3408730234,0.499490896947998
     2536572694,0.499506519337897
     3372730136,0.500057626005587
     2548852512,0.499716333770077
     1813563172,0.500630912090901
     1464133416,0.499838296363048
     3378226997,0.499998149867059
       55371580,0.499490896947998
     4239607614,0.499908562339440
     1143826247,0.499629441150169
     3776816971,0.500173068607507
     2423061474,0.499687587082566
      512280408,0.499638652468351
     1043089241,0.499721845316270
     3775596378,0.499753181276891
     3665520476,0.499880873353154
     3474933600,0.499530337772557
     4031072098,0.499735346192892
      444450661,0.499868420536428
      849774440,0.499663002557243
     1433962346,0.499975534212119
     1952794477,0.499841004842023
      158222197,0.499819856646593
      435866601,0.499782518145304
     2470291321,0.500165706684548
     3565143937,0.499908121611138
      552560514,0.499562237989162
     2815600518,0.499631612023519
     4290324359,0.499701332250721
     2880883692,0.499872901232827
      472389271,0.499498759575687
      284764044,0.500440033449479
     3582994324,0.499498759575687
     2626771950,0.500244933945026
     3688818588,0.499997392432449
     1759545245,0.499666647195732
     4072204192,0.499524441096972
     3409389475,0.499743297474398
     2691467177,0.499940093454278
      730261418,0.500418108061472
     3902744498,0.499673419078197
     3375097779,0.499923012717707
       54159288,0.499657194373239
     3593717691,0.500770641576924
     2302737397,0.499616769001622
     3995873611,0.499660719715757
     1634043849,0.499939186048012
      865208268,0.500266386273143
     2184102221,0.499893482180786
     4266641366,0.499498759575687
     2923874264,0.499631772682669
     3872409566,0.500067424838662
       14444511,0.499510288611379
     1813981160,0.499723885746939
     2119559147,0.499744195739306
     3165702128,0.499733691727747
     1394616307,0.499883041853393
     2930903030,0.499765456392912
     3797428218,0.499775467739532
     1710721019,0.500194122481880
     3717400577,0.499943776059559
     3536439299,0.500581229236204
     1426753545,0.499734542379008
     1919813642,0.499878308927432
      598886413,0.499861548383714
     2523490319,0.499849203861458
      104974358,0.500092550029556
     2680932378,0.499524526430586
     3821144119,0.499968240561130
     3657566264,0.499531850893658
     3942852667,0.499992710701339
      215066694,0.500558523206787
     3171109900,0.499725066900860
      185988792,0.500174517387513
      888719444,0.500103676026219
     3661016430,0.499942383980079
     3698378842,0.500082438417692
     1485326427,0.499736721697043
     4060702813,0.499826564483233
      722061407,0.500221892906387
     3024685155,0.499772426277869
     3530762340,0.499850083290228
     3716821350,0.499752681407585
     1778878570,0.500005596087861
     2934818931,0.500086330582449
     3277588603,0.499972611942289
     1272088704,0.499909613126945
      119572611,0.499596106420505
      315926660,0.499834955112405
     2581653639,0.499795506533180
     3799238793,0.500589140568507
      786253963,0.500538560557762
     1143785614,0.499657168536963
     2067851411,0.499526285580515
     2402835482,0.499855115059925
     2344855714,0.499927357871053
     2032634024,0.499741700585001
     3504388530,0.499770146384675
     1406576822,0.499521028388143
     2790394039,0.499868577079059
     3213093054,0.499839861707916
      283691199,0.499820873973642
      994404544,0.499802307181745
       14813380,0.499986710516769
     2711246540,0.499553351814112
      177470199,0.499720745827244
      724060372,0.499503558200888
     1323002069,0.499665596144253
      146589912,0.499844292024246
      892250330,0.499910829520750
      550209759,0.499621285964549
     2734393568,0.500027509644486
     2031331565,0.500022686769282
     3237611768,0.499580681644536
     2729109755,0.500378873090970
      561490172,0.499949316992432
      710658324,0.500247625672125
      362989846,0.500273979137689
     2556455193,0.499619231819857
     1867671834,0.499529798141681
     3609626909,0.500072591396169
     3781830943,0.499541464119219
      465324329,0.499874205798130
     2973804842,0.500638921364897
     3022424368,0.499534768675037
      121407795,0.499723855336463
     2932574516,0.500261191891357
      784951605,0.499631507182816
     3579980088,0.499632683671384
     3384019258,0.499522809931176
     1624413919,0.499740615787344
     2881947964,0.499546850173800
     1635494206,0.500083018787766
     1679182144,0.499498759575687
     2828519747,0.499708917255301
     2902034762,0.499642648444159
     1438673227,0.499921919299322
     4218906960,0.499550947401689
     2082318676,0.499566032624056
      710502743,0.499638769339678
      376809818,0.499699523085093
      543017310,0.499553654978064
      699418984,0.499837078371672
     4010740074,0.500328141433546
      485509484,0.499726633061503
      793872755,0.499729443333724
     2659576180,0.500067796743666
      125806967,0.499888017898527
     1293221082,0.499707265886338
      562694526,0.499587858927806
      227821952,0.499783031202356
     1774100886,0.499754957185276
     4188449159,0.499695430244323
     3712313737,0.499702393227453
      128166283,0.500234136943132
     1581525388,0.499945817788158
     2406443405,0.499795476199931
     2430035694,0.499573618388970
     3661605270,0.499602142514671
     2099632493,0.499558155788936
      671066522,0.499661521905638
      366201244,0.499979295325858
     4108421541,0.499752551672208
      863701417,0.499902981114399
     1941146030,0.499573524139676
     1581997128,0.499679094931336
     4113836467,0.499909613126945
     2659667017,0.499780420145071
     1574094581,0.500347441666488
     2292255175,0.499781074681772
     3688663497,0.499657056761821
     1724574161,0.500070308047886
       41839058,0.499617794983967
     1945078227,0.499668207502138
      551700951,0.499729634057312
     2140367323,0.500018377500123
     3855157726,0.499575738293388
     2536016354,0.500177121970800
      822921699,0.499717193593289
     3981625830,0.499673302577236
     1644022252,0.499958310122353
     1967294964,0.499674719940328
      907995638,0.500195557564379
     3771247314,0.499841374460276
     1619470841,0.499897510500188
      910289404,0.499859965598305
      298740821,0.500011655309897
     1480362498,0.499656180815766
      174795272,0.499650986129790
     2367269385,0.499969086665778
     3204377106,0.499787044472355
     3165686297,0.499490896947998
     2129357338,0.499498759575687
     3421776413,0.499537888089965
     2116913700,0.499716639121430
      871664165,0.499858820756968
      495856172,0.499523502704859
      900909613,0.500229003180834
      277219886,0.500485832825679
      139594293,0.499973199815629
     1480124983,0.500003744282133
     2845256258,0.499671816439782
     3671812676,0.500393339440304
     3897887302,0.499596247932304
     1701030471,0.499536538263474
     1605741128,0.500145701671339
      871524956,0.500051117807806
      262695517,0.499555863103005
      775948897,0.499615418019885
     3589671529,0.499860139652855
     4152535659,0.499794414430830
     1094199917,0.499522076381538
     3500518001,0.499755101736553
      506466751,0.499525247412422
     1525631612,0.499490896947998
     1831660160,0.499490896947998
     2176248451,0.499784016603742
       57895567,0.500125136707873
     3907627668,0.499982322327167
     1068804761,0.499891560054703
     2803952283,0.499685506910431
     3582446236,0.499507056022990
     1472531102,0.500034654878687
        3762856,0.499982688368134
     3554809628,0.499987816184045
     2100676127,0.499603766963341
     3251055280,0.499605198132814
      710347441,0.499997356219901
     2717665971,0.500253486280124
     4112337591,0.499556553018347
      851544763,0.499684458358967
     1629162174,0.499756730621453
     4272745155,0.499646693916178
     2183219908,0.500251719015644
     3976252102,0.499556030407976
     1572162249,0.499752626595871
      608275154,0.499876381777309
      689908435,0.500202624053630
     3760893049,0.500192409404630
      831744733,0.500105169371483
      913926878,0.499498759575687
      401894115,0.499687254436695
     3706702972,0.499921373530214
     3952937710,0.499810035227788
      770288372,0.499937081604452
      155749111,0.499831017961246
     2104760106,0.499822782262506
       71240446,0.499784405440211
     2660068095,0.500378244417681
     3704515339,0.499744636462315
     2036861708,0.500079161083308
     3409201936,0.499523010937810
     3746597652,0.499518760651159
     1135405846,0.500040620653556
     2917649183,0.500365271290777
     3888565025,0.500169660765854
     2850515750,0.499883003490166
      584723240,0.499740485559465
      199543593,0.499738063779372
     3165442525,0.499990960860632
     1192790833,0.499499399391675
      894405427,0.499602941743799
     1425926964,0.500517415926793
      922536762,0.499533356878695
      193628988,0.499626799647401
     1309797181,0.499949163786153
      405179198,0.499786671776834
     1831422783,0.499506836333496
     4118555456,0.499490896947998
     2431150913,0.499960008160369
      233278274,0.499612345930596
      189960673,0.499498894083283
      128699208,0.499693567261625
     2056899406,0.499975608882381
     1608510287,0.500233719604785
     4277267286,0.499498759575687
     2374896473,0.499599031568932
     1885207695,0.499816726618193
     1898064737,0.499662770657242
     3421047650,0.499558575354544
      438504297,0.499521546488029
       38529900,0.499667073831751
      412396401,0.499780350408386
     3241708403,0.499771942138002
     3544271743,0.499795441511127
     4134914945,0.499627080350042
       15666050,0.499838432174695
     1866476419,0.499780220166849
      470264709,0.499888233973768
     3504622477,0.499584690299993
     2416569231,0.499504148472875
     2304674709,0.499820310698229
     3867257754,0.500140838773920
     2081278875,0.499526357033686
      131722143,0.499498581734161
     2646150048,0.500188980481593
      597789611,0.499544048882008
     3596815284,0.499587822298750
     3759631297,0.500226257757819
     4083223490,0.499769209171520
      635537227,0.499717853551229
     1437936582,0.499613244734244
     3839658957,0.500299178541154
      922490701,0.499685053208349
      151276515,0.500197230595497
     4173835236,0.499926718727581
     1704225769,0.499503854372785
     2906852332,0.499824047912909
      941501424,0.499527388752196
     4034210806,0.499546937117430
     3785534455,0.500428975469743
     3905473528,0.499566414097949
     1214999547,0.499503235627538
     3314961405,0.499514353591961
      249973761,0.499490896947998
     2168327170,0.500001381187090
      812100611,0.500159481270803
     3298692104,0.500072693383914
      446540812,0.499862906293965
     3421907983,0.499885097251088
     2074416984,0.499818693132472
     1466372611,0.500035463560108
      812198935,0.499688292405359
     1547700058,0.499978645754250
      892800032,0.499965173876773
     1859578915,0.499540879915750
     3276610737,0.499685003036132
     1464842076,0.499971710803793
     1732070447,0.500094675501297
      422128692,0.500151543046026
      136563772,0.500539032352586
      214707270,0.499818612696254
     3724069959,0.499917323751850
      964193353,0.499885147259087
      225113954,0.500111162195901
      724896846,0.499663362390515
       27472397,0.500209018083856
     2132896853,0.499518500392205
      186731606,0.499530011413406
     3139345593,0.499612412931322
     4113091686,0.499821466353947
      890483217,0.499657830581982
     1281133672,0.499583781363580
     1916316778,0.499753033218281
     3866823789,0.499556449947688
      637979759,0.499735195309782
     1547750521,0.500108077192500
     4221947002,0.499747589739843
      657779836,0.500054041830878
     1309641855,0.500327041218746
     1543539840,0.499682924857756
       57560196,0.499659784388637
     2315750533,0.500176991059858
      315616399,0.500197673789514
     1237707923,0.499600076729669
      546335892,0.499789653096851
     2667998362,0.499592041041188
     2619206821,0.499760880982453
     2886823078,0.499760280033459
     1808840561,0.499793101275183
     4289817784,0.499832383005467
     4067798202,0.499727390866416
      676539582,0.499546550313409
     2995955573,0.499711064256738
     3189394625,0.499948123884868
     2490846405,0.499522641653015
     4207217864,0.500163857480181
      619728073,0.499890294654409
     3415207115,0.499666206707898
     2792025292,0.500243731916306
     2746559694,0.500176863265397
     1234980050,0.499572058157288
     1197239508,0.499907971963264
     4166159578,0.499729760201813
     1087081695,0.499554018497411
     1501711584,0.499832476483042
      892251366,0.499490896947998
     1956637930,0.499598995641136
     3450391790,0.500762365771814
      326528240,0.499499399391675
     1806167282,0.499586944666651
     1270320376,0.500298435545552
     2680032505,0.500004414267178
     2940169470,0.499490896947998
     1575709954,0.500075139851388
     2510011606,0.499883279129651
     1984441612,0.499601260124541
       81603853,0.499891855139098
     1198722318,0.500447377973662
     2287758612,0.499490896947998
     1400704277,0.499779861296512
     4057451798,0.500100167564725
     1084009755,0.499802516260892
     1612639517,0.500100215860113
     2030794629,0.499701892125648
     3119066405,0.499727104317711
     1129975088,0.499595794860441
      218664243,0.499838063382200
     1627884852,0.499533389065966
     4203793720,0.500135955531623
     2948992316,0.499802829329139
     3646262592,0.500018140077984
      340897089,0.499874606982337
      963325255,0.500255083210717
     3003100489,0.500182480707716
     1736035661,0.499972439545980
     3819482455,0.500120274154619
     3509464412,0.499545318562161
     3729493345,0.500060638421639
     1808911717,0.500272607590713
     4136856940,0.499725983669351
     3306630510,0.499787113349054
      876080497,0.499506836333496
     3045444979,0.499704843643279
     3877088629,0.500292088521777
     4112346491,0.499684329584642
     2275192200,0.499499832071824
     3115961744,0.499518266200342
     1121602963,0.499543539060057
      554233248,0.499923432083209
     2749003675,0.499490896947998
     3111587242,0.499965168656682
     2801913261,0.499880368243625
     2292977070,0.499798201435097
       95774621,0.500280414847063
     1879928240,0.499490896947998
     4023700917,0.499583781363580
     1294380470,0.499746379501976
     2861403575,0.499824928364284
      714436037,0.500306093680189
     1963837347,0.499775199678070
       52301276,0.499713736992171
     3370348001,0.499653957442932
      521080290,0.499800140908155
      157732323,0.500020808046643
     1092218350,0.499530018561590
     2427375089,0.499743310100559
     2573356539,0.499751506081933
      438541117,0.499825302885509
     2317192710,0.499623187025578
     2467114242,0.499783480351999
     3432402448,0.499498759575687
     2612645396,0.499644224992664
     1666158101,0.499536923894359
     1128051289,0.499784630767274
     3023048216,0.499714249245776
     3574722077,0.500322995607385
       42935543,0.499882609448255
      433974817,0.499801741729934
     3187461675,0.499580252851761
     2567114284,0.499636129699736
     2584023645,0.500116257991184
     3165597234,0.499605658988398
     1591840307,0.499683911701397
     4294270217,0.499696833072285
       61279800,0.499829600945930
      783765051,0.499698801849462
     4027829823,0.499504873610397
     2937826883,0.499589132452905
     3746065989,0.499731538682625
     2434666055,0.499498759575687
      124726856,0.499867544204565
      441200201,0.499600161151791
     1484713229,0.500338551992438
     1615064656,0.499779195179739
     3111947859,0.499742134166382
       80662100,0.499626710147252
      182988375,0.499763659296027
     1341727332,0.499628951347204
     2110109626,0.499654458656705
     1174163042,0.499529823580079
     3160174180,0.500134045353353
     3273059941,0.500280774918410
     1939639911,0.499854512230349
     3061108330,0.500528666578535
     3728625259,0.499490896947998
      534703725,0.499937584956092
      390794866,0.500058638789532
     1566551667,0.500141223162537
      117821048,0.499802394824444
     3788000892,0.500241191917071
     4167003777,0.499631970744156
     3781652098,0.499934608399150
     2503822984,0.499945061143393
      595299979,0.499490896947998
      267021979,0.499558439279926
     1787417200,0.499520145987327
       46861991,0.500002724691771
     2308848817,0.499630926960184
      372616876,0.499716767524114
     1072588745,0.500046133012971
     2777108152,0.499498759575687
     1094151866,0.499515999111001
     2952851131,0.499670461744820
     4116467389,0.500263437345700
     2554299873,0.500109630955288
     1015049924,0.499557440032871
      568225478,0.499548025998338
        1257163,0.499598360189245
     3766718161,0.500081043895278
     1131998935,0.499946561565568
     3779145439,0.499688473546459
      158502627,0.499708664449379
     1257934569,0.499593311939045
     3527479018,0.499632312277308
     4253662503,0.499778965682321
     1742016237,0.500036564886060
     2835645053,0.499498759575687
      339693299,0.499490896947998
     1270771444,0.499976942754126
     1285533434,0.499772758701983
     3594702588,0.499999788726443
      569716486,0.499972352593603
     3493744392,0.499815306584635
     1118646028,0.499873985500968
     1755041549,0.499531866243796
     3811110673,0.499565070361866
     3559935768,0.500664515770665
     1856163611,0.499609370624771
      470564430,0.499747768578017
     2494672673,0.500653812600089
     3280760610,0.499863788817614
     2871398184,0.499945651824881
     2059693868,0.499563525350355
     2002825005,0.499744407553511
     1821355823,0.499534233327410
     2754340045,0.500030324653113
     1563422519,0.499498759575687
     4184403768,0.499688893299129
     2891705652,0.499765514565432
     1947537211,0.499617495286647
     2326703934,0.499492788247179
     4131991365,0.500237612471144
     1520840518,0.500682480954428
     1466478409,0.499765185823320
     1088122699,0.499827615818854
     1625018191,0.499547732894084
     3360501585,0.499911110800345
      977096533,0.500133141558967
      891039579,0.499798797862551
     2575724380,0.500057166549880
     2424926057,0.499748133065520
     3913175832,0.499715848341902
     1306963824,0.500781055224224
      333893490,0.499766510748130
     2842627955,0.500571264041425
     2790084474,0.499745000077698
     3598651262,0.499498759575687
     3701772160,0.499611682270652
     2219446146,0.500091771833993
      872843243,0.500223721828082
     1111143713,0.500115885403057
     3528822674,0.499933261985348
      386305939,0.499972909930479
     3936325532,0.499554962742096
     1404981150,0.500314987168168
     1193187313,0.499934543344018
       20688811,0.499591680852313
     3740528556,0.499490896947998
     2853515181,0.499824254852931
     3113996209,0.499557363141063
     1660064414,0.499899647428878
     1890627511,0.499512700727095
     2260168632,0.499554066038312
     1434742717,0.500494972265215
     3640913861,0.500232730788042
      888173217,0.499490896947998
     1497722098,0.499559659114664
     1845333964,0.499885156208691
      225832912,0.499828256448046
       73166801,0.500292645575693
      797700051,0.499924318608062
     3357044693,0.499905860236198
      888716623,0.499737679998044
     2629504988,0.499566317322540
     2833321952,0.499795059919431
     2626951163,0.499776735432275
     3111604202,0.499919172388175
     2572185579,0.499659784388637
     2221617133,0.499832027382543
     1065373685,0.499753653030057
     2359283704,0.499603812283960
     1002508282,0.499587217479878
     2144358400,0.500115609300739
     4059254786,0.499585111939599
     2151395332,0.500021942965527
     1771663369,0.499974999899737
     1644675757,0.499628938717271
     2880106515,0.500094357209928
     3645190166,0.499873504080318
     2797146136,0.499884784113797
     1003261977,0.499646802315025
     4010594330,0.499705145794781
      599339043,0.499872806008367
      419508265,0.499777573272025
     2960835250,0.499968734471494
     3216420911,0.500019169045302
      785199153,0.499656634213231
     3114435252,0.499528204571232
     1968173115,0.499585612616506
      860614717,0.499490896947998
      368218175,0.499704094586511
      570683458,0.499879537446138
     1182511172,0.500133847990119
     3357118537,0.499490896947998
     2836033610,0.499831297755890
     3658068043,0.499539674519257
     1667321933,0.500141848545961
     1891242075,0.499814713948981
      513757280,0.499667908587056
     1141059689,0.499548847315590
     4061130858,0.499623559825275
     3817222253,0.499866830389771
     4210077806,0.499955439632943
      801247343,0.500127264040705
     1404883058,0.499628894484039
     3517788275,0.499490896947998
     2602663273,0.500021878480601
     1048768634,0.499555377860874
     2657046652,0.499840953256583
     3864252545,0.499955682089749
     2237673603,0.500588852951515
     2421854341,0.500116292508468
      136507530,0.500168165945160
      924930627,0.499832541684583
      651522193,0.500177077392727
     2166853780,0.499911272896606
     2702725269,0.499522119663451
     4151390359,0.499644365663034
     2986135709,0.500421759126732
     1758154911,0.500548869288677
     2516537511,0.499985711057066
     3086430378,0.499969460411275
     1435692403,0.499625759936318
     3685699764,0.499704827372450
     2678173878,0.500017774107210
     2225983673,0.499586319635208
      160329916,0.499490896947998
     1639616705,0.499549787021793
     2313941188,0.499515581066698
     2584465614,0.500404469909345
     1085755604,0.499791594974606
     2336269006,0.499603905573499
     1392865495,0.499636875264295
      204878041,0.499553133049755
     2208863950,0.500096824549323
      411234533,0.499656665537941
     3142389990,0.499670332268886
     2562715879,0.499948059772114
     1832407275,0.499747744677402
       51712238,0.499607652141860
     3871650035,0.500037015474499
     2483400949,0.500006134026871
       60575993,0.499578277281063
     2130260220,0.500448960367097
     3350425853,0.500230735673477
     2476863742,0.499878507246941
     1659875587,0.499704844997989
     2477863173,0.499490896947998
     1547096328,0.499821694318713
     2777682188,0.499512928008641
      742314262,0.499784608657407
      798781721,0.499741474006959
     2888331548,0.499698582629375
     4292202783,0.499549637534956
     2007396645,0.499852508250861
      326324523,0.499507858922470
     1881395523,0.499668953906183
     1117376840,0.499741523224074
     3651252553,0.499664601157948
     3393409355,0.499578443689312
     4240494925,0.499704756505737
     2956833103,0.499681818146719
     1540526416,0.499548694659461
     1310118228,0.499603928955066
       18403675,0.500111008992899
     3357978977,0.499607351186164
       48025958,0.499630428315396
     1330295145,0.499768030034360
     3185160556,0.500325608477666
     1735913840,0.499655113848443
     2328408434,0.499664026256510
     2424140147,0.499949138581796
      604664181,0.499846681103522
     1622684023,0.499637300171814
     4134559124,0.499885537015768
     1571344767,0.499686440320554
     1945629056,0.499749076592648
     2355196302,0.499603703697984
     2244055444,0.500010701797562
      502436245,0.500012986467631
     1502884246,0.499752750162204
     3126899100,0.499497793235004
     3530199455,0.499558977257509
     2656756466,0.499531897345856
     4075598256,0.499609857490255
     3791221174,0.500188226159330
     3342668217,0.500352991209845
      519926207,0.499609674291131
     2989142466,0.499979627546892
     3548320198,0.499786669293979
     1564103114,0.500051133554351
     2135077325,0.500020398591224
      474837456,0.499706610208126
     1093013972,0.499545895426851
     3503854040,0.499605119591507
     2147815901,0.499494853094299
     1256182240,0.499595146252307
     1905316321,0.499729165296961
       87519714,0.499729984360251
     1686114793,0.499526373580902
     3822293485,0.499830721533789
     3408679406,0.500470542930116
     2990330352,0.500520098439911
     3120738802,0.499938758494755
     2122168404,0.500528703693754
     3520115198,0.500169453145045
     4113224195,0.499631417806818
     2837329513,0.499854669618671
     2350354953,0.499736384463763
     2571596299,0.499715720801682
     1198436877,0.499654504115649
      473862671,0.499799764541530
     1672737297,0.499770140360828
     3980784151,0.500151014794184
     3613018202,0.499611754205969
      697963049,0.499553356457385
      280945415,0.499503580842713
      476525107,0.499557740339119
     1443332873,0.500260325290646
     4168364602,0.499583194286879
     2441351741,0.500388546903658
      819589694,0.499931408959724
     2476257859,0.499872153109122
     2640457142,0.500045517183163
     3536450118,0.499891064723642
      606532167,0.499978926702451
      906285644,0.499558411810899
      336466512,0.499664188917884
     1352815192,0.499632544052650
     3814961753,0.499962383580628
     2478674523,0.499684011608334
     2007282268,0.499953423784561
      170226269,0.499490896947998
      237580894,0.499873691477482
     1269019240,0.499945708754213
       28562031,0.499635045273482
     2931069552,0.499591593626937
     2379077800,0.499492833913189
     1444024960,0.499904497856883
      936596102,0.499878431823012
      586519180,0.499697257169290
     1301975697,0.499989365117185
     1730433688,0.500277455683753
     2970555038,0.499764975057040
     3498168993,0.499958607772514
     2911457959,0.500200684849753
     4107874988,0.499490896947998
     2402292397,0.499510186604781
     1438274224,0.499885345011836
     1777947317,0.500128288561186
     2084278972,0.500406772910842
     1421005503,0.499739254585614
     1494217410,0.500412527308203
      565949124,0.499635801845210
      175198917,0.499825202393432
      583611083,0.500604592835957
     3384578765,0.500301102826667
     1782723279,0.499772554559562
     2097738457,0.499502893279950
     2389824220,0.499618195218769
     3222165626,0.499716947580247
     2592420575,0.499881402041681
     1239435542,0.499517139440716
     3518264036,0.500134801361664
     2382885606,0.499607729687416
     1022186216,0.499553557408327
     2053690102,0.499658365978592
     2249691904,0.499511651514846
     3469480706,0.499931176913625
     3021493001,0.499619829489168
     1991938829,0.499564834221423
     3229520661,0.500152858195727
     2101334808,0.500230084259917
     3217699612,0.499951842609971
      849261353,0.499733196849874
     1292038956,0.500165646333189
       13579059,0.499727997413781
     1078121284,0.499534145094453
     1937757001,0.499512750157327
     1091227106,0.500067424292498
      753881937,0.499699408139519
      944763734,0.499885636477438
     2388218712,0.499933425204006
      892212061,0.499965380827340
     3296187235,0.499675723584917
     3507802980,0.499690882785893
     1602499431,0.499952175154512
     2056270699,0.499837750178398
     3042571116,0.499861029352133
     3374379886,0.499549303820474
     2584441712,0.499490896947998
     2915136374,0.500359309910875
     2790757250,0.499846133240228
       39662473,0.499683480611680
      544502666,0.499745880041757
     1496134540,0.499567954839545
      571839380,0.500235308293904
     2996056988,0.499754681146190
     3896652702,0.499535634521609
     3557749663,0.499490896947998
     3542741923,0.499824724667377
      860074920,0.499498759575687
     1561932719,0.499507160281713
     3095622577,0.500198421157505
     3227046837,0.499900156336587
     2251035578,0.499759719745931
     4062335936,0.499678131688803
     2522682305,0.500168160721886
     1705530308,0.499921144050469
     3696571334,0.500090239125981
     3501863883,0.499666727158965
      511906768,0.499992452875445
     4206736337,0.499858453985250
     3969135570,0.499550536734499
     1240241112,0.499839690004342
     4051833820,0.499809096269457
     2006040353,0.499635416653440
     2687480803,0.500045597591858
      440939493,0.499490896947998
     3558003689,0.499554426077275
      135869424,0.499726645858921
      197093544,0.499661441711071
     1333195762,0.499842134982864
      322589684,0.500095128468186
     1037939704,0.499755100252650
     1912189950,0.499634411245115
     4116632580,0.499783805168095
     1874916359,0.499493005644150
     3824833561,0.500014164228729
      927241245,0.500472500844826
      944157726,0.499807457152599
     1116599329,0.499953446283904
     1270992390,0.500574971563735
     3718927404,0.500293017473809
     4197446704,0.499752041683072
     3852096562,0.499798281914864
     1758966843,0.500418340341935
     2334716998,0.500316437633224
     3778204746,0.499788013118046
     1305760850,0.499729084950021
      244462675,0.500121014966286
     1919152996,0.499502173920653
      943707226,0.499907859477668
     2043376732,0.500218080247915
     4017534046,0.499514863278756
     2154708496,0.499824210894014
     2684771858,0.499903502311698
     2906420334,0.499664996769632
     4197151858,0.499961715316282
     3085964404,0.500141389356138
     2377872506,0.500019190879526
     1548748991,0.499951759563094
     3040318592,0.499758510201439
     4039144577,0.499490896947998
     3423802502,0.499854646825192
     1524790409,0.499728950538540
     1376646283,0.499725593978445
     3675509902,0.500123390282026
     2052215951,0.499490896947998
      865973392,0.500692723895991
     1120441496,0.499877174759007
     4151208132,0.500509143730546
      932664477,0.499662579021682
     3507590304,0.500769647860829
      384586913,0.499529895052968
     1546777764,0.500034269112643
     4211618984,0.500374606507798
     2979116205,0.499778472993826
      392377518,0.499679591919994
     4050719921,0.500178005110742
     1360598195,0.500109394585136
     4216542392,0.499513486831219
     2137593022,0.499517735623273
      256070847,0.499632445594613
     1673548992,0.499842074169683
     2848232641,0.499784980387456
     1465881794,0.499927142979968
     1740027076,0.499552215581789
     1355830470,0.500287374460467
      391486463,0.499760988043587
       66827474,0.499490896947998
     1679398101,0.499976349848392
     4025644250,0.499736317750624
      321967324,0.500057640876062
     1379431645,0.499516988325063
      358642912,0.499550038376467
     3058144487,0.499490896947998
     4029453550,0.499712633969226
     2136347889,0.499870057600417
     3048527090,0.499773329746020
       18527477,0.499490896947998
     1077458166,0.499651932234420
     2152346877,0.500124184182659
     3623908612,0.499803660129079
      705066247,0.499569094352602
      873911567,0.500073556867909
     2242966804,0.499999613310310
     3933263128,0.499821289277433
     3587429660,0.499538502704195
     2289595681,0.499760904004055
      183359707,0.499819560602027
     3109672237,0.499867740462860
      468416893,0.500163828897102
     1082086708,0.499596591167804
      947148085,0.499830612481322
     3069891465,0.499736767473928
     4263990585,0.499613894714689
     1236740319,0.499888660880415
     1853191050,0.499715167053035
     1498838336,0.499890040583961
     3678401862,0.499994822075059
     2492675400,0.499960640877217
     2919210693,0.499761477883563
      467211596,0.499490896947998
     1341625680,0.500117171831563
     2119570771,0.499620319428723
     2830325078,0.499829584679127
     2306061655,0.499691289803945
     2981311836,0.499754897729552
     3304576351,0.499583307033440
     1610184032,0.499592522120820
     3316633147,0.499620772313198
      501962084,0.499995046020040
     3090437477,0.499712829491659
     2208191846,0.499525485953720
     3979113834,0.500134415114358
     4272829805,0.499839193797236
     1171027314,0.499873680413353
      156964214,0.499970897820039
      588242317,0.499807727495891
      622466425,0.499677120232047
      173299067,0.500473048794326
     1156633980,0.499550120609066
      696685957,0.499743142201010
     2598065556,0.499700404716235
     3557094808,0.499566759520012
     1580438941,0.499638331514218
       84317600,0.499661125739849
     2855671201,0.500547131633474
      242955686,0.499711748270044
      738039210,0.499501401775245
     1651219599,0.499596055070952
     1239109318,0.499676719903978
     3485953609,0.499564039772628
     3742897593,0.499496613843972
      981652924,0.500522877983974
      335181247,0.499573668279812
     2883999170,0.499712672638700
     3364795734,0.499490896947998
     3567990215,0.500518027476763
      739218891,0.499516311622064
      171775437,0.499633386355364
      466367952,0.500111964362044
     3863713234,0.499700739240200
      314179150,0.499523450020109
     3422180824,0.499924383279305
      351587919,0.499790585295157
     4115720443,0.500276596931604
     2582709158,0.499546686206232
     3290822121,0.499636256993809
     1966446059,0.499674440248108
     3746575853,0.499808354543265
     1158059503,0.499807937656939
     2937419248,0.499758994539520
      132953585,0.500418531165810
     3343150373,0.499733247958828
     2682582518,0.499511026784449
     3008132600,0.500166396325893
     2487299384,0.499776629894197
     2009945606,0.500003473254440
     1071396361,0.499667272944900
     1720399375,0.500148797129161
      821933587,0.499664164298226
     2624099863,0.499490896947998
     3058402847,0.499578947062922
     1886295579,0.499831186596400
     1795282466,0.500139620947782
     2374923813,0.499762198653525
     3849475626,0.499678732856773
     3247797804,0.499807036823741
     1212634670,0.500097532389980
     1789539889,0.499856515639110
     1971115572,0.500029358389586
      582489655,0.499519798805936
     2645702202,0.500025910302196
     3234780736,0.499506939705737
     4243338818,0.499731055027453
       91739717,0.499683692725840
     3588904522,0.499856142156362
     2483377740,0.499996566387330
     2236601934,0.499716968951543
     3094918738,0.499586383710097
     2176816726,0.499498759575687
      525997655,0.499980351765281
     3880154712,0.499723272046168
      261510752,0.499800940032569
     3410957922,0.499490896947998
     3435443813,0.499538392514220
     4198307433,0.499692729231606
     2388883054,0.500376810046370
      185407090,0.500330371734273
      617879162,0.499579465402284
     2118084886,0.499822598174149
     3478886022,0.500197187139528
     3402217097,0.500417772050677
     3218437773,0.499829299674677
     3883677327,0.499761372562218
      941771033,0.500310113297251
     4180530846,0.500368171358568
     1275393695,0.499775456198469
     1332237991,0.500494478463086
     1638313586,0.499878474668077
     2160055984,0.499490896947998
      295515825,0.499678104464955
     3874215604,0.499847926831904
     3933861560,0.500134743215962
     4208424633,0.499953635485392
     3960059590,0.499623929382805
     3158144716,0.499956222798723
     2527024846,0.500133871092793
     1205966543,0.499857072286528
     3253046904,0.499606673020160
      611202773,0.500099099080089
     3298506462,0.499576632349863
     3274798815,0.499868433231403
     2381166311,0.499512138614599
     1200830187,0.499683467425848
     1518423631,0.500105949007834
      602085114,0.500208592455856
     3883054843,0.500768413380233
     2494748414,0.500381376518199
     4201297666,0.499808332517764
     3657103121,0.499540194771561
     2224142102,0.499490896947998
     4285110044,0.499837930225741
     3899905824,0.499963887346242
     3661641508,0.499571636592532
      720672552,0.499512714154845
     4143560490,0.499509577138374
     1881110329,0.499931709710542
     1657820987,0.499569269171049
     2759186237,0.499596634515633
     3806140231,0.499749776995200
      313775948,0.499775597082906
     3561609037,0.499877681224830
       32388948,0.499648354971522
     2497869653,0.499678397512690
     3418183512,0.499958028545946
     2709034841,0.499512897279507
     2191300442,0.499986457330315
     2011993948,0.499624084435920
     3869894970,0.499490896947998
     1637365598,0.499509667918391
     1732637669,0.499613717913829
     1582536544,0.499963626952711
     2310846305,0.499536239359272
     1679660898,0.499736941458813
     1211938659,0.499685796758411
     1638676327,0.500151589857972
     1300567917,0.499653049258179
     4172461937,0.499992014333744
     1739863923,0.500061840822470
     1528485753,0.499606194131335
     3381188479,0.500287822100594
      288397188,0.500169704894227
     3882964869,0.499490896947998
     1491908492,0.499957619744397
     2550691725,0.499621625092441
     1921382330,0.500516081670292
     3404068752,0.499839164874353
     2750404497,0.499724201907708
     1645606805,0.499745347289722
     2551666585,0.499513626993985
     1604024219,0.499655103341662
     3550779297,0.499758499306835
     1221009051,0.499860571092619
     3451967396,0.500064483432931
      359864230,0.499693661448748
      179509162,0.499577122532345
      925185965,0.499662073270933
     2913793969,0.500096649064783
     1453414330,0.499821762469803
     3158480830,0.500022545837471
      226736066,0.499828033444505
     2265090379,0.499534809383871
     2477266886,0.500158523555743
      554056686,0.499901024552111
     3631372238,0.499576791575799
     2438748111,0.499950966326862
     2987530192,0.499720791966512
     2642753501,0.499814084792017
      580103847,0.499596634515633
      493197297,0.499779439238817
     4208333822,0.499490896947998
     2869240831,0.500307082221103
      678940729,0.499816849323014
     2079665836,0.499641128346312
     1284511760,0.499984771159124
     3449395218,0.499533138622253
     4085970964,0.499971795026373
     1613707386,0.499728307111297
     2610558998,0.499745226106595
      437327904,0.499570040356417
     3232315427,0.499631415269853
     1729181738,0.499613083906848
     3657848878,0.499741106476635
      805615667,0.499576668315327
      976910388,0.500055200827452
     1977284662,0.499629915093047
     2596952119,0.500111201866632
      932018235,0.499812473959716
      427808828,0.499637908791636
     3456333885,0.500743627180374
     2493978686,0.499687791017279
      551057472,0.499739000566038
      715610178,0.499850769506147
     1811899403,0.500267889284874
     2018506826,0.499819259607830
     2394025655,0.499846278024032
     1383159884,0.499526996593461
     1101158478,0.499764530134966
     4146624593,0.499821579659621
     3410212948,0.499839790616704
     1709185112,0.500034398804903
     2926860379,0.499564027597642
     1514248290,0.500022094823262
     1551325285,0.499786628750921
     2458753130,0.499665797691936
     3102701678,0.499853852062029
     3405480451,0.500038800014136
     1087592563,0.499707270400389
      138197111,0.499947520573402
     3933755514,0.499879213542824
     2589694076,0.500129019837786
     4198365309,0.499951418345194
     2568684888,0.499554000916210
     3609788096,0.499490896947998
     3267967108,0.499787118477078
     1576130694,0.500132133329593
     1188789953,0.500439094366256
     2933889167,0.499511281604835
     4056283291,0.500353678659723
      503453855,0.500038697494376
      421583216,0.499722907724989
      330002118,0.499781581517358
     3832551592,0.499822663111156
     3581273116,0.500443152084278
     3504232619,0.500319531337279
      829192364,0.500435047608089
       76011693,0.499683214378475
     3719747758,0.499792079109897
     3869382833,0.499698578548651
      875118281,0.499496869514592
     3986745716,0.499569266686440
     1837160634,0.499584769093107
     3473062078,0.499490896947998
     1132714357,0.499844519030528
      789592262,0.500091826292643
       88373450,0.499876502837583
      788560084,0.499495109789162
     3615217883,0.499555277314708
     2072312029,0.499689873716281
     4255810597,0.499849531885051
      893065444,0.499515581066698
     4022775505,0.499792567410651
     1085602029,0.500096986402309
     3320682734,0.500353499458601
     1109121263,0.499854538795268
     1745590513,0.499524949028115
      623458559,0.499490896947998
     1220720897,0.500091838519326
     3614505789,0.499510921167198
      361732358,0.500085816108022
     3407411468,0.500026524193924
     2887596301,0.499845811377487
     3459275023,0.499635911455627
      927439134,0.499658745623499
     1956268421,0.500116792168755
      729512225,0.499792277355442
     3691403563,0.500265730260760
     1200462129,0.499625848612854
      697006387,0.499588345315734
     4029937973,0.499772239563938
      159635782,0.499735283557671
     4075493706,0.499707745782743
     1369454925,0.499530163779088
     1951029591,0.499552133311405
      203774297,0.499855954438162
      958658909,0.499570516570305
     3265034590,0.499621591830734
     1576114533,0.499517699390638
       72718694,0.499666643842292
     1871985001,0.499746426688126
     1741699434,0.499493422016121
     3356088685,0.499490896947998
     4113152368,0.499818242637765
     3583203698,0.499802675491102
     3117619572,0.500150168103186
     2343754101,0.499885156208691
      848662249,0.499560517009470
     1403378041,0.499585612616506
     1361631611,0.499683630776256
     3914362602,0.499896127583615
        4643202,0.499575474501914
     3307264388,0.499915418802749
     3271063951,0.500347442796229
      485333393,0.499947471188060
      670357906,0.499781217041750
     2863987099,0.499670229296997
     2047220126,0.499490896947998
     4149287333,0.499515982335547
       37935529,0.499658788040508
     3328186799,0.500096503313870
      689772978,0.499607922707454
     2537568694,0.499567103010582
     2277284281,0.499580507428952
     3422230977,0.499724161703350
      512334274,0.500388831836527
     3200489924,0.499597556507282
     2457386742,0.499596684805192
     2308995527,0.499662602561728
     3073882568,0.499532522369238
     1854691785,0.499609800853188
     3566295499,0.499632641554810
     2187549133,0.499719880520470
     3618181813,0.500127298556240
      203979224,0.499562237989162
     4241785291,0.499602426593375
     2437863907,0.499689345301337
     1359378916,0.499974656646642
     2463136232,0.499502460544713
     1709521385,0.499504393640783
     2901006827,0.500023927771747
     2333530607,0.499907586718068
     1786010104,0.499612356658507
     3288160761,0.499541377170363
     3883276796,0.499956985791398
      669817356,0.499605458188009
     3263830544,0.499564177825097
     2657384977,0.499753625403445
     3585636883,0.499865966109457
     2131909140,0.499664262311796
     2667043355,0.499498759575687
     2404661795,0.499788878030154
     2846800427,0.500021853997075
     3553172013,0.499496688069183
     3289564253,0.499781498164298
     3250715193,0.499527164863447
     4081252925,0.499855370540993
      271497799,0.499808764875250
        9768716,0.499490896947998
     3817855562,0.499521551763349
     2499344973,0.499493036470908
      957332047,0.499836482640458
     3397794385,0.500233458251422
     3967015511,0.499546937117430
      875764320,0.499576462401907
     2753223268,0.499584446031821
      771340907,0.499549020835299
     2449627756,0.500333320045708
     1806793328,0.500005222796466
     3736459894,0.499529919693265
     1148893818,0.499531833443620
     2990185083,0.500019110584861
     2046892668,0.500042930111592
      397204095,0.499490896947998
     1449008960,0.499611837250275
     1351482663,0.500241515857717
     2776128130,0.499679219272638
       40491651,0.500020023278965
     2229549705,0.499490896947998
     3238230667,0.499490896947998
     2571655820,0.499522971601926
     1929247386,0.500256764191720
     1227471515,0.499498759575687
     1134443164,0.500076515748325
     1882749605,0.499635418321588
     3033774758,0.500318168949972
      430414510,0.500394538355869
     1319968541,0.499508053108563
      586021554,0.499607910941726
     2315229877,0.499771595775531
     1948625147,0.500274316291464
     4081760952,0.500310395489103
      358260511,0.499599944294692
       22256316,0.499865564582692
     1331550909,0.499571563299682
     2311822017,0.500077100407548
     3590882422,0.499571960055420
     1204391713,0.499823528709439
     4018109131,0.499918705332496
     1888672462,0.499728381088440
     3612859092,0.499586811218037
     1731795669,0.499819195203667
     2839780066,0.500317978438356
      866073317,0.499509873253640
     2907028199,0.499565960780008
     4265422151,0.499786743683505
     3729758955,0.499553227952898
     3384551890,0.500006978414358
      363141879,0.499554186129246
     3755088636,0.500308318243424
     1520301184,0.500449359261387
     2034572043,0.499490896947998
     3436862222,0.499490896947998
     2890521360,0.499736112433181
     3727825694,0.499490896947998
     1019198242,0.499636971813195
       98581287,0.499523733713751
     1060059945,0.499756787382058
     1570650922,0.500105746211362
     3749239597,0.500116052270377
     3089701680,0.499733067735854
      767754035,0.499841433368144
     2417144969,0.499797295977951
     3785988920,0.499804425673863
     4255292219,0.500299517325296
      970193724,0.499582110363841
     2117811005,0.499561743362061
       96967487,0.499490896947998
       15145794,0.500022146831673
     3649688715,0.499695106347266
     4022688588,0.500079143273459
     3338779471,0.500723961758243
     3563690834,0.499609613667489
      625179483,0.499630213489272
     1847245667,0.500193212371491
     2483772261,0.499490896947998
     2918734700,0.499862829599550
     4055022445,0.500384906624738
     2867346286,0.500357048747708
     4124490216,0.499951620792406
     3814265525,0.499675732774681
     2310486505,0.500054042508126
     3369384825,0.499816625393408
     3082582913,0.499498759575687
     2331876230,0.500198730348222
     1665702791,0.499933739233012
     3598203784,0.499628155207765
     3334839183,0.499490896947998
     1988500374,0.500051297137106
     4022524826,0.500105133231390
       16030619,0.499494974944049
     4160281504,0.499614561670705
     1818829979,0.499490896947998
     4037139365,0.500010145120850
      764009382,0.499611837250275
     3221486508,0.500373157240017
     2970154141,0.499573100908750
     3929193078,0.499552091385049
      878579529,0.499808832125618
     1343527868,0.499940099196456
     4068178877,0.499595520922170
     1738030014,0.499669306861503
     4241914816,0.499754829559070
     1839918322,0.499657660422267
     1815354318,0.499733990912787
      105642960,0.499647738982345
     2622856149,0.500113919189293
     2600873807,0.499607809125612
     2794118114,0.499544141770948
     2043248465,0.500529399085553
     3160595433,0.499490896947998
     3842497516,0.499960440211357
     2148965358,0.499726677982738
      158940143,0.500348279480975
     2604497909,0.499846820594115
      268442623,0.499543785866357
     1109564424,0.499688701051728
     2079505419,0.499992783879052
     1510816782,0.500162743406022
     3922295823,0.499691691455226
     3368393744,0.499703688016554
     2482302037,0.500564919104829
     2147465338,0.499614094577729
     3856037277,0.500614246804377
     2974096410,0.499567206045704
      372857885,0.499712925641145
      380673055,0.500139612822157
      394984483,0.499796197198757
     1533582384,0.499618896936405
     4219345971,0.500157758113061
      183204935,0.499530282408918
     3971218504,0.500054628556100
     1105067091,0.499600830292146
       50076758,0.499629721530603
     1130470487,0.499752320617308
      173341789,0.499492833913189
     2941705310,0.499656453499661
     2398788706,0.499554588272825
     2257353829,0.499809430188337
     1989368937,0.500288314306338
       24755307,0.499515468187234
     4186537070,0.499990005327709
      250920048,0.500002977750764
      702889076,0.499615963212594
     4182602942,0.499695626124295
     2302891199,0.499667727505172
      881204355,0.500038696247898
      309935240,0.499935810134183
     1974402191,0.499683530275485
     3958791318,0.499826587109041
     2561965207,0.500129252355514
     3936615581,0.499975641492541
     2759880560,0.499734889743959
     3182419120,0.500510382023179
     2401565873,0.499770542209855
     4291488745,0.499902399307544
     2840263860,0.499601068633679
     1814088826,0.499691832448253
      410565817,0.499972890248126
      670366919,0.499586811218037
     2472254668,0.500454723002501
     2760817870,0.499940380349618
       68991036,0.499503275077214
      395738321,0.499947379133090
     2375990486,0.500223834737591
     1395580121,0.499869835655711
     2931588314,0.499667395392559
     1750662364,0.499737488478458
     1260751404,0.500424664968032
     3970042405,0.499716606793848
     1120148704,0.500530860759429
     2257001698,0.499538067110910
     1706497234,0.499829186350794
     1039301878,0.500558745563629
      886897913,0.499520830490592
      491535621,0.500142345731712
     2194177287,0.499907019242795
     3141172489,0.499493870436020
     2228226605,0.499663540390799
     3968851216,0.499578828964689
      227245329,0.499557807061970
     1556585746,0.499580216791263
     2614397486,0.500315708923581
     3611704599,0.499647943515480
     1775099163,0.499490896947998
      808714118,0.500022467915103
     1889213735,0.499521028388143
     2509626664,0.499536370809383
     2419561692,0.499498759575687
      651050282,0.499511597225459
     2701409582,0.499515334863712
     1211170095,0.499615776473576
     4158479668,0.499736080591308
     2255150393,0.499728730825622
      376003904,0.499888099537534
      787487372,0.500263380842356
     2713115974,0.499511208804544
     1545878855,0.499774113905330
     1000660300,0.500052791618135
     1260887373,0.499709714847019
     3495624015,0.500010775833897
     2173959522,0.499560234332824
     2280783209,0.499579023576372
     2105236843,0.499536521248591
     3299913618,0.499830562316865
     1570651505,0.499740553238862
      209313138,0.499685659579794
     2505014644,0.499712981063295
     3698515322,0.500335928287220
      164953467,0.499751535921043
      538404590,0.499767537821393
     1843297665,0.499675847993996
     1591762309,0.499606871659971
     3103078432,0.499658552752323
     2015690124,0.499639031433518
     3931028877,0.499669711380208
     3262332304,0.500114904948859
      354131348,0.499626484222386
     4046083310,0.499659192967429
     1108729241,0.499645934636212
     1295580580,0.499637986644199
     2963283368,0.499968256911262
     1618673067,0.500422556476374
     1362372441,0.499501738312318
     3950779824,0.499509066535743
     3384843698,0.499556611169184
      287219131,0.500061412998228
     2583739840,0.499536284190147
     2610486723,0.499744017719924
     2330787268,0.500208858570664
     2337250757,0.499542392111606
     1241464267,0.499649814843855
     3397828046,0.499609857490255
      340975058,0.499679158977826
      799989205,0.499687747247827
      235994585,0.500376344795347
     3336568290,0.499774918702399
     3255694526,0.499791503411625
     1904492019,0.499683937931568
       65797629,0.499834823431262
     2966199806,0.499569887914053
     3281387017,0.500246918705151
     4051443216,0.500168145111094
     3813654034,0.499609995976207
     2359614999,0.500156350672489
     1542995481,0.500440870953534
     3462888987,0.499900894985649
     2056594679,0.500459466873548
     2441575971,0.499523140518519
     2037194281,0.499934635731250
     2979749419,0.500109661039778
     1328774706,0.499498759575687
     1620573756,0.499576392126057
     1255956033,0.499565804230301
     2282454601,0.500452175680989
     1746599500,0.499667009442754
     4241981006,0.500410907928023
     4111670865,0.499704014018998
      448503396,0.500427804249071
     2145680999,0.499684625410050
     2903367273,0.499960973248664
     1849286254,0.499553654978064
     3360521839,0.499505078411686
     4087340658,0.499588314644204
     3924696691,0.500326470693545
      583376511,0.499564898877471
     2184633986,0.499596692882180
     3272932995,0.499533635104740
     2094557805,0.499888367003226
     3511541392,0.499858674493678
     4168267032,0.500174520599981
      599457430,0.499771721301223
     1678261911,0.499495375641694
     2295021210,0.500271493061755
     2397413019,0.499804237032402
      791486108,0.499529556318707
     2647432870,0.499506528003681
     2173427367,0.500272269807255
     4165164713,0.499756296576155
     2204466868,0.499490896947998
      873627318,0.499834627479226
      510492343,0.499900641796411
     2510893337,0.499490896947998
      153026235,0.499650843745607
     3635124854,0.499490896947998
      591328112,0.500205796401774
     3977731781,0.499627552369682
     2705112774,0.499928562267228
     2528212257,0.499933857976767
     2161078220,0.500104227593561
      148438730,0.499676993315168
      991469263,0.499957010695074
     3454443216,0.499625609758752
      206110424,0.499628485815136
     1623826137,0.499826681042215
     1175566970,0.499782751617805
     2716475113,0.499709209962646
     2673098476,0.499490896947998
     3763732209,0.499813349150825
     3477126898,0.499623771441563
     3276087030,0.499874823184818
     1421057783,0.499593655881111
     3467385471,0.499771536275188
     2459865723,0.500324253157757
     3654246152,0.499800806487109
     2863300363,0.500367533432367
     1191894799,0.499772063479424
     2867445520,0.499739101239877
      639244931,0.499623720089057
     2574704410,0.499549145573680
     3724459805,0.499673863539543
     3113393951,0.500109839519413
     3963895585,0.499746395660250
     1363935017,0.499917531558037
     1729862983,0.499516658171696
     3275121971,0.499921479733571
     3526450996,0.499800348630918
     2810986298,0.500168840787070
     1139621696,0.499797304177671
     1455914817,0.500165008126600
     1651703618,0.499583781363580
      764501827,0.499613116479349
     4109639495,0.499544345376232
      925630280,0.499977008085130
     1283660428,0.500277418951713
     3522961232,0.499605257078567
     2566176593,0.499783845886607
     1788977308,0.499632391120050
     1050025814,0.500373717148250
     2653339480,0.499745238357695
     2848199995,0.499555864610846
     3062693740,0.499739313108010
     3951886190,0.499595209288413
     1800560616,0.500019536884309
     2359730034,0.499833960879905
     2539634665,0.499574188666306
     2884132730,0.500006652490823
     1069350779,0.499502893279950
     3048705453,0.499823544525703
      865197954,0.499673929870953
     3574120325,0.499857373644072
     1634516870,0.499964816574684
      606248839,0.500029434351238
     2726870921,0.499560094839029
     2697568142,0.499612415905964
     1680088979,0.500576516831297
     2982068117,0.499786726483168
      257654678,0.500000243746161
     2357903260,0.499575403113494
     3565502365,0.499738014827521
      713408414,0.499893597836740
      224853921,0.499893504584127
      171698843,0.499725308306737
     3975717091,0.499498759575687
       52305841,0.499498656608305
     3851599795,0.499529930677030
     2988146614,0.500692677551633
      773332920,0.499587666204511
      729505721,0.499989992282601
     1576640450,0.499637698883118
     3373170628,0.499490896947998
     2883264454,0.500640436621841
     3855073226,0.499493560767358
     1174044620,0.499913726861683
     2135293904,0.499667579640855
     1836335061,0.500326812222692
     1897915727,0.499703753076844
     1701158876,0.499712543833012
     1650802653,0.499993275436415
     3124314078,0.500003259990384
     3740147683,0.499574618417748
     2438152168,0.500019191588640
      571367201,0.500326693891465
     2691129325,0.499515581066698
     1736278008,0.499520325342067
     4011778046,0.499738454605343
