,LogisticRegressionScorer_LeaveUnscored
3800760322.0,0.531556351374
353755139.0,0.508214805043
2729656324.0,0.51269768497
2830325078.0,0.509707356064
1318838287.0,0.499575245984
946176016.0,0.505985409167
453500945.0,0.501816645004
3191791619.0,0.496599643765
839647252.0,0.497629736245
2511904795.0,0.503637337181
3333611548.0,0.495628873044
3737272353.0,0.498286689938
185188386.0,0.497368406808
573325347.0,0.519512673545
2124324901.0,0.499498765089
197165095.0,0.524292219388
1188814891.0,0.482906536828
982360109.0,0.495113658382
1910931504.0,0.503010139001
966934580.0,0.52419324093
1563967552.0,0.519976704695
3562463301.0,0.501816256073
3795304520.0,0.492098302141
421388363.0,0.500051070978
1053548620.0,0.493444963423
596918352.0,0.50809893859
3317047384.0,0.51438574821
2813616217.0,0.498942362492
892067936.0,0.498043328819
1650581602.0,0.510582819325
595230820.0,0.499598779595
271982693.0,0.497419888096
2847694951.0,0.515257982481
1811882090.0,0.50344241473
377551549.0,0.529549474341
4113883249.0,0.500428817096
4256784501.0,0.501766209898
2713296789.0,0.503593006517
1919869055.0,0.522779626526
3376365700.0,0.497558139984
456062317.0,0.507638095146
1438113939.0,0.51843840156
3993051292.0,0.533265494036
2703515805.0,0.500891538582
1398325407.0,0.497239895651
2587648164.0,0.521572690017
273670311.0,0.512003545149
1003888808.0,0.501399449352
1604305068.0,0.500232117729
686342322.0,0.510418331486
779665589.0,0.497991861609
3893919927.0,0.499820295818
3389104312.0,0.503809539341
1134182585.0,0.497714538049
627261626.0,0.505628710543
1191354555.0,0.532958246085
3524886718.0,0.512130550648
1729274049.0,0.530856045454
2221392069.0,0.507550140912
2389745864.0,0.488972497554
3485769930.0,0.493347204431
2741403852.0,0.517460137346
2746769613.0,0.519784105189
1934541010.0,0.516883945744
3035087059.0,0.503186957274
377725140.0,0.495321168632
207126743.0,0.497447939265
2444411098.0,0.52355093918
2321039579.0,0.52919640197
1908408542.0,0.500071012152
4243587295.0,0.495718084032
3824074979.0,0.513532088483
1135370468.0,0.496605026797
3872112877.0,0.515146815144
945307889.0,0.523837266296
3187415764.0,0.50776504053
2530836730.0,0.499736808469
2476228860.0,0.504853889723
326115587.0,0.513053362067
833462533.0,0.498981851278
1727209735.0,0.503636215159
1162879243.0,0.501237508005
2047435022.0,0.516399035499
2641698861.0,0.502811152671
294084880.0,0.500045419132
3877413140.0,0.504934526266
2554929200.0,0.504758094793
2803204391.0,0.512938333466
2214011194.0,0.494715263323
894198086.0,0.521220414435
705610059.0,0.506982423609
1743118669.0,0.499757420153
1125007695.0,0.508701347828
3385723619.0,0.525533519486
2252398935.0,0.499764442774
3459391835.0,0.51804181647
304669029.0,0.494684865179
390603110.0,0.498060580923
3155247463.0,0.506601551016
3379814765.0,0.490705799268
2654183790.0,0.500991095386
4060651888.0,0.498421440685
788922738.0,0.516432489782
2233672054.0,0.500944730948
537633146.0,0.520260417993
2078874347.0,0.508232268851
3638092168.0,0.499129929719
58196362.0,0.500887553605
1150966509.0,0.498188597217
3796042128.0,0.498828782238
3072508306.0,0.521472626322
3878986134.0,0.499129929719
884695447.0,0.507771793159
2726986138.0,0.496077355147
1247887771.0,0.495410545268
1732641187.0,0.534313864443
1760543142.0,0.498812014309
2428084650.0,0.505063885668
391848367.0,0.526945797027
2284863940.0,0.52039285714
2877448651.0,0.532476623913
2648768974.0,0.531868028472
3103965649.0,0.5016399228
2899255767.0,0.514334341944
2753938852.0,0.506666892204
1373077981.0,0.500250901446
3291931107.0,0.50965578876
2976760295.0,0.506648983079
3937534441.0,0.533893574517
2566373869.0,0.501552027371
153805298.0,0.497345775886
3259998708.0,0.539574053517
2570693374.0,0.503042839509
2638545403.0,0.530516686515
3669713407.0,0.500867721573
3405480451.0,0.535192654536
1470259719.0,0.51100347872
740557322.0,0.516475915439
1571799565.0,0.497149925553
3891479981.0,0.501520781269
986341913.0,0.506835003386
705159706.0,0.513589051591
1081721374.0,0.503952182107
1863241819.0,0.5000331854
2597126692.0,0.495381510407
221667877.0,0.524688577389
1914327446.0,0.499143810756
223183399.0,0.526824325623
3211469352.0,0.500209072836
241197609.0,0.506781515357
1984922154.0,0.507920784311
2576130613.0,0.496906798071
3395469881.0,0.502802749276
3402240151.0,0.493059728183
1663754816.0,0.501546240052
1271890500.0,0.499757420153
1343382088.0,0.533444882673
3033178703.0,0.49829513044
292889168.0,0.500212134502
666796625.0,0.495633868348
3016565331.0,0.499150590734
2052186708.0,0.512113166993
1490195897.0,0.504930717689
4169212504.0,0.510488302435
417350235.0,0.502635214904
1728774750.0,0.497105606041
311411296.0,0.5028024929
1287709284.0,0.486237317894
4235797096.0,0.500453063189
675529322.0,0.506468974166
1059373679.0,0.519508940588
4062413426.0,0.500731932873
1409090165.0,0.495368881632
4113760888.0,0.500332447548
369566332.0,0.516816860518
2875887722.0,0.498479239288
4098630272.0,0.492321742121
4028572289.0,0.503627756708
1352336002.0,0.507067355467
906519175.0,0.517298626776
304628365.0,0.51694839349
10216085.0,0.50470302867
1988797078.0,0.52749624112
2873991845.0,0.535646483428
437625510.0,0.499508599479
2165359274.0,0.514655471567
73499309.0,0.527575606104
453935793.0,0.498762256326
952656562.0,0.49994776531
4205724340.0,0.506956667426
2069758649.0,0.504935351507
2741191355.0,0.531723490893
3283878590.0,0.522706971935
3142525631.0,0.506550860191
523649730.0,0.508849029015
4123853512.0,0.502404360156
1685709517.0,0.505517757369
1258242766.0,0.496519382214
1070883551.0,0.495686657233
1791967981.0,0.50810525245
3400393458.0,0.499991448323
4201267955.0,0.499807611676
2118558452.0,0.521004377242
1015923445.0,0.515285864067
949631785.0,0.508959236893
3668738810.0,0.50082945511
1073349371.0,0.492812771436
2505499390.0,0.502735122872
4166579669.0,0.504906941941
3559965440.0,0.5035508044
897123075.0,0.509637848274
2681979655.0,0.518649015266
1441981193.0,0.529841120255
4106216208.0,0.498203797294
3462333912.0,0.500440458431
638078708.0,0.503551066735
2974147351.0,0.518967653992
2914370328.0,0.51229449921
1892746009.0,0.498302079069
3677799199.0,0.528560835476
1169204003.0,0.520029939857
1936007973.0,0.492454484628
806708007.0,0.500754017833
1608631094.0,0.525765020779
1696105276.0,0.493044884228
2249868093.0,0.4980303574
2222695232.0,0.512425807386
2573599555.0,0.522642814899
1429955396.0,0.506817679859
2720654149.0,0.508462195979
2580513606.0,0.518349972122
690398023.0,0.519501658693
659227466.0,0.499708941627
2955338574.0,0.495943253118
3011535696.0,0.50068803107
1160487773.0,0.525299087878
744663868.0,0.504232319808
2922939247.0,0.52703649679
1433748338.0,0.504437919479
2961039507.0,0.499776600522
3111535476.0,0.522714210088
32088949.0,0.499486926813
1426896361.0,0.512955068176
433057940.0,0.501765689913
3194807165.0,0.50067626389
1019339646.0,0.526692945562
1647534975.0,0.507122446072
858350469.0,0.503202795266
2629267607.0,0.526051178439
1027169090.0,0.50064600225
1849353105.0,0.495309110441
286638994.0,0.512985977712
2989687710.0,0.510528305024
1496245153.0,0.522361017578
2666668962.0,0.502692509939
1649050534.0,0.537465904591
4086546480.0,0.500181551555
2431878056.0,0.491466676765
1054392476.0,0.497892413986
3983721386.0,0.504520129688
3547186101.0,0.500474934981
1271940024.0,0.49673952478
2976252859.0,0.509992201112
3947971520.0,0.510562627394
3630015435.0,0.496702430809
2771690453.0,0.499129929719
3713369050.0,0.534542830695
672097245.0,0.525298161468
1828045801.0,0.527164087601
1945779026.0,0.507133040539
2213987327.0,0.495172672403
1292968960.0,0.511308976597
4157858823.0,0.4979725976
519627787.0,0.516128457795
1844839439.0,0.509635040218
4284400659.0,0.504105043085
2236015636.0,0.492837767703
483353625.0,0.500839820717
3308774428.0,0.520283877251
1376461855.0,0.507882818804
537584677.0,0.492134522756
3008103465.0,0.509506067069
3834668077.0,0.506386598636
446301236.0,0.526836549932
941974584.0,0.507494720701
1939563579.0,0.501025225765
1289569344.0,0.501334768001
4180902980.0,0.503086881792
3227673675.0,0.513482720073
1158259789.0,0.521323073744
317244499.0,0.495967023424
454796374.0,0.516621341716
2202215511.0,0.512793035558
2596816399.0,0.509012417094
3106997341.0,0.492134522756
733611111.0,0.517187502866
1067025519.0,0.525952077108
4294673526.0,0.499287906357
4185400452.0,0.498926062899
1617239679.0,0.518535351508
3374695568.0,0.492151255875
1206240403.0,0.495775107369
3201827993.0,0.494640681459
3232900250.0,0.501777510052
1428432027.0,0.527719284113
2711708833.0,0.502989302514
920454310.0,0.520278609778
571753639.0,0.500587761308
1126746995.0,0.498009612745
1667204277.0,0.501758096862
313550011.0,0.493173722195
646497471.0,0.502976246504
1315759297.0,0.511965696972
2464793805.0,0.501256900288
1308222670.0,0.499111999466
1588069587.0,0.523714761258
3661513945.0,0.493588884725
32228579.0,0.50707154664
3753092331.0,0.524465800694
1938523372.0,0.513857829991
2436539631.0,0.516647508197
1541915895.0,0.517173843223
3465635069.0,0.498666649665
662078719.0,0.499706627239
1569137927.0,0.497764840975
1092740361.0,0.51850816304
1959060749.0,0.496016401267
526099734.0,0.491782820231
1805632795.0,0.504851896411
2728165595.0,0.492654971821
2880521510.0,0.525079469276
2794472743.0,0.525788028706
3355780392.0,0.512673078171
363750706.0,0.503484367545
1938466099.0,0.496166506466
2094727390.0,0.503030104242
3575465272.0,0.52051796578
273895788.0,0.528537427724
1469015365.0,0.496711949445
1617683788.0,0.527288565298
2958140749.0,0.509537266401
1897915727.0,0.493139688337
1939383633.0,0.498341327001
2697307475.0,0.496608194581
1368417620.0,0.501691328411
1803011641.0,0.506281171245
2568684888.0,0.500256365811
1154467164.0,0.515997196593
3971409246.0,0.496086236821
3764143455.0,0.495838296353
1731183970.0,0.518090925491
3410019693.0,0.527786836106
2200094066.0,0.522711990073
1236739443.0,0.526118009023
835233154.0,0.484019292008
1629496711.0,0.512683790097
2325005705.0,0.5275087237
1799652746.0,0.503568223458
3211797899.0,0.533591877575
3082794562.0,0.499287895742
138167699.0,0.494769706266
1489954197.0,0.504694603354
1476494742.0,0.504123797318
1142482327.0,0.501565564509
2037712283.0,0.494087627577
4072318365.0,0.500649420432
3115345311.0,0.499442622797
1460618660.0,0.523805560721
1297860013.0,0.513419923881
272904435.0,0.511654621558
635291084.0,0.500977938308
1800046030.0,0.497988116282
558360016.0,0.512737500407
2459084241.0,0.52205378271
3968607702.0,0.498791326685
2083562968.0,0.497316216445
953476577.0,0.503495347096
897680871.0,0.512871305731
1763665395.0,0.497459513945
2126898676.0,0.49021144949
3647849976.0,0.496758240956
4021978617.0,0.497908912572
2058618366.0,0.517387439393
662488577.0,0.503368791825
3080914437.0,0.499635071146
3734898185.0,0.513241840993
913548811.0,0.499129929719
4266337807.0,0.538324356543
853501460.0,0.508300506741
805750294.0,0.496113851637
3027027480.0,0.515114403006
435725854.0,0.517120735205
2100676127.0,0.493993095265
3802498599.0,0.498862857929
3007915564.0,0.500838533374
1234429485.0,0.519212063384
535884040.0,0.514832207623
2161788471.0,0.501566134875
2511439416.0,0.493961390626
1698022969.0,0.498554681448
4086146619.0,0.510100558287
842294845.0,0.50435421237
4168803909.0,0.501677420969
1994379532.0,0.515157692538
3302123087.0,0.524688895553
10454613.0,0.527287345193
3393062486.0,0.499355897635
3799115353.0,0.518948970656
3531949659.0,0.49717309944
2840495709.0,0.518340405483
1122002527.0,0.493089555352
2800633460.0,0.529142483729
396691063.0,0.509450333302
1615472252.0,0.50064600225
2444273279.0,0.49535515092
1872873092.0,0.51685080415
3535808133.0,0.50034567427
2440177287.0,0.498425628381
432072329.0,0.500726875115
449480333.0,0.501929550875
2484930196.0,0.505367363595
3666201.0,0.498608728862
12830381.0,0.502244546812
512681658.0,0.489409978331
2549458627.0,0.483795729878
2602469060.0,0.505254364128
955357542.0,0.512012879418
3120219847.0,0.498653214246
4282705615.0,0.507506499993
2077591249.0,0.503165002034
339741137.0,0.501376626239
2626951163.0,0.494577054856
3723120933.0,0.49958605927
534554350.0,0.499035090831
3183331061.0,0.512963306684
801151677.0,0.523669528519
54322946.0,0.504865449336
3614328581.0,0.488869578
2623170318.0,0.512292100726
1308763924.0,0.490807772481
2536572694.0,0.500041522444
3372730136.0,0.512720616204
2548852512.0,0.510050189644
1813563172.0,0.532045604885
1464133416.0,0.497887564699
3378226997.0,0.512825911575
4239607614.0,0.509496698392
1143826247.0,0.506919698605
3776816971.0,0.519775330816
2423061474.0,0.487956671196
512280408.0,0.498351721361
1043089241.0,0.502648645799
3775596378.0,0.504038666861
3665520476.0,0.513009867059
3474933600.0,0.495713137596
4031072098.0,0.511923379141
444450661.0,0.502717161286
849774440.0,0.499002636465
1433962346.0,0.505585396172
1952794477.0,0.498607772963
2995955573.0,0.506831301868
1704225769.0,0.501645250611
2470291321.0,0.517356318415
3565143937.0,0.510635431178
552560514.0,0.499688041281
2815600518.0,0.488658118086
4290324359.0,0.494919443708
2880883692.0,0.514082800742
472389271.0,0.499129929719
284764044.0,0.523842650373
3582994324.0,0.499129929719
2626771950.0,0.525435905498
3688818588.0,0.515691651134
1759545245.0,0.515192412389
4072204192.0,0.497176213909
3409389475.0,0.506970872776
2691467177.0,0.506941978586
730261418.0,0.534442590416
3902744498.0,0.501845169342
3375097779.0,0.51212058514
54159288.0,0.492769595733
3593717691.0,0.532321287751
2302737397.0,0.502056699645
3393409355.0,0.496778348344
1072588745.0,0.51650609173
865208268.0,0.527153035596
2184102221.0,0.519452161357
4266641366.0,0.499129929719
2923874264.0,0.502028251823
3872409566.0,0.523044118608
14444511.0,0.496848234599
1813981160.0,0.500652586338
2119559147.0,0.489424162975
3165702128.0,0.513094449739
1394616307.0,0.520851676839
2930903030.0,0.500845400422
3797428218.0,0.518898300726
391486463.0,0.497011090643
3717400577.0,0.522059225832
3536439299.0,0.527320708853
1426753545.0,0.508753208965
1919813642.0,0.496050944982
598886413.0,0.51276837206
2523490319.0,0.510130604
104974358.0,0.518528583499
2680932378.0,0.504038342217
3821144119.0,0.517268272948
3657566264.0,0.499632845237
3942852667.0,0.506662922808
215066694.0,0.528762456322
3171109900.0,0.502125865791
185988792.0,0.521001731952
888719444.0,0.51893998763
3661016430.0,0.510755105602
3698378842.0,0.519919600746
1485326427.0,0.500266139859
4060702813.0,0.505454235872
722061407.0,0.522502313891
3024685155.0,0.500107677573
3530762340.0,0.500362250841
3716821350.0,0.508905272287
1778878570.0,0.52032771342
2934818931.0,0.509185853159
3277588603.0,0.52602577388
1272088704.0,0.507760360786
119572611.0,0.501337868759
315926660.0,0.515148957342
2581653639.0,0.509361206531
3799238793.0,0.532961025258
786253963.0,0.534221349887
1143785614.0,0.503049187177
2067851411.0,0.497915966555
2402835482.0,0.51775630718
2344855714.0,0.503192262954
2032634024.0,0.496858800921
3504388530.0,0.503548708013
1406576822.0,0.50187796498
2790394039.0,0.519661684345
3213093054.0,0.516811450157
283691199.0,0.499832006136
994404544.0,0.489575591241
14813380.0,0.507246149056
2711246540.0,0.497558105159
177470199.0,0.501187023322
724060372.0,0.502083029979
1323002069.0,0.499100207115
146589912.0,0.515186326622
892250330.0,0.507909783769
550209759.0,0.500637528093
2734393568.0,0.511521675866
2031331565.0,0.52191245792
3237611768.0,0.500621843929
2729109755.0,0.52175143069
561490172.0,0.51422301851
710658324.0,0.525878802932
362989846.0,0.521154065069
2556455193.0,0.498656903457
1867671834.0,0.499611469011
3609626909.0,0.516911446072
3781830943.0,0.501321352309
465324329.0,0.511569103967
2973804842.0,0.530083716079
3022424368.0,0.496437259397
121407795.0,0.493038146572
2932574516.0,0.517067984083
784951605.0,0.497336194851
3579980088.0,0.49963127448
3384019258.0,0.49880343091
1624413919.0,0.503747884649
2881947964.0,0.498591933756
1635494206.0,0.517649752397
1679182144.0,0.499129929719
2828519747.0,0.50333994484
2902034762.0,0.497474790179
1438673227.0,0.501552027371
4218906960.0,0.501121758135
2082318676.0,0.497570694925
710502743.0,0.496908657918
376809818.0,0.50114169702
543017310.0,0.49639545807
699418984.0,0.496378070339
4010740074.0,0.526313424567
485509484.0,0.496816246434
793872755.0,0.503690609544
2659576180.0,0.520401784817
125806967.0,0.498718399744
1293221082.0,0.498544646923
562694526.0,0.500009116541
227821952.0,0.51603564157
1774100886.0,0.502187891303
4188449159.0,0.511620044733
3712313737.0,0.496965363445
128166283.0,0.528230987978
1581525388.0,0.505056245742
2406443405.0,0.512558755643
2430035694.0,0.495734062328
3661605270.0,0.501462180495
671066522.0,0.504243247743
366201244.0,0.513544392823
4108421541.0,0.518848295113
863701417.0,0.516883471714
1941146030.0,0.501114741783
1581997128.0,0.504365139989
4113836467.0,0.507760360786
2659667017.0,0.500935706709
1574094581.0,0.521954859441
2292255175.0,0.504129292138
3688663497.0,0.496765933624
1724574161.0,0.518456348822
41839058.0,0.50033894608
1945078227.0,0.51134753502
551700951.0,0.495659957509
2140367323.0,0.510116276375
3855157726.0,0.501388336598
2536016354.0,0.516878548272
822921699.0,0.512232233302
3981625830.0,0.4883989488
1644022252.0,0.527266565943
1967294964.0,0.499310201384
907995638.0,0.520216087935
3771247314.0,0.511225727314
1619470841.0,0.508095764259
910289404.0,0.494655674456
298740821.0,0.517641586463
1480362498.0,0.501065103983
174795272.0,0.502684945589
2367269385.0,0.509744931423
3204377106.0,0.51066286841
2129357338.0,0.499129929719
3421776413.0,0.498638178692
2116913700.0,0.501247220714
871664165.0,0.500761200114
495856172.0,0.499258687564
900909613.0,0.526019777126
277219886.0,0.523743778724
139594293.0,0.511290377173
1480124983.0,0.517957180633
1905125954.0,0.509002133089
3671812676.0,0.523876302067
3897887302.0,0.500884769487
1701030471.0,0.50247818336
1605741128.0,0.516334879001
871524956.0,0.534221729755
262695517.0,0.503337420624
775948897.0,0.502559308595
3589671529.0,0.517158569612
4152535659.0,0.507898703542
1094199917.0,0.502975830371
3500518001.0,0.495006747695
506466751.0,0.495426290632
2176248451.0,0.508698192966
57895567.0,0.525507406823
3907627668.0,0.527829332209
1068804761.0,0.49770525028
2803952283.0,0.506390193816
3582446236.0,0.498168125447
1472531102.0,0.518407951674
3762856.0,0.516312497915
3554809628.0,0.523119584905
3251055280.0,0.49838033244
710347441.0,0.52198560159
2717665971.0,0.530828221074
4112337591.0,0.50024211573
851544763.0,0.502623681597
1629162174.0,0.521523626272
4272745155.0,0.494581734473
2183219908.0,0.537768676465
3976252102.0,0.500110198672
1572162249.0,0.513708416572
608275154.0,0.501484406731
689908435.0,0.521813264037
3760893049.0,0.52874901658
831744733.0,0.51356062123
913926878.0,0.499129929719
401894115.0,0.510016721266
3706702972.0,0.518173457342
3952937710.0,0.503834974255
770288372.0,0.514357756135
155749111.0,0.504968962975
2104760106.0,0.509923798223
71240446.0,0.52053857368
2660068095.0,0.516277884531
3704515339.0,0.498676118704
2036861708.0,0.525989283838
3409201936.0,0.499234632758
3746597652.0,0.501271844097
1135405846.0,0.517883782434
2917649183.0,0.529325287824
3888565025.0,0.531963988186
2850515750.0,0.515624534127
584723240.0,0.516790416199
199543593.0,0.512263584994
2147815901.0,0.498971407415
1192790833.0,0.49982314087
894405427.0,0.497373765167
1425926964.0,0.522141402847
922536762.0,0.496809829681
193628988.0,0.503326007616
1309797181.0,0.518172738422
405179198.0,0.510079473204
1831422783.0,0.500482394033
2431150913.0,0.505833774353
233278274.0,0.498388459361
189960673.0,0.501991561266
128699208.0,0.487221206649
2056899406.0,0.518237299073
1608510287.0,0.522893278043
4277267286.0,0.499129929719
2374896473.0,0.500325285441
1885207695.0,0.511907878092
1898064737.0,0.496693985238
3421047650.0,0.499782748464
438504297.0,0.500916649385
38529900.0,0.499166422069
412396401.0,0.519772002269
3241708403.0,0.50371418802
3544271743.0,0.510922676209
4134914945.0,0.502856514425
15666050.0,0.516575938536
1866476419.0,0.524774436805
470264709.0,0.517292763799
3504622477.0,0.49748566952
2416569231.0,0.501059046232
2304674709.0,0.50903512966
3867257754.0,0.51956177045
2081278875.0,0.500679695476
131722143.0,0.501302351722
2646150048.0,0.521020100143
597789611.0,0.500448958678
3596815284.0,0.49951613485
3759631297.0,0.529115398469
4083223490.0,0.509865521941
635537227.0,0.501774270875
1437936582.0,0.500824549319
3839658957.0,0.532812797143
922490701.0,0.499409237529
151276515.0,0.530042598225
4173835236.0,0.499851362431
435866601.0,0.50564233781
2906852332.0,0.51214340398
941501424.0,0.500967060703
4034210806.0,0.502701854943
3785534455.0,0.534525906432
3905473528.0,0.497807642062
1214999547.0,0.501886683779
3314961405.0,0.501728807629
2168327170.0,0.521891942918
812100611.0,0.512972704046
3298692104.0,0.516510975577
446540812.0,0.521927025939
3421907983.0,0.505015746511
2074416984.0,0.494933412698
1466372611.0,0.514002843281
812198935.0,0.501864010458
1547700058.0,0.509445252565
892800032.0,0.501166867457
1859578915.0,0.501046812096
3276610737.0,0.498722714038
1464842076.0,0.504889159137
1732070447.0,0.530331418863
422128692.0,0.515095957821
136563772.0,0.523879055976
214707270.0,0.502650835444
3724069959.0,0.519617274854
964193353.0,0.510512534873
225113954.0,0.51330800315
724896846.0,0.504126010423
27472397.0,0.521474782618
2132896853.0,0.49825987741
186731606.0,0.500330608148
3139345593.0,0.502037534456
4113091686.0,0.515561074376
890483217.0,0.503606628725
1281133672.0,0.495967023424
1916316778.0,0.506179714056
3866823789.0,0.500588443542
637979759.0,0.502059763062
1547750521.0,0.516784134577
4221947002.0,0.511137570759
657779836.0,0.526591664433
1309641855.0,0.532691300672
1543539840.0,0.506879155219
57560196.0,0.489377207838
2315750533.0,0.523954168211
315616399.0,0.521457004352
1237707923.0,0.496479109017
546335892.0,0.515288911606
2667998362.0,0.497757491145
2619206821.0,0.501902064544
2886823078.0,0.506501344704
1808840561.0,0.506040379474
4289817784.0,0.501814945873
4067798202.0,0.517033683021
676539582.0,0.498767850768
158222197.0,0.500787868497
3189394625.0,0.51628915886
2490846405.0,0.497583057419
4207217864.0,0.522230261835
619728073.0,0.513999699947
3415207115.0,0.49705641851
2792025292.0,0.528730548167
2746559694.0,0.515010706404
1234980050.0,0.500157417714
1197239508.0,0.519733536115
4166159578.0,0.513185284899
1087081695.0,0.495393400601
1501711584.0,0.493844870441
1956637930.0,0.498936075216
3450391790.0,0.530841050265
326528240.0,0.49982314087
1806167282.0,0.496660279694
1270320376.0,0.52241900326
2680032505.0,0.521981929875
1575709954.0,0.516030654131
2510011606.0,0.500912681195
1984441612.0,0.494131733289
81603853.0,0.510409785837
1198722318.0,0.526755573971
2845256258.0,0.501257881923
1400704277.0,0.500881614652
4057451798.0,0.52701291695
1084009755.0,0.508603384784
1612639517.0,0.515698967401
3119066405.0,0.503088192395
1129975088.0,0.502181125089
218664243.0,0.512164969859
1627884852.0,0.50048446507
4203793720.0,0.524624216095
2948992316.0,0.500479527109
3646262592.0,0.515119943975
340897089.0,0.52551651946
963325255.0,0.519832014005
3003100489.0,0.520760772104
1736035661.0,0.506978231262
3819482455.0,0.512522991204
3509464412.0,0.501028708043
3729493345.0,0.506455500495
1808911717.0,0.528268755307
4136856940.0,0.503016194555
3306630510.0,0.51301449361
876080497.0,0.500482394033
3045444979.0,0.504555108322
3877088629.0,0.530049964896
4112346491.0,0.501420098524
2275192200.0,0.502166948265
3115961744.0,0.49752317063
1121602963.0,0.498941634902
554233248.0,0.512071502036
3111587242.0,0.503586506834
2801913261.0,0.506072963232
2292977070.0,0.515166431479
95774621.0,0.537093573561
4023700917.0,0.495967023424
1294380470.0,0.490101713747
2861403575.0,0.499689553496
714436037.0,0.530659411134
1963837347.0,0.504507107882
52301276.0,0.507249641561
3370348001.0,0.50287576648
521080290.0,0.509508455913
157732323.0,0.519496369232
1092218350.0,0.499715857988
2427375089.0,0.501597471656
2573356539.0,0.488860524862
438541117.0,0.499672120281
2317192710.0,0.502193830909
2467114242.0,0.504310952095
3432402448.0,0.499129929719
2612645396.0,0.49339415346
1666158101.0,0.496048480149
1128051289.0,0.488483512974
3023048216.0,0.492841420434
3574722077.0,0.521887073609
42935543.0,0.508508820843
433974817.0,0.503393874299
3187461675.0,0.500480102356
2567114284.0,0.494646131338
3165597234.0,0.497703706791
1591840307.0,0.50051197356
4294270217.0,0.497270259071
61279800.0,0.497597832276
3316633147.0,0.503109305515
4027829823.0,0.498794478399
2937826883.0,0.499661577843
3746065989.0,0.504426796368
2434666055.0,0.499129929719
124726856.0,0.511460629413
441200201.0,0.502234925782
1484713229.0,0.525739177541
1615064656.0,0.499431495942
3111947859.0,0.502776351825
80662100.0,0.494154898022
182988375.0,0.492400133187
1341727332.0,0.500600246391
2110109626.0,0.496839081104
1174163042.0,0.500788796697
3160174180.0,0.523182974681
3273059941.0,0.521895453518
1939639911.0,0.529122919176
3061108330.0,0.529351015809
534703725.0,0.521408576177
390794866.0,0.504787129481
1566551667.0,0.52278581998
117821048.0,0.502713403147
3788000892.0,0.525024080713
4167003777.0,0.498735301625
3781652098.0,0.521606918403
2503822984.0,0.512695801064
267021979.0,0.495581864031
1787417200.0,0.501164088159
46861991.0,0.524491127693
2308848817.0,0.486713835828
372616876.0,0.50732492421
1634043849.0,0.506651572721
2777108152.0,0.499129929719
1094151866.0,0.499622025452
2952851131.0,0.500783448898
4116467389.0,0.521999654726
2554299873.0,0.520696114039
1015049924.0,0.498250227821
568225478.0,0.499079745819
1257163.0,0.494170484565
3766718161.0,0.530185120598
1131998935.0,0.514394238285
3779145439.0,0.498709331824
158502627.0,0.512633360896
1257934569.0,0.50036211561
3527479018.0,0.500352071564
4253662503.0,0.497237822853
1742016237.0,0.512283783893
2835645053.0,0.499129929719
1270771444.0,0.510909856335
1285533434.0,0.50098507518
3594702588.0,0.512844500419
569716486.0,0.527106046882
3493744392.0,0.501733400197
1118646028.0,0.510668340473
1755041549.0,0.503062751935
3811110673.0,0.502202742846
3559935768.0,0.537139720207
1856163611.0,0.492452996167
470564430.0,0.492942058474
2494672673.0,0.535222341029
3280760610.0,0.498673330504
2871398184.0,0.509487016446
2059693868.0,0.49871347778
2002825005.0,0.507859317475
1821355823.0,0.499422282647
2754340045.0,0.511086017508
1563422519.0,0.499129929719
4184403768.0,0.493152421478
2891705652.0,0.516709813224
1947537211.0,0.500103756926
2326703934.0,0.498873253029
4131991365.0,0.528214104205
1520840518.0,0.53261016381
1466478409.0,0.509374726371
1088122699.0,0.519922229029
1625018191.0,0.501678951349
3360501585.0,0.514012586218
977096533.0,0.526786951001
891039579.0,0.499246083416
2575724380.0,0.533240875538
2424926057.0,0.501071239747
3913175832.0,0.495147264915
1306963824.0,0.525382664698
333893490.0,0.490705799268
2842627955.0,0.529687096054
2790084474.0,0.50795772184
3598651262.0,0.499129929719
3701772160.0,0.496579810384
2219446146.0,0.520481101898
872843243.0,0.525239533751
1111143713.0,0.525048027229
3528822674.0,0.514673899112
386305939.0,0.513036151533
3936325532.0,0.50025511577
1404981150.0,0.520697940918
1193187313.0,0.507679216066
20688811.0,0.504718552569
2853515181.0,0.520181966174
3113996209.0,0.503095760182
1660064414.0,0.511272801253
1890627511.0,0.501618590518
2260168632.0,0.497968172118
1434742717.0,0.525723034255
3640913861.0,0.522811647788
1497722098.0,0.499012135363
1845333964.0,0.498810579905
225832912.0,0.497770611112
73166801.0,0.521183501924
797700051.0,0.512900561124
3357044693.0,0.504416587412
888716623.0,0.501664297793
2629504988.0,0.497472743445
2833321952.0,0.510134867455
1710721019.0,0.517403417986
3111604202.0,0.517513982491
2572185579.0,0.489377207838
2221617133.0,0.515339203649
1065373685.0,0.496169590234
2359283704.0,0.495170589511
1002508282.0,0.504258112871
2144358400.0,0.513847283133
4059254786.0,0.497215253832
2151395332.0,0.524016796355
1771663369.0,0.506176427141
1644675757.0,0.498889619434
2880106515.0,0.523460216401
3645190166.0,0.504435965121
2797146136.0,0.522783812182
1003261977.0,0.498118847323
4010594330.0,0.501030180112
599339043.0,0.50404082972
419508265.0,0.504097504897
2960835250.0,0.507025549782
3216420911.0,0.518089457977
785199153.0,0.497915979833
3114435252.0,0.49969556272
1968173115.0,0.494056965995
368218175.0,0.513198916551
570683458.0,0.513858118748
1182511172.0,0.529922169044
2836033610.0,0.511532814374
3658068043.0,0.498836936791
1667321933.0,0.515838913171
1891242075.0,0.503498758843
513757280.0,0.48581391731
1141059689.0,0.499118981429
4061130858.0,0.497495729974
3817222253.0,0.515502987462
4210077806.0,0.525494409979
801247343.0,0.522893258265
1404883058.0,0.497799418822
2602663273.0,0.523218907644
1048768634.0,0.496913567693
2657046652.0,0.515160949413
3864252545.0,0.511413098048
2237673603.0,0.526640675966
2421854341.0,0.521860088041
136507530.0,0.521875119564
924930627.0,0.504811289537
651522193.0,0.52407173564
2166853780.0,0.517753791257
2702725269.0,0.502024972414
4151390359.0,0.502628100219
2986135709.0,0.5170154919
1758154911.0,0.518549106896
2516537511.0,0.519915686917
3086430378.0,0.516975254962
1435692403.0,0.49786832351
3685699764.0,0.491681939844
2678173878.0,0.530022825728
2225983673.0,0.492529947443
1639616705.0,0.495270836769
2313941188.0,0.499035090831
2584465614.0,0.530016521061
1085755604.0,0.505829837195
2336269006.0,0.508948074055
1392865495.0,0.495841258531
204878041.0,0.499813820363
2208863950.0,0.523548811139
411234533.0,0.49701120179
3142389990.0,0.496580703361
2562715879.0,0.507076574608
1832407275.0,0.502334777347
51712238.0,0.501312654468
3871650035.0,0.507443843066
2483400949.0,0.515686660147
60575993.0,0.496931451989
2130260220.0,0.522198989814
3350425853.0,0.518182227478
2476863742.0,0.504457298666
1659875587.0,0.497725476583
3855200517.0,0.526506039428
1547096328.0,0.506097437896
2777682188.0,0.504442273241
742314262.0,0.50858719702
798781721.0,0.493511658188
2888331548.0,0.503247777061
4292202783.0,0.501504388629
2007396645.0,0.508204408605
326324523.0,0.503065198786
1881395523.0,0.501167112859
1117376840.0,0.503501287856
3651252553.0,0.493895665833
3995873611.0,0.499626782724
4240494925.0,0.503581380463
2956833103.0,0.493980354637
1540526416.0,0.499461539488
1310118228.0,0.497991627274
18403675.0,0.524197899819
3357978977.0,0.496784503709
48025958.0,0.50834790466
1330295145.0,0.509763844531
3185160556.0,0.523964620499
1735913840.0,0.514414945666
2328408434.0,0.498588674079
2424140147.0,0.515789499313
604664181.0,0.516246984934
1622684023.0,0.501416342848
4134559124.0,0.513676509314
1571344767.0,0.508373477538
1945629056.0,0.501767143016
2355196302.0,0.500333566272
2244055444.0,0.520007587204
502436245.0,0.523909612614
1502884246.0,0.498266345367
3126899100.0,0.499167937503
3530199455.0,0.501008262495
2656756466.0,0.499589171555
4075598256.0,0.496542795879
3791221174.0,0.517794406405
3342668217.0,0.532702265235
519926207.0,0.490483448206
2989142466.0,0.518873030967
3548320198.0,0.512422863452
1564103114.0,0.526701745913
2135077325.0,0.512975840045
474837456.0,0.519260379613
1093013972.0,0.500139543761
3503854040.0,0.491335216982
3165442525.0,0.516278716944
2289595681.0,0.500189059242
1256182240.0,0.504351920208
1905316321.0,0.502009185863
87519714.0,0.502946233319
1686114793.0,0.49472706283
3822293485.0,0.515017995266
3408679406.0,0.528703689889
2990330352.0,0.528656679257
3120738802.0,0.520006505803
2122168404.0,0.53060139689
3520115198.0,0.528819013687
4113224195.0,0.504942806982
2837329513.0,0.501049197711
2350354953.0,0.502569000251
2571596299.0,0.497814117407
1198436877.0,0.488999679176
473862671.0,0.49745649501
1672737297.0,0.505546202584
3980784151.0,0.519574876518
3613018202.0,0.504994285025
697963049.0,0.49988897307
280945415.0,0.498316126943
476525107.0,0.499086567024
1443332873.0,0.525522198972
4168364602.0,0.500734170599
2441351741.0,0.522474770993
819589694.0,0.508118621305
2476257859.0,0.52109036559
2640457142.0,0.531515475152
3536450118.0,0.50865046885
606532167.0,0.511099282996
906285644.0,0.500687643676
336466512.0,0.50819475961
1352815192.0,0.501671002959
3814961753.0,0.518571180753
2478674523.0,0.486984615213
2007282268.0,0.512721841876
2584023645.0,0.525379917482
237580894.0,0.509740691638
1269019240.0,0.520971541862
28562031.0,0.499857806046
2931069552.0,0.494484696395
2379077800.0,0.500115139722
1444024960.0,0.503625998981
936596102.0,0.509068349749
586519180.0,0.498098877215
1301975697.0,0.509288731184
1730433688.0,0.531896830221
2970555038.0,0.504391644252
3498168993.0,0.510175802455
2911457959.0,0.5193215154
2402292397.0,0.500443423744
1438274224.0,0.503292947721
1777947317.0,0.520734201573
2084278972.0,0.527345969869
1421005503.0,0.491230007131
1494217410.0,0.530465872081
565949124.0,0.493334657475
175198917.0,0.491582389287
583611083.0,0.524361493599
3384578765.0,0.522403066107
1782723279.0,0.495905693477
2097738457.0,0.501061824192
2389824220.0,0.500456969759
3222165626.0,0.497356766574
2592420575.0,0.505299049144
1239435542.0,0.495357954349
3518264036.0,0.522586258644
2382885606.0,0.497984605579
1022186216.0,0.501672218637
2053690102.0,0.505850268572
2249691904.0,0.499973345312
3469480706.0,0.507540910023
3021493001.0,0.4935138072
1991938829.0,0.495552105108
3229520661.0,0.515970524072
2101334808.0,0.513334198423
3217699612.0,0.520330940736
849261353.0,0.49935322817
1292038956.0,0.513290464574
13579059.0,0.493828880131
1078121284.0,0.497601815066
1937757001.0,0.499193795533
1091227106.0,0.52153627134
753881937.0,0.501339747234
944763734.0,0.509818154984
2388218712.0,0.518822395296
892212061.0,0.520668751958
3296187235.0,0.498425208168
3507802980.0,0.496714472379
1602499431.0,0.505005809039
2056270699.0,0.517109806467
3042571116.0,0.501986855374
3374379886.0,0.501313749484
591328112.0,0.517797082979
2915136374.0,0.530339706729
2790757250.0,0.50580868996
39662473.0,0.496076684905
544502666.0,0.511316512818
1496134540.0,0.498759048354
571839380.0,0.52075005398
2996056988.0,0.492398382209
3896652702.0,0.494653184992
3542741923.0,0.497795061802
860074920.0,0.499129929719
1561932719.0,0.497827313393
3095622577.0,0.526654877537
3227046837.0,0.516839886216
2251035578.0,0.501922674942
4062335936.0,0.500752549601
2522682305.0,0.518462440274
1705530308.0,0.513943764934
3696571334.0,0.506608774335
3501863883.0,0.509892717153
511906768.0,0.51554451925
4206736337.0,0.509134393263
3969135570.0,0.498406474204
1240241112.0,0.500495853551
4051833820.0,0.510839772296
2006040353.0,0.490169013913
2687480803.0,0.521592160919
1732637669.0,0.496129313694
3558003689.0,0.494101033676
135869424.0,0.497038770656
197093544.0,0.503015498614
1333195762.0,0.502771673778
322589684.0,0.525291426998
1037939704.0,0.491003566767
1912189950.0,0.499045588003
4116632580.0,0.508742837631
1874916359.0,0.499551203915
3824833561.0,0.520583016485
927241245.0,0.522974248566
944157726.0,0.511476291029
1116599329.0,0.509786899998
1270992390.0,0.532504792071
3718927404.0,0.53008804324
4197446704.0,0.508171997137
3852096562.0,0.508528830562
1758966843.0,0.525842215876
2334716998.0,0.528034274717
3778204746.0,0.511031389336
1305760850.0,0.498920081449
244462675.0,0.518233544609
1919152996.0,0.502598362621
943707226.0,0.518260102076
2043376732.0,0.527177880083
4017534046.0,0.504437919479
2154708496.0,0.502422863022
2684771858.0,0.505545759035
2906420334.0,0.497812456563
4197151858.0,0.514405278709
3085964404.0,0.52507169714
2377872506.0,0.5262341649
1548748991.0,0.51085235337
3040318592.0,0.51254603506
3423802502.0,0.506076350459
1524790409.0,0.50313925813
1376646283.0,0.50723682453
3675509902.0,0.52698443503
865973392.0,0.536612856719
1120441496.0,0.506011087108
4151208132.0,0.537031072411
932664477.0,0.504201486683
3507590304.0,0.529644635463
384586913.0,0.499383500202
1546777764.0,0.506549139743
4211618984.0,0.532804797527
2979116205.0,0.504324879449
392377518.0,0.502149113294
4050719921.0,0.529461467906
1360598195.0,0.520408730074
4216542392.0,0.50204472416
2137593022.0,0.498591806502
256070847.0,0.494990843048
1673548992.0,0.505796101827
2848232641.0,0.518234538213
1465881794.0,0.527294035477
1740027076.0,0.498981851278
1355830470.0,0.529119748169
1706497234.0,0.500650520923
1679398101.0,0.507400842456
4025644250.0,0.507111406835
321967324.0,0.516600883807
1379431645.0,0.501258517597
358642912.0,0.503777563139
4029453550.0,0.48881666607
2136347889.0,0.493077001501
3048527090.0,0.490759637212
1077458166.0,0.497745670126
2152346877.0,0.522791434234
3623908612.0,0.495202670465
705066247.0,0.504857176618
873911567.0,0.519579751821
2242966804.0,0.508450704131
3933263128.0,0.512094333287
3587429660.0,0.50262269333
1051260193.0,0.497710048281
183359707.0,0.511638751494
3109672237.0,0.515311542138
468416893.0,0.522611431053
1082086708.0,0.509892269162
947148085.0,0.502493799234
3069891465.0,0.50426094582
4263990585.0,0.496837619726
1236740319.0,0.510231191155
1853191050.0,0.497012326152
1498838336.0,0.512307448144
3678401862.0,0.509256409747
2492675400.0,0.502232348813
2919210693.0,0.512436316426
1341625680.0,0.516489293056
2119570771.0,0.497815867438
1559860566.0,0.520645656421
2306061655.0,0.502037758624
2981311836.0,0.506858633274
3304576351.0,0.495465658993
1610184032.0,0.497722142305
783765051.0,0.511292480847
501962084.0,0.515425040614
3090437477.0,0.499526221021
2208191846.0,0.502343554821
3979113834.0,0.513623565962
4272829805.0,0.508907042825
1171027314.0,0.51057875267
156964214.0,0.525191027274
588242317.0,0.516591836158
622466425.0,0.500529435887
173299067.0,0.517360348618
1156633980.0,0.498510149842
696685957.0,0.495815230567
2598065556.0,0.500982421923
3557094808.0,0.498150290348
1580438941.0,0.499381849073
84317600.0,0.496248693112
2855671201.0,0.533562979693
242955686.0,0.501138762252
738039210.0,0.501627469631
1651219599.0,0.496900234976
1239109318.0,0.494603268552
3485953609.0,0.497323933505
3742897593.0,0.500456035843
981652924.0,0.530810683973
335181247.0,0.502803602294
2883999170.0,0.489655356628
3567990215.0,0.528821681734
739218891.0,0.498840772343
171775437.0,0.498331131803
466367952.0,0.518917286794
3863713234.0,0.49460162432
314179150.0,0.501642476515
3422180824.0,0.500712644719
351587919.0,0.507238107711
4115720443.0,0.532656283504
2582709158.0,0.495366290448
3290822121.0,0.500990755189
1966446059.0,0.499063844615
3746575853.0,0.49827673195
1158059503.0,0.494494334672
2937419248.0,0.498310707805
132953585.0,0.533864447615
3343150373.0,0.490609960849
2682582518.0,0.499717028595
3008132600.0,0.524100902551
2487299384.0,0.510619025838
2009945606.0,0.520494944858
1071396361.0,0.488509228549
1720399375.0,0.528129118891
821933587.0,0.504855976788
3058402847.0,0.514318353679
1886295579.0,0.496934297424
1795282466.0,0.514115986016
2374923813.0,0.503377922665
3849475626.0,0.492712409755
3247797804.0,0.507099144416
1212634670.0,0.527266813224
1789539889.0,0.507245641867
1971115572.0,0.516496234046
582489655.0,0.49718616879
2645702202.0,0.517945923569
3234780736.0,0.499109548382
4243338818.0,0.50345163794
91739717.0,0.491343537663
3588904522.0,0.513533447021
2483377740.0,0.512648801965
2236601934.0,0.503162436808
3094918738.0,0.502628619651
2176816726.0,0.499129929719
525997655.0,0.510971966329
3880154712.0,0.49476693774
261510752.0,0.506956572626
3435443813.0,0.502109455366
4198307433.0,0.496896887942
2388883054.0,0.519876177404
185407090.0,0.515330548659
617879162.0,0.498865862746
2118084886.0,0.513560252254
3478886022.0,0.52575718217
3402217097.0,0.521884305398
3218437773.0,0.508333134231
3883677327.0,0.504534712168
941771033.0,0.528194295854
4180530846.0,0.532583594728
1275393695.0,0.519536751381
1332237991.0,0.525682657693
1638313586.0,0.506109182524
295515825.0,0.495533727357
3874215604.0,0.527702136244
3933861560.0,0.51349037937
4208424633.0,0.528935899116
3960059590.0,0.492173879021
3158144716.0,0.504672257405
2527024846.0,0.533724582537
1205966543.0,0.52371355045
3253046904.0,0.496926689448
611202773.0,0.529657190463
3298506462.0,0.495470574635
3274798815.0,0.493487729509
2381166311.0,0.498660126828
1200830187.0,0.502589178357
1518423631.0,0.509268741593
602085114.0,0.529660763617
3883054843.0,0.524834013428
2494748414.0,0.523132258971
4201297666.0,0.501243218575
3657103121.0,0.498789863965
4285110044.0,0.507347455016
3899905824.0,0.509213140133
3661641508.0,0.496820360921
720672552.0,0.501376626239
4143560490.0,0.496626700794
1881110329.0,0.513325191448
1657820987.0,0.49741198258
2759186237.0,0.496329859137
3806140231.0,0.495210734448
313775948.0,0.503802269376
3561609037.0,0.509256315806
32388948.0,0.492663862745
2497869653.0,0.502807191235
3418183512.0,0.537925931426
2709034841.0,0.498469708834
2191300442.0,0.513486110324
2011993948.0,0.500087724127
1637365598.0,0.495583511241
1582536544.0,0.508540092758
2310846305.0,0.500923528188
1679660898.0,0.487683649319
1211938659.0,0.506434104998
1638676327.0,0.517454882905
1300567917.0,0.488114047693
4172461937.0,0.508861977451
1739863923.0,0.522507533678
1528485753.0,0.498198760061
3381188479.0,0.510819898507
288397188.0,0.522749874668
2030794629.0,0.501090429026
1491908492.0,0.51930048619
2550691725.0,0.497256218683
1921382330.0,0.523470297135
3404068752.0,0.50885213985
2750404497.0,0.495038442708
1645606805.0,0.504542141918
2551666585.0,0.49809089867
1604024219.0,0.498780807087
3550779297.0,0.504273915383
1221009051.0,0.499949540588
3451967396.0,0.513903768454
359864230.0,0.489422004163
179509162.0,0.498216251541
925185965.0,0.49072115771
2913793969.0,0.515271345066
1453414330.0,0.508094907918
3158480830.0,0.516691600913
226736066.0,0.504232012095
2265090379.0,0.501733562673
2477266886.0,0.5172789382
554056686.0,0.509471899726
3631372238.0,0.502593925945
2438748111.0,0.510144472238
2987530192.0,0.504417224077
2642753501.0,0.496835899653
580103847.0,0.496329859137
493197297.0,0.515773126904
2869240831.0,0.522022178405
678940729.0,0.52446239525
2079665836.0,0.495178907147
1284511760.0,0.513964304238
3449395218.0,0.499782380645
4085970964.0,0.508701649131
1613707386.0,0.507716278487
2610558998.0,0.490600231189
437327904.0,0.497259585547
3232315427.0,0.498138129133
1729181738.0,0.495733040359
3657848878.0,0.519232685283
805615667.0,0.493658654201
976910388.0,0.521911701749
1977284662.0,0.499448015741
2596952119.0,0.525075379784
932018235.0,0.50162817627
427808828.0,0.501235189602
3456333885.0,0.53051816158
2493978686.0,0.500357841148
551057472.0,0.514794909536
715610178.0,0.499707898544
1811899403.0,0.526897414086
2018506826.0,0.495753074855
2394025655.0,0.505345322191
1383159884.0,0.500497371782
1101158478.0,0.519297340846
4146624593.0,0.498835524028
3410212948.0,0.510911495245
1709185112.0,0.517456769996
2926860379.0,0.494615071823
1514248290.0,0.524576085887
1551325285.0,0.509337310209
2458753130.0,0.492636464456
3102701678.0,0.511520598923
1087592563.0,0.513080704462
138197111.0,0.516357205628
3933755514.0,0.508190199634
2589694076.0,0.513459023918
4198365309.0,0.513329406365
3267967108.0,0.510413501505
1576130694.0,0.5229463988
2933889167.0,0.504135318508
4056283291.0,0.53346452796
503453855.0,0.521190914327
421583216.0,0.501547433855
330002118.0,0.514578102898
3832551592.0,0.506658290884
3581273116.0,0.532791622158
3504232619.0,0.529567565325
829192364.0,0.524673035261
76011693.0,0.490200028985
3719747758.0,0.520873464243
3869382833.0,0.498961992476
875118281.0,0.501082302442
3986745716.0,0.498223220346
1837160634.0,0.494442119216
1132714357.0,0.512573466643
789592262.0,0.526280350142
88373450.0,0.515168267465
788560084.0,0.500731932873
3615217883.0,0.501243071671
2072312029.0,0.497596072509
4255810597.0,0.503992106085
893065444.0,0.499035090831
4022775505.0,0.509536292458
1085602029.0,0.52190548091
3320682734.0,0.526722795895
1109121263.0,0.519914199402
1745590513.0,0.495736262569
1220720897.0,0.505581835802
3614505789.0,0.495932426017
361732358.0,0.508343424335
3407411468.0,0.516336431276
2887596301.0,0.504239370405
3459275023.0,0.508852957062
927439134.0,0.497127564679
1956268421.0,0.526754310933
729512225.0,0.495405360347
3691403563.0,0.509305275577
1200462129.0,0.499739364194
697006387.0,0.492546155426
4029937973.0,0.491832007708
159635782.0,0.502019264838
4075493706.0,0.50678285408
1369454925.0,0.499399245705
1951029591.0,0.500270480644
203774297.0,0.50093059971
958658909.0,0.499457653665
3265034590.0,0.506531626682
1576114533.0,0.500847292327
72718694.0,0.503657311718
1871985001.0,0.498129371159
1741699434.0,0.500024438395
2099632493.0,0.504265211482
4113152368.0,0.50433343169
3583203698.0,0.518181080585
3117619572.0,0.528558402235
2343754101.0,0.498810579905
848662249.0,0.49977546391
1403378041.0,0.494056965995
1361631611.0,0.496116847645
3914362602.0,0.504327043268
4643202.0,0.496242497385
3307264388.0,0.515060765214
3271063951.0,0.523754813303
485333393.0,0.519543425338
670357906.0,0.501842769438
2863987099.0,0.502966609605
4149287333.0,0.499852952789
37935529.0,0.48798606765
3328186799.0,0.514281907431
689772978.0,0.500399320477
2537568694.0,0.498086678805
2277284281.0,0.495074392162
3422230977.0,0.500703838205
512334274.0,0.528096104224
3200489924.0,0.492812771436
2457386742.0,0.498988576985
2308995527.0,0.500905549583
3073882568.0,0.497737333339
1854691785.0,0.499866073383
3566295499.0,0.503587903382
2187549133.0,0.510735653004
3618181813.0,0.526565753483
203979224.0,0.499688041281
4241785291.0,0.499858912547
2437863907.0,0.506306047529
1359378916.0,0.50802888151
2463136232.0,0.500398931283
1709521385.0,0.501637462557
2901006827.0,0.518684211607
2333530607.0,0.50508576826
1786010104.0,0.497399103207
3288160761.0,0.497390755307
3883276796.0,0.509003400294
669817356.0,0.499482505721
3263830544.0,0.495423379468
2657384977.0,0.500420111647
3585636883.0,0.505226551412
2131909140.0,0.512850047601
2667043355.0,0.499129929719
2404661795.0,0.516306123249
2846800427.0,0.513011270692
3553172013.0,0.501194365997
3289564253.0,0.50344617513
3250715193.0,0.496095202153
4081252925.0,0.500337308076
271497799.0,0.516866246169
3817855562.0,0.499776428147
2499344973.0,0.499639305461
957332047.0,0.504869421389
3397794385.0,0.515221211126
3967015511.0,0.502701854943
875764320.0,0.496819397527
2753223268.0,0.49470773906
771340907.0,0.499770084681
2449627756.0,0.531661020569
1806793328.0,0.51999132281
3736459894.0,0.502326473452
1148893818.0,0.496577174415
2990185083.0,0.520000836561
2046892668.0,0.523690702664
3467385471.0,0.501119469907
1449008960.0,0.499299205425
1351482663.0,0.527030403278
2776128130.0,0.502763207269
40491651.0,0.515750953878
2571655820.0,0.500033642109
1929247386.0,0.52839819386
1227471515.0,0.499129929719
1134443164.0,0.519053330457
1882749605.0,0.502603761978
3033774758.0,0.51522753102
430414510.0,0.528388503296
1319968541.0,0.503758097086
586021554.0,0.499759754001
2315229877.0,0.504432116545
1948625147.0,0.531171639551
4081760952.0,0.536601408713
358260511.0,0.49993240146
22256316.0,0.508836744984
1331550909.0,0.498179258385
2311822017.0,0.520551276563
3590882422.0,0.492614188593
1204391713.0,0.498661435123
4018109131.0,0.526804566309
1888672462.0,0.511558462592
3612859092.0,0.498533332884
1731795669.0,0.510317344504
2839780066.0,0.519678798183
866073317.0,0.498308931581
2907028199.0,0.498708706911
4265422151.0,0.494363923721
3729758955.0,0.499532204632
3384551890.0,0.525400759852
363141879.0,0.500152408089
3755088636.0,0.518899960893
1520301184.0,0.539346882618
2890521360.0,0.491704137076
1019198242.0,0.495099967142
98581287.0,0.499823677167
1060059945.0,0.511034656095
1570650922.0,0.517697761326
3749239597.0,0.531320211827
3089701680.0,0.497407255068
767754035.0,0.500729466035
2417144969.0,0.501933991408
3785988920.0,0.512813507811
4255292219.0,0.52735037309
970193724.0,0.50013229115
2117811005.0,0.496542351353
3638917951.0,0.500529809973
15145794.0,0.522556149031
3649688715.0,0.501479162349
4022688588.0,0.515216464808
3338779471.0,0.524804339946
3563690834.0,0.504804441587
625179483.0,0.498263811317
1847245667.0,0.525535215562
2918734700.0,0.504922753339
4055022445.0,0.532212244598
2867346286.0,0.532860816862
4124490216.0,0.507539883892
3814265525.0,0.500305415612
2310486505.0,0.510966125712
3369384825.0,0.501406286542
3082582913.0,0.499129929719
2331876230.0,0.517904834879
1665702791.0,0.507781400595
3598203784.0,0.502808824801
1988500374.0,0.52729403569
4022524826.0,0.523516575092
16030619.0,0.499715879376
4160281504.0,0.499216172258
4037139365.0,0.519334850335
764009382.0,0.499299205425
3221486508.0,0.527825566349
2970154141.0,0.497114857108
3929193078.0,0.500178570029
878579529.0,0.509392699376
1343527868.0,0.515058247484
4068178877.0,0.494649537033
1738030014.0,0.498665990836
4241914816.0,0.491230555392
1839918322.0,0.501957502603
1815354318.0,0.502503897694
105642960.0,0.49835280322
2622856149.0,0.521605915758
2600873807.0,0.497444046153
2794118114.0,0.50087728287
2043248465.0,0.530396143463
1962322428.0,0.499492961575
3842497516.0,0.518762591984
2148965358.0,0.48716483556
158940143.0,0.524399322254
2604497909.0,0.497655585634
268442623.0,0.500067699653
1109564424.0,0.499007266073
2079505419.0,0.515812638857
1510816782.0,0.51680949047
3922295823.0,0.497227412713
3368393744.0,0.495029260982
2482302037.0,0.523763326191
2147465338.0,0.499957137562
3856037277.0,0.52709059044
2974096410.0,0.497298874097
372857885.0,0.489540710832
380673055.0,0.520498592682
394984483.0,0.499714494137
1533582384.0,0.499196230763
4219345971.0,0.512291995363
183204935.0,0.50088912601
3971218504.0,0.517931500001
1105067091.0,0.498191984624
50076758.0,0.503738238032
1130470487.0,0.506736745175
173341789.0,0.500115139722
2941705310.0,0.50084010474
2398788706.0,0.498649918659
2257353829.0,0.505182244237
1989368937.0,0.539906365162
24755307.0,0.498107145937
4186537070.0,0.507511866246
250920048.0,0.52322333618
702889076.0,0.498460676962
4182602942.0,0.500991618632
2302891199.0,0.507039132423
881204355.0,0.520411441822
309935240.0,0.508231932581
1974402191.0,0.501946685788
3958791318.0,0.500557350255
2561965207.0,0.533541000279
3936615581.0,0.524716852819
2759880560.0,0.503603684853
3182419120.0,0.521284197933
2401565873.0,0.504845622579
4291488745.0,0.517334726404
2840263860.0,0.503097871488
1814088826.0,0.504320421409
410565817.0,0.512274024057
670366919.0,0.498533332884
2472254668.0,0.519914553687
2760817870.0,0.512184915653
68991036.0,0.502493691011
395738321.0,0.520959163568
2375990486.0,0.523690654308
1395580121.0,0.502662628245
2931588314.0,0.516919410009
1750662364.0,0.508735552032
1260751404.0,0.530902137259
3970042405.0,0.509369548328
1120148704.0,0.525801233504
2257001698.0,0.496280206878
1039301878.0,0.533202700607
886897913.0,0.500481084699
491535621.0,0.519894017324
2194177287.0,0.517808252812
3141172489.0,0.499579947695
2228226605.0,0.509597180382
3968851216.0,0.496147681142
227245329.0,0.501940077783
1556585746.0,0.49623478035
2614397486.0,0.527078420587
3611704599.0,0.493472014036
808714118.0,0.508145262256
1889213735.0,0.50187796498
2509626664.0,0.50053104553
2419561692.0,0.499129929719
651050282.0,0.503268059611
2701409582.0,0.494972888406
1211170095.0,0.500433963909
4158479668.0,0.506579793946
2255150393.0,0.494070684219
376003904.0,0.513206881331
787487372.0,0.528227935211
2713115974.0,0.499677098632
1545878855.0,0.503919802012
1000660300.0,0.524794189114
1260887373.0,0.484574624967
3495624015.0,0.514532026612
2173959522.0,0.496402111528
2280783209.0,0.496870151957
2105236843.0,0.499706881353
3299913618.0,0.497032248528
1570651505.0,0.489417104372
209313138.0,0.501247578279
2505014644.0,0.500473323804
3698515322.0,0.532421374043
164953467.0,0.515917221748
538404590.0,0.488774144254
1843297665.0,0.49295168162
1591762309.0,0.503869801898
3103078432.0,0.499153028285
2015690124.0,0.498315226336
3931028877.0,0.483824701355
3262332304.0,0.522099274276
354131348.0,0.499630774776
4046083310.0,0.498283055057
1108729241.0,0.497334434574
1295580580.0,0.501816008439
2963283368.0,0.508244222118
1618673067.0,0.530577540173
1362372441.0,0.499271833341
3950779824.0,0.500681576758
3384843698.0,0.495198975614
287219131.0,0.515894521847
2583739840.0,0.4986933892
2610486723.0,0.50032291538
2330787268.0,0.525997994781
2337250757.0,0.499867937173
1241464267.0,0.496755217339
3397828046.0,0.496542795879
340975058.0,0.496948172859
799989205.0,0.495941319458
235994585.0,0.524404452381
3336568290.0,0.498461765982
3255694526.0,0.520943567463
1904492019.0,0.500241371003
65797629.0,0.518664200276
2966199806.0,0.498697978323
3281387017.0,0.516490762594
4051443216.0,0.534220457416
3813654034.0,0.50098924281
2359614999.0,0.517332860525
1542995481.0,0.518239248179
3462888987.0,0.504122361189
2056594679.0,0.521494381174
2441575971.0,0.496391399993
2037194281.0,0.511327132783
2979749419.0,0.513716879077
1328774706.0,0.499129929719
1620573756.0,0.499321853851
1255956033.0,0.501104435502
2282454601.0,0.531097228539
1746599500.0,0.501754349311
4241981006.0,0.525989243746
4111670865.0,0.5127900258
448503396.0,0.52431726356
2145680999.0,0.500324693976
2903367273.0,0.518186540582
1849286254.0,0.49639545807
3360521839.0,0.499393924724
4087340658.0,0.499634450462
3924696691.0,0.526985491159
583376511.0,0.500411414171
2184633986.0,0.495645115928
3272932995.0,0.496352798172
2094557805.0,0.52072204148
3511541392.0,0.512505442679
4168267032.0,0.53220769388
599457430.0,0.517763507675
1678261911.0,0.499455048779
2295021210.0,0.519159670912
2397413019.0,0.501832246198
791486108.0,0.498628795526
2647432870.0,0.501277337308
2173427367.0,0.527294151552
4165164713.0,0.505924824145
873627318.0,0.518627708548
510492343.0,0.517172755393
153026235.0,0.507384222522
1188789953.0,0.524216318505
3977731781.0,0.497422500961
2705112774.0,0.513414728277
2528212257.0,0.512282991783
2161078220.0,0.520982840251
148438730.0,0.494672548531
991469263.0,0.522435085663
3454443216.0,0.49229528828
206110424.0,0.501414779024
1623826137.0,0.500730629874
1175566970.0,0.494634568099
2716475113.0,0.501309509724
3763732209.0,0.499497083616
3477126898.0,0.500006794346
3276087030.0,0.508977352794
1421057783.0,0.502394240829
2459865723.0,0.529203218963
3654246152.0,0.50511292223
2863300363.0,0.52765331774
1191894799.0,0.496045092982
2867445520.0,0.498064726137
639244931.0,0.494520158983
2574704410.0,0.497873491279
3724459805.0,0.50107874471
3113393951.0,0.520811326607
3963895585.0,0.509234186621
1363935017.0,0.494098576412
1729862983.0,0.501132498665
3275121971.0,0.500813670465
3526450996.0,0.507669806427
2810986298.0,0.528161913825
1139621696.0,0.505160663631
1455914817.0,0.514755785773
1651703618.0,0.495967023424
764501827.0,0.499420059781
4109639495.0,0.499588382046
925630280.0,0.514581391917
1283660428.0,0.522712317298
3522961232.0,0.505289971991
2566176593.0,0.510735205167
1788977308.0,0.504308217804
1050025814.0,0.534655644806
2653339480.0,0.502111784623
2848199995.0,0.505509195218
3062693740.0,0.498713181782
3951886190.0,0.495520391125
1800560616.0,0.518986378279
2359730034.0,0.509233040566
2539634665.0,0.501148543388
2884132730.0,0.517183165417
1069350779.0,0.501061824192
3048705453.0,0.507106339161
865197954.0,0.506490906359
3574120325.0,0.50968182446
1634516870.0,0.520671989689
606248839.0,0.522138647636
2726870921.0,0.498036208958
2697568142.0,0.491668275834
1680088979.0,0.522467326524
2982068117.0,0.498341908562
257654678.0,0.510584756229
2357903260.0,0.495834085252
3565502365.0,0.488560913884
713408414.0,0.50728733117
224853921.0,0.511872719333
171698843.0,0.497293192856
3975717091.0,0.499129929719
52305841.0,0.498670245969
3851599795.0,0.498785393553
2988146614.0,0.527784355518
773332920.0,0.498380676721
729505721.0,0.51898805541
1576640450.0,0.498315928103
2883264454.0,0.524733907963
3855073226.0,0.499764442774
1174044620.0,0.517378059133
2135293904.0,0.498882895737
1836335061.0,0.530832379441
1701158876.0,0.502507792589
1650802653.0,0.525878104712
3124314078.0,0.526258035161
3740147683.0,0.496604230849
2438152168.0,0.511291765111
571367201.0,0.517918988148
2691129325.0,0.499035090831
1736278008.0,0.496712106612
4011778046.0,0.503102895615
