idnum,ClustersMLProbScorer_LeaveUnscored
     3800760322,143.900380952380914
      353755139,31.522214285714284
     2729656324,85.514095238095251
     1559860566,117.356833333333327
     4121108486,nan
     1318838287,3.880000000000000
      946176016,26.036333333333335
      453500945,16.619999999999997
     3191791619,27.107999999999997
      839647252,nan
     2511904795,6.820000000000000
     3333611548,25.201949494949503
     3737272353,18.756571428571426
      185188386,13.412253968253966
      573325347,109.222999999999985
     2124324901,12.719999999999999
      197165095,219.978571428571371
     1188814891,23.365761904761904
      982360109,28.705952380952382
     1910931504,16.808904761904760
      966934580,70.584261904761874
     1563967552,77.691571428571422
     3562463301,nan
     3795304520,18.840000000000000
      421388363,21.760666666666669
     1053548620,2.800000000000000
      596918352,23.930282828282827
     3317047384,48.057666666666670
     2813616217,14.039999999999999
     3804389469,nan
      892067936,14.611809523809523
     1650581602,56.895333333333326
      595230820,13.969333333333331
      271982693,13.400666666666668
     2847694951,243.285999999999774
     1811882090,10.780000000000001
      377551549,112.496666666666670
     4113883249,8.820000000000000
     4256784501,17.399999999999999
     2713296789,55.178595238095227
     1919869055,80.161116161616178
     3376365700,12.373190476190475
      456062317,17.923253968253970
     1438113939,35.569999999999993
     3993051292,157.649238095238076
     2703515805,3.880000000000000
     1398325407,5.880000000000001
     2587648164,47.039666666666648
      273670311,32.134142857142855
     1003888808,3.880000000000000
     1604305068,17.272404761904763
      686342322,27.676119047619043
      779665589,32.603857142857144
     3893919927,12.380000000000001
     3389104312,11.690714285714286
     1134182585,11.520000000000000
      627261626,61.224595238095240
     1191354555,140.434992063492075
     3524886718,28.539523809523811
     1729274049,229.775404761904525
     2221392069,44.397705627705605
     2389745864,18.166238095238093
     3485769930,19.753285714285713
     2741403852,51.887000000000000
     2746769613,40.512047619047607
     1934541010,124.360261904761899
     3035087059,29.372619047619050
      377725140,18.443333333333335
      207126743,24.142857142857135
     2444411098,50.485261904761899
     2321039579,108.912999999999982
     1962322428,20.359999999999999
     1908408542,29.109999999999999
     4243587295,14.740000000000000
     3824074979,91.900000000000034
     1135370468,27.078785714285715
     3872112877,44.143087301587308
      945307889,146.259999999999962
     3187415764,13.916000000000000
     2530836730,2.800000000000000
     2476228860,23.492309523809528
      326115587,57.022928571428565
      833462533,14.348333333333334
     1727209735,40.759666666666661
     1162879243,nan
     2047435022,42.904841269841249
     2641698861,nan
      294084880,nan
     3877413140,35.511666666666670
     2554929200,21.296095238095234
     2803204391,120.506261904761942
     2214011194,16.863000000000000
      894198086,92.214261904761912
      705610059,22.539666666666669
     1743118669,9.500000000000000
     1125007695,11.590000000000000
     3385723619,162.086261904761784
     2252398935,nan
     3459391835,27.813309523809526
      304669029,12.361333333333333
      390603110,25.622952380952384
     3155247463,18.385666666666669
     3379814765,21.191000000000006
     2654183790,27.714904761904762
     4060651888,6.125166666666668
      788922738,73.566285714285698
     2233672054,19.469000000000005
      537633146,34.549523809523805
     3460211074,nan
     2078874347,26.601761904761901
     3638092168,2.000000000000000
       58196362,8.652000000000001
     1051260193,15.551089466089465
     1150966509,3.880000000000000
     3796042128,36.439666666666660
     3072508306,81.838666666666612
     3878986134,2.000000000000000
      884695447,19.383827561327557
     2726986138,8.363238095238096
     1247887771,6.660000000000000
      935698844,nan
     1732641187,219.807452380952299
     1760543142,20.213333333333338
     2428084650,49.567999999999991
      391848367,94.868060606060624
     2284863940,121.058333333333309
     2877448651,209.350452380952390
     2648768974,132.460833333333341
     3103965649,2.000000000000000
     2899255767,80.567666666666696
     2753938852,32.232666666666660
     1373077981,27.872333333333330
     3291931107,37.074523809523811
     2976760295,40.293817460317449
     3937534441,98.511666666666684
     2566373869,14.733000000000002
      153805298,11.180000000000000
     3259998708,92.165000000000006
     2570693374,13.969333333333331
     2638545403,142.668666666666667
     3669713407,37.031666666666652
     2208498179,nan
     1470259719,22.730000000000000
      740557322,32.066497113997116
     1571799565,2.000000000000000
     3891479981,3.000000000000000
      986341913,47.022333333333336
      705159706,29.948047619047621
     1081721374,16.692333333333330
     1863241819,22.475976190476196
     2597126692,30.855761904761906
      221667877,41.251666666666651
     1914327446,13.313333333333333
      223183399,187.203333333333376
     3211469352,11.780000000000001
      241197609,49.516261904761905
     1984922154,65.395782828282833
     2828198445,nan
     2576130613,18.975000000000001
      125510199,nan
     3395469881,13.640000000000001
     3402240151,17.387999999999998
     1663754816,nan
     1271890500,9.500000000000000
     1343382088,127.522000000000048
     3033178703,7.160000000000000
      292889168,3.000000000000000
      666796625,19.041142857142859
     3016565331,18.726214285714285
     2052186708,58.218333333333320
     1490195897,19.799999999999997
     4169212504,36.146999999999998
      417350235,44.658825396825392
     1728774750,7.601666666666667
      311411296,3.880000000000000
     1287709284,21.732261904761909
     4235797096,2.740000000000000
      675529322,22.794999999999998
     1059373679,283.592571428571148
     4062413426,nan
     1409090165,18.293000000000003
     4113760888,26.788738095238084
      369566332,120.634595238095272
     2875887722,9.719999999999999
     4098630272,21.440928571428572
     4028572289,17.094111111111111
     1352336002,59.511571428571429
      906519175,82.557595238095217
      304628365,62.821499999999979
       10216085,49.051619047619027
     1988797078,33.853023809523812
     2873991845,211.466833333333227
      437625510,1.280000000000000
     2129699496,nan
     2165359274,13.871261904761905
       73499309,125.154000000000039
     1649287854,nan
      453935793,11.960000000000003
      952656562,26.524660894660897
     4205724340,69.999999999999972
     2069758649,33.343333333333334
     2741191355,88.466000000000008
     3283878590,134.443999999999960
     3142525631,11.869595238095238
      523649730,30.964595238095239
     4123853512,1.600000000000000
     1685709517,20.535261904761903
     1258242766,16.660595238095237
     1070883551,16.202595238095238
     1791967981,43.837333333333319
     3400393458,23.506261904761903
     4201267955,16.780000000000001
     2118558452,114.748000000000019
     1015923445,13.953666666666667
      949631785,24.536333333333332
     3668738810,12.080000000000000
     1073349371,14.587928571428570
     2505499390,46.538428571428582
     4166579669,2.540000000000000
     3559965440,22.803333333333335
      897123075,14.847714285714286
     2681979655,12.270282828282827
     1441981193,188.118666666666570
     4106216208,25.153238095238098
     3462333912,3.880000000000000
     1905125954,26.044880952380954
      638078708,58.709333333333312
     2974147351,62.537333333333336
     2914370328,47.119666666666674
     1892746009,20.642619047619050
     3677799199,141.640333333333302
     1169204003,120.588952380952421
     1936007973,9.748595238095238
      806708007,11.547928571428571
     1608631094,55.921841269841238
     1696105276,12.560000000000000
     2249868093,20.989595238095241
     2222695232,21.453142857142858
     2573599555,29.177333333333337
     1429955396,13.271999999999998
     2720654149,22.414595238095242
     2580513606,34.990666666666648
      690398023,21.765999999999998
      659227466,7.551261904761906
     2955338574,25.346333333333330
     3011535696,53.039523809523807
     1160487773,135.305666666666696
      744663868,25.444761904761901
     2922939247,53.517238095238085
     1433748338,nan
     2961039507,3.880000000000000
     3111535476,64.060190476190471
       32088949,nan
     1426896361,22.887380952380951
      433057940,33.327523809523811
     3638917951,13.368690476190476
     3194807165,nan
     1019339646,156.688000000000017
     1647534975,30.539999999999996
     4229153664,nan
      858350469,25.746666666666666
     2629267607,173.200261904761931
     1027169090,1.280000000000000
     1849353105,25.318999999999999
      286638994,50.159261904761905
     2989687710,41.011666666666656
     1496245153,147.491785714285726
     2666668962,14.500190476190474
     1649050534,230.379999999999882
     4086546480,21.102735209235206
     2431878056,13.925999999999998
     1054392476,9.980000000000000
     3983721386,23.212904761904760
     3547186101,3.880000000000000
     1271940024,17.158285714285714
     2976252859,53.807595238095232
     3947971520,28.028898989898991
     3630015435,11.760000000000000
     2771690453,2.000000000000000
     3713369050,243.670999999999935
      672097245,168.231238095238041
     1828045801,115.549976190476201
     1945779026,20.719190476190480
     2213987327,15.252428571428570
     1292968960,32.159999999999997
     4157858823,2.000000000000000
      519627787,32.709000000000003
     1844839439,27.141595238095235
     4284400659,33.702261904761905
     2236015636,nan
      483353625,14.661666666666665
     3308774428,149.556373015873049
     1376461855,38.294666666666672
      537584677,30.653997113997107
     3008103465,17.442999999999998
     3834668077,9.245714285714286
      193651762,nan
      446301236,62.491999999999990
      941974584,42.630928571428569
     3453898932,nan
     1939563579,6.280000000000000
     1289569344,3.880000000000000
     4180902980,9.660000000000000
     3227673675,28.400333333333336
     1158259789,175.418658730158739
      317244499,13.450285714285714
      454796374,78.005500000000012
     2202215511,109.357619047619025
     2596816399,22.760666666666665
     3106997341,30.653997113997107
      733611111,70.377333333333354
     1067025519,139.252261904761980
     4294673526,9.732476190476190
     2692121728,nan
     4185400452,nan
     1784398986,nan
     1617239679,131.786666666666719
     3374695568,18.315595238095234
     1206240403,19.699999999999999
     3201827993,10.400000000000000
     3232900250,28.822756132756130
     1428432027,178.538452380952378
     2711708833,39.546928571428559
     2784371877,nan
      920454310,246.061333333333181
      571753639,18.447000000000003
     1126746995,5.940000000000000
     1667204277,17.754595238095238
      313550011,26.579904761904768
      646497471,12.080000000000000
     1315759297,56.259261904761878
     2464793805,13.252666666666666
     1308222670,7.591999999999999
     1588069587,83.375000000000028
     3661513945,22.064000000000004
       32228579,6.000000000000000
     3753092331,206.459999999999980
     1938523372,72.198999999999984
     2436539631,101.168333333333337
     1541915895,93.853452380952334
     3465635069,10.781126984126983
      662078719,14.777333333333333
     1569137927,35.334333333333326
     1092740361,155.171666666666681
     1959060749,24.178015873015873
      526099734,24.993142857142860
     1805632795,21.655238095238097
     2728165595,29.476499999999987
     2880521510,15.198095238095238
     2794472743,159.545095238095286
     3355780392,14.461928571428571
      363750706,19.344333333333335
     1938466099,17.098666666666663
     2094727390,12.195714285714288
     3575465272,57.628857142857122
      273895788,63.053333333333313
     1469015365,9.040000000000001
     1617683788,143.570738095238141
     2958140749,39.909333333333336
     1476928847,nan
     1939383633,10.102619047619047
     2697307475,13.656000000000001
     1368417620,20.982833333333332
     1803011641,30.055666666666674
      490390872,nan
     1154467164,75.606976190476175
     3971409246,18.147999999999996
     3764143455,21.340880952380953
     1731183970,38.503999999999998
     3410019693,100.770666666666600
     2200094066,26.467476190476191
     1236739443,158.439999999999941
      835233154,21.155999999999999
     1629496711,23.134619047619051
     2325005705,87.544309523809545
     1799652746,21.273285714285713
     3211797899,239.374999999999972
     3082794562,16.161904761904761
      138167699,11.540000000000001
     1489954197,12.276666666666667
     1476494742,19.516666666666669
     1142482327,23.026000000000000
     2037712283,9.500000000000000
     4072318365,11.500000000000002
     3115345311,6.298571428571428
     1460618660,145.468928571428535
      410207660,nan
     1297860013,27.152476190476193
      272904435,20.874158730158729
      635291084,15.740000000000000
     1800046030,2.000000000000000
      558360016,53.604190476190468
     2459084241,91.308999999999997
     3968607702,8.029928571428570
     2083562968,21.298523809523807
      953476577,34.644666666666673
      897680871,18.587904761904760
     1763665395,29.498642857142858
     2126898676,10.623333333333333
     3647849976,3.880000000000000
     4021978617,12.402523809523810
     2058618366,93.376999999999981
      662488577,45.605047619047625
     3080914437,2.000000000000000
     3734898185,37.919666666666664
      913548811,2.000000000000000
     4266337807,104.686142857142883
      853501460,21.716949494949489
      805750294,11.224476190476192
     3027027480,42.652730158730165
      272025115,nan
      435725854,54.154523809523788
     3855200517,232.373999999999882
     3802498599,38.210333333333338
     3007915564,3.880000000000000
     1234429485,30.016666666666666
      535884040,169.535087301587225
     2161788471,23.080555555555552
     2511439416,33.569613275613278
     1698022969,14.994976190476191
     4086146619,40.634904761904743
      842294845,39.076000000000001
     4168803909,6.280000000000000
     1994379532,101.116666666666717
     3302123087,114.238547619047580
       10454613,54.843190476190458
     3393062486,15.394166666666665
     3799115353,29.147714285714287
     3531949659,nan
     2840495709,55.416928571428578
     1122002527,16.288547619047620
     2800633460,210.022595238095079
      396691063,23.711261904761905
     1615472252,1.280000000000000
     2444273279,20.120619047619051
     1872873092,36.350499999999990
     3535808133,3.880000000000000
     2440177287,18.450666666666667
      432072329,5.880000000000001
      449480333,3.880000000000000
     2657797779,nan
     2484930196,19.835523809523810
        3666201,24.932595238095239
       12830381,28.984999999999999
     1239410355,nan
      512681658,9.694499999999998
     2549458627,20.902238095238097
     2602469060,47.350666666666655
      955357542,53.008047619047630
     3120219847,nan
     4282705615,54.949523809523789
     2077591249,27.860000000000007
      339741137,1.280000000000000
     3723120933,24.857571428571426
      534554350,6.240000000000000
     3183331061,31.154000000000000
      801151677,142.953833333333307
       54322946,34.981261904761908
     3614328581,11.582666666666668
     2623170318,36.899071428571432
     1308763924,17.438952380952383
     3408730234,nan
     2536572694,nan
     3372730136,71.741428571428557
     2548852512,32.905404761904769
     1813563172,250.746714285714290
     1464133416,19.869999999999997
     3378226997,63.835999999999991
       55371580,nan
     4239607614,43.141444444444438
     1143826247,9.724499999999999
     3776816971,116.309928571428486
     2423061474,16.788595238095240
      512280408,14.466595238095236
     1043089241,32.627333333333340
     3775596378,25.953333333333337
     3665520476,29.126476190476197
     3474933600,4.280000000000000
     4031072098,27.624357142857146
      444450661,35.089613275613281
      849774440,14.404142857142858
     1433962346,56.879603174603162
     1952794477,27.307833333333335
      158222197,41.099285714285706
      435866601,11.079357142857143
     2470291321,102.469666666666697
     3565143937,41.797261904761911
      552560514,7.120000000000001
     2815600518,10.243142857142859
     4290324359,12.000000000000002
     2880883692,49.061666666666653
      472389271,2.000000000000000
      284764044,187.472999999999928
     3582994324,2.000000000000000
     2626771950,118.771166666666687
     3688818588,106.771666666666647
     1759545245,19.023333333333333
     4072204192,nan
     3409389475,8.702380952380953
     2691467177,61.960000000000001
      730261418,155.807833333333264
     3902744498,24.034595238095232
     3375097779,50.448333333333309
       54159288,17.802809523809522
     3593717691,269.277071428571276
     2302737397,12.644523809523809
     3995873611,16.638999999999999
     1634043849,54.945333333333330
      865208268,135.441261904761888
     2184102221,41.755976190476190
     4266641366,2.000000000000000
     2923874264,11.434595238095239
     3872409566,70.959999999999994
       14444511,nan
     1813981160,8.059285714285714
     2119559147,24.890190476190472
     3165702128,26.878857142857150
     1394616307,35.171999999999997
     2930903030,6.988666666666667
     3797428218,21.259595238095240
     1710721019,141.719666666666626
     3717400577,79.891214285714270
     3536439299,217.095333333333144
     1426753545,23.091261904761904
     1919813642,20.166238095238096
      598886413,23.839523809523808
     2523490319,26.608999999999998
      104974358,70.338333333333338
     2680932378,1.360000000000000
     3821144119,60.444420634920640
     3657566264,3.880000000000000
     3942852667,67.373555555555527
      215066694,235.460000000000065
     3171109900,10.962380952380954
      185988792,137.881666666666717
      888719444,82.036333333333303
     3661016430,58.122404761904761
     3698378842,89.902571428571434
     1485326427,26.070928571428571
     4060702813,23.644603174603176
      722061407,110.830666666666616
     3024685155,14.652380952380954
     3530762340,39.946285714285708
     3716821350,13.644285714285715
     1778878570,76.046999999999997
     2934818931,95.934833333333273
     3277588603,54.042973304473300
     1272088704,38.478111111111104
      119572611,14.683333333333337
      315926660,32.911476190476186
     2581653639,61.321753968253965
     3799238793,212.133976190476318
      786253963,203.605333333333306
     1143785614,20.434174603174604
     2067851411,3.880000000000000
     2402835482,34.940000000000005
     2344855714,58.644833333333338
     2032634024,7.721666666666667
     3504388530,34.949000000000005
     1406576822,3.880000000000000
     2790394039,32.636000000000003
     3213093054,31.143761904761902
      283691199,38.559095238095246
      994404544,30.307333333333332
       14813380,53.665000000000013
     2711246540,3.683333333333333
      177470199,19.391261904761901
      724060372,nan
     1323002069,14.740000000000002
      146589912,26.449999999999999
      892250330,76.204880952380961
      550209759,16.351111111111109
     2734393568,66.826928571428553
     2031331565,60.607547619047622
     3237611768,10.562595238095236
     2729109755,173.601666666666773
      561490172,46.303999999999995
      710658324,127.963999999999928
      362989846,122.240928571428583
     2556455193,15.356261904761903
     1867671834,nan
     3609626909,71.414976190476210
     3781830943,5.880000000000001
      465324329,42.696333333333328
     2973804842,199.950952380952316
     3022424368,6.739999999999999
      121407795,29.206642857142853
     2932574516,153.719000000000023
      784951605,25.050333333333338
     3579980088,36.940000000000005
     3384019258,5.880000000000001
     1624413919,13.424777777777777
     2881947964,2.725904761904762
     1635494206,82.407595238095240
     1679182144,2.000000000000000
     2828519747,17.259333333333331
     2902034762,23.852999999999998
     1438673227,14.733000000000002
     4218906960,7.162857142857143
     2082318676,14.348333333333334
      710502743,16.765000000000001
      376809818,8.205333333333334
      543017310,11.540000000000001
      699418984,24.886404761904760
     4010740074,149.575999999999965
      485509484,25.446952380952379
      793872755,11.483666666666666
     2659576180,67.584309523809509
      125806967,55.614000000000004
     1293221082,26.970044733044730
      562694526,10.880000000000001
      227821952,32.272142857142860
     1774100886,36.071261904761911
     4188449159,25.910000000000004
     3712313737,17.643000000000001
      128166283,122.238523809523841
     1581525388,38.701857142857143
     2406443405,12.374873015873016
     2430035694,12.560000000000000
     3661605270,12.388666666666667
     2099632493,10.719999999999999
      671066522,7.600000000000000
      366201244,91.566738095238108
     4108421541,22.700000000000003
      863701417,22.295999999999999
     1941146030,9.426261904761907
     1581997128,20.939261904761906
     4113836467,38.478111111111104
     2659667017,12.312666666666665
     1574094581,155.728682539682637
     2292255175,16.114500000000003
     3688663497,5.600000000000001
     1724574161,110.832238095238083
       41839058,23.436333333333337
     1945078227,16.001285714285714
      551700951,48.693523809523811
     2140367323,45.574547619047607
     3855157726,13.969333333333331
     2536016354,105.049613275613282
      822921699,19.960000000000001
     3981625830,26.930428571428568
     1644022252,25.244666666666660
     1967294964,32.477928571428578
      907995638,144.439999999999998
     3771247314,13.623333333333331
     1619470841,39.183380952380951
      910289404,25.174565656565655
      298740821,103.592333333333272
     1480362498,22.947999999999997
      174795272,25.802595238095236
     2367269385,46.747833333333340
     3204377106,9.964000000000000
     3165686297,nan
     2129357338,2.000000000000000
     3421776413,3.880000000000000
     2116913700,21.739333333333335
      871664165,21.973904761904766
      495856172,6.280000000000000
      900909613,137.003333333333330
      277219886,204.998499999999666
      139594293,107.668285714285702
     1480124983,32.617642857142862
     2845256258,28.484666666666662
     3671812676,182.780944444444515
     3897887302,13.879999999999999
     1701030471,2.780000000000000
     1605741128,116.341452380952390
      871524956,57.165999999999990
      262695517,4.600000000000000
      775948897,11.034761904761902
     3589671529,32.890000000000001
     4152535659,17.033333333333335
     1094199917,3.880000000000000
     3500518001,13.857568542568542
      506466751,nan
     1525631612,nan
     1831660160,nan
     2176248451,18.461666666666666
       57895567,96.466735209235154
     3907627668,58.974444444444430
     1068804761,74.463666666666640
     2803952283,17.765087301587300
     3582446236,nan
     1472531102,77.089968253968252
        3762856,83.824523809523839
     3554809628,70.014616161616161
     2100676127,9.380000000000001
     3251055280,12.100952380952380
      710347441,97.075619047619085
     2717665971,120.073139971139966
     4112337591,13.340000000000000
      851544763,31.683333333333337
     1629162174,13.580000000000002
     4272745155,14.831261904761906
     2183219908,110.358833333333408
     3976252102,3.880000000000000
     1572162249,36.033999999999992
      608275154,51.965333333333348
      689908435,136.453666666666692
     3760893049,95.403333333333336
      831744733,97.945333333333338
      913926878,2.000000000000000
      401894115,22.512571428571430
     3706702972,39.060000000000009
     3952937710,29.098616161616164
      770288372,74.668333333333308
      155749111,21.803997113997109
     2104760106,31.029000000000000
       71240446,17.323079365079362
     2660068095,160.137000000000114
     3704515339,11.942380952380955
     2036861708,97.338999999999970
     3409201936,1.820000000000000
     3746597652,3.880000000000000
     1135405846,59.506666666666668
     2917649183,173.200738095238165
     3888565025,102.312388888888933
     2850515750,70.805000000000007
      584723240,17.176666666666669
      199543593,40.546134920634920
     3165442525,106.856023809523805
     1192790833,nan
      894405427,12.720000000000001
     1425926964,187.357166666666501
      922536762,5.120000000000000
      193628988,9.840000000000000
     1309797181,56.776666666666678
      405179198,26.560000000000006
     1831422783,3.000000000000000
     4118555456,nan
     2431150913,59.032666666666643
      233278274,11.158000000000001
      189960673,nan
      128699208,13.619666666666669
     2056899406,76.345214285714277
     1608510287,132.861190476190416
     4277267286,2.000000000000000
     2374896473,17.660000000000004
     1885207695,29.537087301587299
     1898064737,13.800000000000001
     3421047650,20.833333333333336
      438504297,3.880000000000000
       38529900,22.170523809523811
      412396401,36.140666666666668
     3241708403,25.874111111111109
     3544271743,27.594000000000005
     4134914945,11.788833333333335
       15666050,28.075547619047622
     1866476419,21.276952380952380
      470264709,43.907666666666657
     3504622477,9.696333333333333
     2416569231,nan
     2304674709,32.536952380952371
     3867257754,129.372380952380951
     2081278875,3.880000000000000
      131722143,nan
     2646150048,138.579999999999956
      597789611,nan
     3596815284,15.677333333333330
     3759631297,122.257341269841277
     4083223490,15.064333333333336
      635537227,13.217952380952383
     1437936582,10.266238095238096
     3839658957,120.874190476190478
      922490701,27.322904761904763
      151276515,103.894333333333307
     4173835236,54.289968253968254
     1704225769,nan
     2906852332,25.582380952380955
      941501424,3.320000000000000
     4034210806,5.880000000000001
     3785534455,199.182857142857159
     3905473528,11.500000000000002
     1214999547,nan
     3314961405,nan
      249973761,nan
     2168327170,47.055997113997101
      812100611,147.944000000000017
     3298692104,89.084282828282866
      446540812,28.600095238095232
     3421907983,31.961261904761905
     2074416984,44.564928571428567
     1466372611,100.213065656565661
      812198935,62.179999999999986
     1547700058,38.850738095238093
      892800032,34.100928571428561
     1859578915,3.880000000000000
     3276610737,15.051999999999998
     1464842076,47.210000000000008
     1732070447,73.113238095238117
      422128692,98.210666666666683
      136563772,223.188507936507790
      214707270,39.573738095238092
     3724069959,39.519999999999996
      964193353,15.977166666666667
      225113954,74.757666666666694
      724896846,17.475000000000001
       27472397,118.488333333333387
     2132896853,3.880000000000000
      186731606,5.880000000000001
     3139345593,12.877333333333336
     4113091686,27.171261904761906
      890483217,19.944666666666663
     1281133672,13.450285714285714
     1916316778,26.675992063492071
     3866823789,4.088595238095238
      637979759,30.608000000000001
     1547750521,97.273087301587324
     4221947002,28.516999999999999
      657779836,57.153333333333329
     1309641855,157.078000000000003
     1543539840,22.070357142857144
       57560196,8.400000000000000
     2315750533,96.434769841269826
      315616399,129.817261904761978
     1237707923,12.003333333333336
      546335892,14.398000000000000
     2667998362,11.459999999999999
     2619206821,23.528999999999996
     2886823078,53.492404761904758
     1808840561,18.055544733044734
     4289817784,43.473735209235208
     4067798202,18.547857142857147
      676539582,6.380000000000000
     2995955573,24.651928571428574
     3189394625,53.506666666666675
     2490846405,3.920000000000000
     4207217864,105.989261904761904
      619728073,44.022761904761893
     3415207115,18.982380952380954
     2792025292,128.080833333333345
     2746559694,111.181666666666658
     1234980050,8.882666666666667
     1197239508,79.106666666666698
     4166159578,20.747595238095240
     1087081695,11.500000000000002
     1501711584,18.484666666666669
      892251366,nan
     1956637930,28.073333333333334
     3450391790,272.012166666666360
      326528240,nan
     1806167282,17.554238095238095
     1270320376,150.979785714285697
     2680032505,55.800595238095234
     2940169470,nan
     1575709954,110.353952380952450
     2510011606,54.405523809523835
     1984441612,15.480000000000002
       81603853,32.589428571428577
     1198722318,198.780000000000001
     2287758612,nan
     1400704277,22.580000000000005
     4057451798,79.550904761904718
     1084009755,38.049999999999990
     1612639517,102.531158730158708
     2030794629,31.159333333333336
     3119066405,17.860714285714284
     1129975088,6.400000000000000
      218664243,39.112000000000002
     1627884852,3.880000000000000
     4203793720,109.671904761904756
     2948992316,25.095928571428569
     3646262592,62.959999999999980
      340897089,43.967333333333322
      963325255,116.462999999999980
     3003100489,112.877595238095239
     1736035661,56.510999999999974
     3819482455,92.819238095238134
     3509464412,3.880000000000000
     3729493345,89.793333333333337
     1808911717,137.091841269841183
     4136856940,23.734999999999999
     3306630510,32.835261904761914
      876080497,3.000000000000000
     3045444979,17.722301587301587
     3877088629,146.088000000000022
     4112346491,35.362285714285719
     2275192200,nan
     3115961744,2.810666666666666
     1121602963,5.880000000000001
      554233248,37.311999999999983
     2749003675,nan
     3111587242,56.749666666666670
     2801913261,42.584476190476188
     2292977070,33.555999999999997
       95774621,133.587949494949470
     1879928240,nan
     4023700917,13.450285714285714
     1294380470,20.563666666666670
     2861403575,26.741666666666664
      714436037,122.348857142857170
     1963837347,19.537642857142863
       52301276,22.239999999999995
     3370348001,17.590857142857143
      521080290,16.808380952380954
      157732323,75.643904761904764
     1092218350,1.280000000000000
     2427375089,35.703095238095251
     2573356539,37.142000000000003
      438541117,26.777333333333335
     2317192710,15.120000000000001
     2467114242,31.870928571428575
     3432402448,2.000000000000000
     2612645396,22.478857142857144
     1666158101,3.640000000000000
     1128051289,24.367833333333337
     3023048216,15.510158730158730
     3574722077,156.629999999999939
       42935543,63.076333333333316
      433974817,25.526666666666667
     3187461675,10.057595238095239
     2567114284,23.617428571428569
     2584023645,91.931666666666729
     3165597234,13.580000000000002
     1591840307,18.080000000000002
     4294270217,26.158928571428568
       61279800,24.955330447330446
      783765051,34.895214285714282
     4027829823,1.280000000000000
     2937826883,10.880000000000001
     3746065989,22.624071428571430
     2434666055,2.000000000000000
      124726856,46.421238095238088
      441200201,12.520000000000001
     1484713229,138.481666666666712
     1615064656,32.932642857142859
     3111947859,11.986952380952379
       80662100,18.089000000000002
      182988375,21.951000000000008
     1341727332,17.720000000000002
     2110109626,16.907000000000000
     1174163042,6.660000000000000
     3160174180,102.598666666666674
     3273059941,141.037999999999897
     1939639911,35.462857142857160
     3061108330,204.500666666666660
     3728625259,nan
      534703725,38.182000000000002
      390794866,81.777579365079362
     1566551667,104.639499999999970
      117821048,25.073000000000004
     3788000892,140.606992063492100
     4167003777,13.440000000000001
     3781652098,46.618928571428540
     2503822984,76.057261904761930
      595299979,nan
      267021979,4.000000000000000
     1787417200,3.880000000000000
       46861991,50.176875180375163
     2308848817,8.742380952380952
      372616876,18.837166666666668
     1072588745,57.548761904761896
     2777108152,2.000000000000000
     1094151866,3.880000000000000
     2952851131,14.328952380952380
     4116467389,140.653333333333251
     2554299873,100.963333333333296
     1015049924,11.780000000000001
      568225478,7.359999999999999
        1257163,8.468333333333334
     3766718161,67.278857142857134
     1131998935,39.001999999999995
     3779145439,23.654380952380954
      158502627,27.186285714285713
     1257934569,15.520000000000000
     3527479018,18.204142857142859
     4253662503,14.132380952380952
     1742016237,51.301166666666674
     2835645053,2.000000000000000
      339693299,nan
     1270771444,46.255333333333340
     1285533434,35.130282828282823
     3594702588,84.648666666666671
      569716486,48.982380952380936
     3493744392,34.532738095238088
     1118646028,22.317333333333334
     1755041549,3.880000000000000
     3811110673,5.000000000000000
     3559935768,250.084999999999695
     1856163611,11.539999999999999
      470564430,29.572952380952376
     2494672673,229.302190476190447
     3280760610,28.502333333333336
     2871398184,78.339595238095228
     2059693868,2.540000000000000
     2002825005,23.391999999999999
     1821355823,2.140000000000000
     2754340045,81.559190476190466
     1563422519,2.000000000000000
     4184403768,7.545000000000000
     2891705652,23.403666666666659
     1947537211,14.684928571428571
     2326703934,nan
     4131991365,126.995393939393963
     1520840518,239.977833333333308
     1466478409,42.159999999999997
     1088122699,34.022761904761907
     1625018191,5.680000000000000
     3360501585,35.899261904761907
      977096533,96.819878066378052
      891039579,31.067333333333337
     2575724380,72.174666666666695
     2424926057,35.250238095238103
     3913175832,19.630000000000003
     1306963824,277.358999999999924
      333893490,21.191000000000006
     2842627955,215.026222222222145
     2790084474,37.760999999999989
     3598651262,2.000000000000000
     3701772160,21.330523809523807
     2219446146,94.056703463203405
      872843243,137.651999999999958
     1111143713,69.737666666666655
     3528822674,50.689333333333337
      386305939,54.733666666666672
     3936325532,3.880000000000000
     1404981150,154.296666666666738
     1193187313,56.514857142857110
       20688811,11.680000000000000
     3740528556,nan
     2853515181,32.165928571428566
     3113996209,5.880000000000001
     1660064414,42.706666666666671
     1890627511,1.280000000000000
     2260168632,12.964619047619049
     1434742717,195.889404761904729
     3640913861,129.482595238095257
      888173217,nan
     1497722098,1.620000000000000
     1845333964,22.436238095238100
      225832912,48.755666666666670
       73166801,134.893333333333345
      797700051,31.272925685425676
     3357044693,19.603309523809525
      888716623,55.252444444444450
     2629504988,12.760000000000000
     2833321952,17.591999999999999
     2626951163,33.569613275613278
     3111604202,44.539595238095231
     2572185579,8.400000000000000
     2221617133,40.608333333333327
     1065373685,17.438952380952383
     2359283704,11.113333333333333
     1002508282,11.859999999999999
     2144358400,88.739333333333306
     4059254786,11.180000000000000
     2151395332,86.478484126984142
     1771663369,51.950928571428577
     1644675757,14.240000000000000
     2880106515,86.965333333333334
     3645190166,14.509613275613274
     2797146136,42.331571428571436
     1003261977,11.884476190476191
     4010594330,37.231952380952386
      599339043,44.977738095238088
      419508265,22.558412698412695
     2960835250,63.719666666666640
     3216420911,77.190523809523825
      785199153,31.764666666666670
     3114435252,3.880000000000000
     1968173115,13.530357142857143
      860614717,nan
      368218175,4.618000000000000
      570683458,20.384000000000000
     1182511172,84.119285714285709
     3357118537,nan
     2836033610,31.294142857142859
     3658068043,9.500000000000000
     1667321933,122.980333333333391
     1891242075,12.669999999999998
      513757280,13.923190476190477
     1141059689,8.923333333333334
     4061130858,9.668380952380952
     3817222253,21.509595238095240
     4210077806,23.693571428571424
      801247343,104.476388888888962
     1404883058,25.705190476190470
     3517788275,nan
     2602663273,56.074476190476190
     1048768634,11.103000000000002
     2657046652,35.030261904761907
     3864252545,53.673126984126959
     2237673603,221.435642857142767
     2421854341,77.191095238095230
      136507530,105.761666666666656
      924930627,20.862380952380953
      651522193,124.165211399711467
     2166853780,42.967333333333329
     2702725269,3.880000000000000
     4151390359,14.007952380952382
     2986135709,207.813279942279962
     1758154911,230.598666666666531
     2516537511,37.556809523809527
     3086430378,63.972857142857116
     1435692403,12.595904761904762
     3685699764,8.260000000000000
     2678173878,49.944666666666663
     2225983673,11.278095238095238
      160329916,nan
     1639616705,11.980000000000002
     2313941188,6.240000000000000
     2584465614,150.460277777777719
     1085755604,17.188166666666667
     2336269006,1.720000000000000
     1392865495,15.656666666666666
      204878041,8.249238095238095
     2208863950,87.555857142857135
      411234533,28.288619047619044
     3142389990,17.802809523809522
     2562715879,44.622261904761885
     1832407275,32.741849206349208
       51712238,11.900095238095238
     3871650035,73.080000000000069
     2483400949,84.079666666666711
       60575993,12.214380952380951
     2130260220,181.386999999999972
     3350425853,119.975333333333310
     2476863742,48.808000000000014
     1659875587,19.372285714285717
     2477863173,nan
     1547096328,40.339595238095235
     2777682188,nan
      742314262,17.059976190476192
      798781721,14.236949494949496
     2888331548,36.620761904761913
     4292202783,7.500000000000001
     2007396645,40.470349206349212
      326324523,nan
     1881395523,13.180000000000001
     1117376840,32.993261904761908
     3651252553,7.545000000000000
     3393409355,17.046523809523809
     4240494925,19.561261904761899
     2956833103,16.845928571428569
     1540526416,5.000000000000000
     1310118228,14.151666666666667
       18403675,77.472666666666697
     3357978977,17.289000000000001
       48025958,18.839666666666666
     1330295145,28.778833333333324
     3185160556,179.329999999999899
     1735913840,12.863333333333335
     2328408434,16.992619047619048
     2424140147,63.603380952380938
      604664181,34.100000000000001
     1622684023,22.497333333333330
     4134559124,13.312333333333333
     1571344767,16.365666666666669
     1945629056,20.237642857142859
     2355196302,14.241904761904763
     2244055444,107.743206349206318
      502436245,66.948166666666680
     1502884246,17.768373015873017
     3126899100,nan
     3530199455,11.159999999999998
     2656756466,3.880000000000000
     4075598256,24.547857142857140
     3791221174,139.347666666666669
     3342668217,135.654238095238128
      519926207,7.403333333333333
     2989142466,48.958333333333329
     3548320198,18.751666666666665
     1564103114,69.128880952380939
     2135077325,66.073952380952363
      474837456,17.552000000000000
     1093013972,7.880000000000000
     3503854040,5.023333333333333
     2147815901,nan
     1256182240,6.619999999999999
     1905316321,22.976666666666659
       87519714,42.324420634920628
     1686114793,nan
     3822293485,33.547928571428571
     3408679406,199.221999999999980
     2990330352,216.104166666666600
     3120738802,44.848119047619058
     2122168404,219.243666666666570
     3520115198,106.222904761904744
     4113224195,10.840000000000000
     2837329513,41.886999999999986
     2350354953,27.175619047619051
     2571596299,10.943333333333335
     1198436877,21.527595238095238
      473862671,27.687166666666670
     1672737297,27.641714285714286
     3980784151,133.808499999999981
     3613018202,5.980000000000000
      697963049,4.505190476190476
      280945415,nan
      476525107,14.994976190476191
     1443332873,100.944238095238134
     4168364602,7.160000000000000
     2441351741,179.713333333333168
      819589694,40.182619047619056
     2476257859,30.100619047619055
     2640457142,54.855261904761882
     3536450118,15.673809523809524
      606532167,60.566333333333340
      906285644,5.000000000000000
      336466512,9.875000000000000
     1352815192,19.340000000000003
     3814961753,78.364928571428564
     2478674523,14.647333333333334
     2007282268,51.493857142857131
      170226269,nan
      237580894,34.361928571428578
     1269019240,53.860666666666646
       28562031,22.172309523809524
     2931069552,9.392404761904762
     2379077800,nan
     1444024960,51.940333333333314
      936596102,21.002380952380953
      586519180,11.603333333333333
     1301975697,71.986666666666650
     1730433688,118.171309523809597
     2970555038,14.846666666666668
     3498168993,98.513047619047597
     2911457959,106.862666666666669
     4107874988,nan
     2402292397,nan
     1438274224,52.608619047619030
     1777947317,125.514904761904802
     2084278972,191.061087301587349
     1421005503,36.886000000000003
     1494217410,170.536666666666719
      565949124,17.446666666666669
      175198917,26.016000000000005
      583611083,243.104333333333415
     3384578765,133.385904761904811
     1782723279,26.960666666666665
     2097738457,nan
     2389824220,21.103333333333332
     3222165626,29.357571428571426
     2592420575,41.996666666666670
     1239435542,2.000000000000000
     3518264036,71.403928571428565
     2382885606,12.128690476190476
     1022186216,12.060000000000000
     2053690102,20.258333333333333
     2249691904,3.880000000000000
     3469480706,35.255666666666656
     3021493001,4.835238095238095
     1991938829,7.140000000000001
     3229520661,106.968166666666662
     2101334808,149.394000000000062
     3217699612,45.397999999999996
      849261353,21.349666666666671
     1292038956,99.385261904761904
       13579059,32.822761904761904
     1078121284,3.880000000000000
     1937757001,3.000000000000000
     1091227106,93.742952380952389
      753881937,23.594261904761900
      944763734,47.846571428571416
     2388218712,57.194333333333326
      892212061,52.722777777777786
     3296187235,26.043666666666667
     3507802980,31.119730158730160
     1602499431,63.440880952380930
     2056270699,41.881999999999998
     3042571116,32.122976190476187
     3374379886,11.540000000000001
     2584441712,nan
     2915136374,169.565087301587198
     2790757250,26.579333333333331
       39662473,7.817000000000000
      544502666,17.358333333333334
     1496134540,13.577793650793652
      571839380,161.268333333333288
     2996056988,33.072952380952366
     3896652702,2.800000000000000
     3557749663,nan
     3542741923,26.000642857142861
      860074920,2.000000000000000
     1561932719,nan
     3095622577,99.047904761904817
     3227046837,15.849613275613278
     2251035578,16.508616161616160
     4062335936,22.114261904761904
     2522682305,99.424190476190446
     1705530308,24.513309523809529
     3696571334,113.069999999999993
     3501863883,26.618666666666666
      511906768,61.666999999999973
     4206736337,29.223761904761911
     3969135570,6.182857142857143
     1240241112,42.181999999999988
     4051833820,15.567333333333334
     2006040353,7.319444444444445
     2687480803,69.521023809523840
      440939493,nan
     3558003689,4.725904761904762
      135869424,9.400000000000000
      197093544,11.400000000000000
     1333195762,54.914333333333325
      322589684,81.405232323232312
     1037939704,28.032000000000000
     1912189950,20.465833333333332
     4116632580,30.855928571428574
     1874916359,nan
     3824833561,45.460666666666668
      927241245,202.345087301587341
      944157726,36.312000000000005
     1116599329,48.990396825396815
     1270992390,211.265373015872768
     3718927404,144.686333333333323
     4197446704,25.185333333333332
     3852096562,32.273309523809523
     1758966843,159.879999999999910
     2334716998,122.858666666666707
     3778204746,30.151999999999997
     1305760850,20.140000000000004
      244462675,113.460753968253997
     1919152996,nan
      943707226,56.931619047619023
     2043376732,105.896000000000001
     4017534046,nan
     2154708496,35.429333333333332
     2684771858,48.131261904761914
     2906420334,13.123952380952382
     4197151858,51.015261904761907
     3085964404,129.331619047619057
     2377872506,89.463211399711398
     1548748991,29.417642857142859
     3040318592,13.663333333333332
     4039144577,nan
     3423802502,42.841999999999992
     1524790409,24.645261904761909
     1376646283,9.828333333333335
     3675509902,92.664071428571418
     2052215951,nan
      865973392,240.168714285714231
     1120441496,53.015738095238092
     4151208132,191.456666666666507
      932664477,17.788000000000000
     3507590304,284.569000000000017
      384586913,5.880000000000001
     1546777764,81.694999999999993
     4211618984,157.192166666666623
     2979116205,27.641714285714286
      392377518,16.021333333333335
     4050719921,101.749087301587352
     1360598195,91.222833333333298
     4216542392,nan
     2137593022,nan
      256070847,17.158285714285714
     1673548992,52.247357142857119
     2848232641,17.327476190476190
     1465881794,49.488333333333337
     1740027076,14.348333333333334
     1355830470,148.601666666666688
      391486463,23.369825396825398
       66827474,nan
     1679398101,68.383428571428610
     4025644250,10.282380952380953
      321967324,89.960928571428568
     1379431645,1.280000000000000
      358642912,5.300000000000000
     3058144487,nan
     4029453550,16.763825396825400
     2136347889,60.167777777777758
     3048527090,16.705666666666669
       18527477,nan
     1077458166,10.962380952380954
     2152346877,86.529000000000011
     3623908612,31.201047619047621
      705066247,11.719999999999999
      873911567,85.984571428571428
     2242966804,89.649571428571463
     3933263128,19.680565656565655
     3587429660,3.000000000000000
     2289595681,10.319999999999999
      183359707,16.321568542568546
     3109672237,47.513595238095220
      468416893,92.287833333333325
     1082086708,7.860000000000000
      947148085,28.194333333333333
     3069891465,36.996666666666670
     4263990585,20.359666666666669
     1236740319,23.028595238095239
     1853191050,13.389595238095236
     1498838336,24.682190476190478
     3678401862,42.378999999999991
     2492675400,62.001190476190452
     2919210693,24.345666666666666
      467211596,nan
     1341625680,109.781452380952331
     2119570771,14.222523809523810
     2830325078,59.117666666666672
     2306061655,26.716142857142856
     2981311836,25.343333333333334
     3304576351,12.922690476190477
     1610184032,11.911595238095238
     3316633147,12.693000000000001
      501962084,48.300000000000004
     3090437477,21.598428571428574
     2208191846,3.880000000000000
     3979113834,73.697571428571436
     4272829805,29.221999999999998
     1171027314,38.160095238095231
      156964214,60.830793650793666
      588242317,53.721666666666657
      622466425,5.161047619047618
      173299067,229.467666666666616
     1156633980,5.420000000000000
      696685957,29.710333333333331
     2598065556,27.744285714285709
     3557094808,12.159999999999998
     1580438941,10.750158730158727
       84317600,26.740000000000006
     2855671201,208.668357142857104
      242955686,22.186333333333327
      738039210,nan
     1651219599,22.886523809523808
     1239109318,17.280476190476190
     3485953609,11.028000000000000
     3742897593,nan
      981652924,224.082666666666654
      335181247,4.600000000000001
     2883999170,16.866666666666664
     3364795734,nan
     3567990215,213.422499999999957
      739218891,3.880000000000000
      171775437,21.983261904761900
      466367952,102.296904761904713
     3863713234,22.253523809523809
      314179150,3.880000000000000
     3422180824,45.370261904761918
      351587919,54.444777777777752
     4115720443,125.232142857142819
     2582709158,1.680000000000000
     3290822121,14.733833333333333
     1966446059,36.916619047619037
     3746575853,20.685142857142857
     1158059503,31.293825396825394
     2937419248,11.428000000000001
      132953585,164.949666666666616
     3343150373,21.885333333333335
     2682582518,nan
     3008132600,120.315658730158702
     2487299384,11.977936507936509
     2009945606,55.396333333333317
     1071396361,15.722380952380952
     1720399375,125.721166666666591
      821933587,24.416666666666668
     2624099863,nan
     3058402847,5.255000000000000
     1886295579,31.815190476190473
     1795282466,90.656761904761865
     2374923813,37.204595238095237
     3849475626,7.363333333333333
     3247797804,19.782111111111107
     1212634670,79.510928571428551
     1789539889,65.284928571428537
     1971115572,60.486333333333349
      582489655,1.860000000000000
     2645702202,57.084999999999972
     3234780736,3.000000000000000
     4243338818,12.678000000000001
       91739717,9.323333333333334
     3588904522,24.459999999999994
     2483377740,82.841333333333324
     2236601934,6.430000000000001
     3094918738,6.348000000000000
     2176816726,2.000000000000000
      525997655,62.237690476190480
     3880154712,23.104857142857146
      261510752,32.072023809523806
     3410957922,nan
     3435443813,3.880000000000000
     4198307433,30.815523809523803
     2388883054,167.562904761904633
      185407090,141.858000000000033
      617879162,7.819999999999999
     2118084886,26.764000000000003
     3478886022,86.501833333333323
     3402217097,163.128595238095244
     3218437773,43.171949494949494
     3883677327,39.108333333333327
      941771033,136.338139971140066
     4180530846,167.533333333333303
     1275393695,23.589761904761904
     1332237991,193.698666666666639
     1638313586,18.528666666666663
     2160055984,nan
      295515825,24.541142857142855
     3874215604,30.894500000000001
     3933861560,130.404999999999973
     4208424633,63.188079365079339
     3960059590,14.348333333333334
     3158144716,51.876666666666665
     2527024846,72.528333333333336
     1205966543,30.539999999999996
     3253046904,19.739999999999998
      611202773,75.652333333333331
     3298506462,8.600000000000000
     3274798815,25.739333333333331
     2381166311,3.280000000000000
     1200830187,14.218595238095240
     1518423631,94.490261904761866
      602085114,102.765500000000003
     3883054843,269.129428571428434
     2494748414,167.916904761904789
     4201297666,36.657523809523809
     3657103121,6.860000000000000
     2224142102,nan
     4285110044,34.216160894660902
     3899905824,52.127952380952379
     3661641508,13.969333333333331
      720672552,1.280000000000000
     4143560490,0.800000000000000
     1881110329,43.843999999999994
     1657820987,13.225333333333333
     2759186237,12.700000000000001
     3806140231,18.330000000000002
      313775948,10.282380952380953
     3561609037,17.950666666666667
       32388948,9.498380952380952
     2497869653,21.209333333333340
     3418183512,35.719999999999999
     2709034841,nan
     2191300442,62.418333333333329
     2011993948,22.283658730158731
     3869894970,nan
     1637365598,nan
     1732637669,9.160000000000000
     1582536544,37.765190476190476
     2310846305,8.840000000000000
     1679660898,25.351809523809528
     1211938659,25.135928571428575
     1638676327,114.810714285714354
     1300567917,13.071071428571429
     4172461937,109.928333333333313
     1739863923,76.388261904761876
     1528485753,20.103333333333332
     3381188479,132.969261904761908
      288397188,138.751666666666694
     3882964869,nan
     1491908492,66.088523809523807
     2550691725,20.979333333333333
     1921382330,217.310333333333205
     3404068752,35.997214285714293
     2750404497,12.320999999999998
     1645606805,34.187928571428564
     2551666585,3.280000000000000
     1604024219,19.951595238095230
     3550779297,26.433571428571430
     1221009051,33.087333333333333
     3451967396,115.163333333333341
      359864230,16.147928571428569
      179509162,15.740000000000000
      925185965,16.254476190476190
     2913793969,79.203642857142881
     1453414330,53.488999999999990
     3158480830,62.723595238095221
      226736066,35.244898989898978
     2265090379,3.620000000000000
     2477266886,143.406666666666609
      554056686,38.009999999999998
     3631372238,5.280000000000000
     2438748111,46.342015151515149
     2987530192,33.729261904761898
     2642753501,37.887999999999998
      580103847,12.700000000000001
      493197297,36.072000000000003
     4208333822,nan
     2869240831,150.976666666666603
      678940729,52.845285714285708
     2079665836,29.140761904761906
     1284511760,49.913547619047620
     3449395218,4.268000000000000
     4085970964,49.536000000000001
     1613707386,24.202000000000005
     2610558998,19.770000000000003
      437327904,11.704666666666665
     3232315427,14.800000000000001
     1729181738,21.639666666666670
     3657848878,14.668333333333335
      805615667,17.100880952380951
      976910388,96.150087301587291
     1977284662,10.586595238095237
     2596952119,77.078523809523801
      932018235,25.437642857142862
      427808828,0.620000000000000
     3456333885,245.621142857142758
     2493978686,11.128666666666668
      551057472,15.966023809523810
      715610178,36.868999999999993
     1811899403,108.115666666666726
     2018506826,22.463166666666670
     2394025655,33.974238095238100
     1383159884,6.280000000000000
     1101158478,26.573690476190482
     4146624593,22.033904761904761
     3410212948,19.691666666666666
     1709185112,117.529666666666628
     2926860379,14.980000000000000
     1514248290,96.488071428571359
     1551325285,47.731880952380941
     2458753130,6.363333333333333
     3102701678,38.206666666666671
     3405480451,57.268333333333317
     1087592563,15.756666666666668
      138197111,46.349999999999987
     3933755514,30.837595238095243
     2589694076,109.176666666666662
     4198365309,48.379047619047604
     2568684888,9.782666666666666
     3609788096,nan
     3267967108,17.552380952380954
     1576130694,88.396333333333345
     1188789953,208.927904761904671
     2933889167,nan
     4056283291,141.518333333333345
      503453855,75.901666666666642
      421583216,23.522523809523808
      330002118,38.333499999999994
     3832551592,22.062666666666672
     3581273116,176.240333333333240
     3504232619,164.459666666666607
      829192364,195.379523809523533
       76011693,11.027777777777779
     3719747758,47.705666666666659
     3869382833,22.225285714285711
      875118281,nan
     3986745716,10.980000000000000
     1837160634,13.530357142857143
     3473062078,nan
     1132714357,35.564928571428574
      789592262,103.612595238095253
       88373450,44.733428571428576
      788560084,nan
     3615217883,11.159999999999998
     2072312029,17.356333333333335
     4255810597,49.802904761904749
      893065444,6.240000000000000
     4022775505,46.789928571428568
     1085602029,76.754642857142855
     3320682734,124.197976190476240
     1109121263,11.554380952380951
     1745590513,6.099261904761905
      623458559,nan
     1220720897,104.440095238095225
     3614505789,nan
      361732358,81.194595238095246
     3407411468,117.993333333333339
     2887596301,31.789666666666669
     3459275023,7.128833333333334
      927439134,22.947999999999997
     1956268421,115.721261904761917
      729512225,14.474898989898991
     3691403563,152.918595238095264
     1200462129,15.794666666666666
      697006387,13.838333333333335
     4029937973,32.483825396825395
      159635782,24.804357142857143
     4075493706,17.728833333333334
     1369454925,5.880000000000001
     1951029591,11.159999999999998
      203774297,53.109999999999985
      958658909,14.594976190476192
     3265034590,7.497666666666666
     1576114533,nan
       72718694,19.994499999999999
     1871985001,42.719999999999992
     1741699434,nan
     3356088685,nan
     4113152368,37.767595238095240
     3583203698,27.542428571428569
     3117619572,108.215309523809509
     2343754101,22.436238095238100
      848662249,11.780000000000001
     1403378041,13.530357142857143
     1361631611,29.312880952380944
     3914362602,48.179666666666670
        4643202,4.000000000000000
     3307264388,23.700999999999997
     3271063951,154.985000000000127
      485333393,49.042777777777793
      670357906,26.015000000000004
     2863987099,5.485000000000000
     2047220126,nan
     4149287333,3.880000000000000
       37935529,15.263333333333334
     3328186799,78.802928571428581
      689772978,16.072666666666667
     2537568694,6.287928571428571
     2277284281,16.467857142857142
     3422230977,19.628595238095237
      512334274,180.962119047618955
     3200489924,14.587928571428570
     2457386742,15.125190476190475
     2308995527,16.319999999999997
     3073882568,3.420000000000000
     1854691785,21.430571428571426
     3566295499,18.465928571428570
     2187549133,24.837412698412702
     3618181813,110.547333333333356
      203979224,7.120000000000001
     4241785291,16.301904761904762
     2437863907,14.276666666666666
     1359378916,41.645261904761895
     2463136232,nan
     1709521385,nan
     2901006827,47.268928571428575
     2333530607,19.137333333333334
     1786010104,21.961261904761905
     3288160761,7.560000000000000
     3883276796,41.634166666666665
      669817356,16.191261904761905
     3263830544,5.360000000000000
     2657384977,9.980000000000000
     3585636883,39.059928571428550
     2131909140,7.680000000000000
     2667043355,2.000000000000000
     2404661795,35.017523809523802
     2846800427,76.518150793650776
     3553172013,nan
     3289564253,35.712928571428577
     3250715193,nan
     4081252925,40.335285714285710
      271497799,23.887928571428567
        9768716,nan
     3817855562,1.000000000000000
     2499344973,nan
      957332047,18.217333333333336
     3397794385,165.804134920634823
     3967015511,5.880000000000001
      875764320,10.039999999999999
     2753223268,11.278095238095238
      771340907,6.280000000000000
     2449627756,156.675904761904746
     1806793328,59.486928571428571
     3736459894,nan
     1148893818,5.120000000000000
     2990185083,61.795547619047632
     2046892668,69.598420634920615
      397204095,nan
     1449008960,11.222833333333334
     1351482663,127.991976190476208
     2776128130,12.468380952380953
       40491651,83.096000000000018
     2229549705,nan
     3238230667,nan
     2571655820,3.880000000000000
     1929247386,101.794595238095226
     1227471515,2.000000000000000
     1134443164,88.152333333333331
     1882749605,8.702380952380953
     3033774758,164.597619047618991
      430414510,174.928904761904818
     1319968541,nan
      586021554,13.487928571428572
     2315229877,15.556282828282825
     1948625147,131.769809523809528
     4081760952,136.758833333333314
      358260511,10.858000000000001
       22256316,79.153333333333350
     1331550909,10.260000000000000
     2311822017,76.277968253968282
     3590882422,6.000000000000000
     1204391713,25.120904761904765
     4018109131,34.349047619047617
     1888672462,35.445666666666668
     3612859092,11.119999999999999
     1731795669,37.287238095238088
     2839780066,187.331738095237881
      866073317,nan
     2907028199,12.610000000000001
     4265422151,15.077166666666665
     3729758955,4.500000000000000
     3384551890,56.033428571428558
      363141879,6.102523809523809
     3755088636,179.985380952380865
     1520301184,194.709619047619015
     2034572043,nan
     3436862222,nan
     2890521360,18.578190476190478
     3727825694,nan
     1019198242,11.521666666666665
       98581287,0.660000000000000
     1060059945,34.289999999999999
     1570650922,124.890095238095213
     3749239597,91.246190476190492
     3089701680,26.680999999999994
      767754035,37.209238095238106
     2417144969,23.650282828282826
     3785988920,41.150211399711402
     4255292219,136.711238095238116
      970193724,6.524476190476190
     2117811005,21.336952380952383
       96967487,nan
       15145794,49.378000000000007
     3649688715,25.134666666666661
     4022688588,88.780999999999963
     3338779471,270.275333333333322
     3563690834,13.919999999999998
      625179483,23.489261904761904
     1847245667,116.479190476190510
     2483772261,nan
     2918734700,21.045666666666669
     4055022445,180.443333333333300
     2867346286,152.780000000000115
     4124490216,53.885666666666665
     3814265525,18.184000000000001
     2310486505,76.474666666666678
     3369384825,24.968666666666671
     3082582913,2.000000000000000
     2331876230,120.878753968253989
     1665702791,59.711595238095221
     3598203784,17.331111111111110
     3334839183,nan
     1988500374,64.011166666666654
     4022524826,94.659190476190517
       16030619,nan
     4160281504,16.773928571428570
     1818829979,nan
     4037139365,62.713999999999970
      764009382,11.222833333333334
     3221486508,175.820642857142872
     2970154141,11.275000000000000
     3929193078,13.340000000000000
      878579529,26.540282828282823
     1343527868,66.894000000000005
     4068178877,19.554238095238095
     1738030014,7.410380952380953
     4241914816,15.069873015873020
     1839918322,16.996666666666666
     1815354318,26.300285714285714
      105642960,16.593333333333334
     2622856149,75.451309523809527
     2600873807,15.059999999999999
     2794118114,7.420000000000000
     2043248465,207.241999999999962
     3160595433,nan
     3842497516,59.120777777777768
     2148965358,17.438952380952383
      158940143,173.016238095238094
     2604497909,32.217904761904762
      268442623,2.000000000000000
     1109564424,17.781666666666666
     2079505419,112.980000000000032
     1510816782,115.256000000000043
     3922295823,21.330904761904762
     3368393744,13.484158730158732
     2482302037,232.566047619047367
     2147465338,10.000000000000000
     3856037277,254.267999999999972
     2974096410,5.065261904761905
      372857885,33.415333333333329
      380673055,101.920666666666676
      394984483,9.559999999999999
     1533582384,12.181666666666668
     4219345971,120.207642857142801
      183204935,3.880000000000000
     3971218504,79.889166666666654
     1105067091,21.572616161616160
       50076758,20.541873015873016
     1130470487,13.986380952380955
      173341789,nan
     2941705310,24.750373015873020
     2398788706,14.272952380952381
     2257353829,41.671190476190475
     1989368937,115.062666666666686
       24755307,2.000000000000000
     4186537070,83.893219336219317
      250920048,71.449261904761912
      702889076,18.282904761904756
     4182602942,21.494642857142857
     2302891199,15.473261904761905
      881204355,82.409269841269861
      309935240,52.545555555555559
     1974402191,21.994261904761906
     3958791318,18.110000000000003
     2561965207,68.859999999999985
     3936615581,45.198000000000008
     2759880560,34.350857142857130
     3182419120,196.553261904761996
     2401565873,54.585928571428582
     4291488745,38.775928571428572
     2840263860,9.380000000000001
     1814088826,21.690595238095245
      410565817,46.801499999999990
      670366919,11.119999999999999
     2472254668,232.469809523809346
     2760817870,46.111065656565657
       68991036,nan
      395738321,45.051261904761901
     2375990486,133.663833333333315
     1395580121,25.264000000000003
     2931588314,13.629999999999999
     1750662364,49.674999999999997
     1260751404,192.469999999999828
     3970042405,9.887333333333334
     1120148704,197.918333333333209
     2257001698,6.860000000000000
     1706497234,31.412333333333333
     1039301878,215.683571428571412
      886897913,3.880000000000000
      491535621,100.346666666666692
     2194177287,65.534999999999982
     3141172489,nan
     2228226605,24.136999999999997
     3968851216,5.880000000000001
      227245329,12.159999999999998
     1556585746,14.524619047619048
     2614397486,153.873190476190416
     3611704599,8.428333333333335
     1775099163,nan
      808714118,98.683333333333366
     1889213735,3.880000000000000
     2509626664,2.220000000000000
     2419561692,2.000000000000000
      651050282,nan
     2701409582,2.000000000000000
     1211170095,21.839999999999996
     4158479668,21.446666666666665
     2255150393,32.822761904761904
      376003904,31.719999999999995
      787487372,111.673666666666634
     2713115974,3.000000000000000
     1545878855,31.563333333333340
     1000660300,40.902666666666647
     1260887373,17.059976190476192
     3495624015,53.942000000000000
     2173959522,6.980000000000000
     2280783209,7.810476190476192
     2105236843,8.280000000000001
     3299913618,20.530952380952382
     1570651505,10.959999999999999
      209313138,45.452595238095242
     2505014644,28.739428571428569
     3698515322,135.064666666666653
      164953467,21.443333333333332
      538404590,24.753309523809527
     1843297665,13.190714285714286
     1591762309,9.820000000000000
     3103078432,11.693666666666667
     2015690124,10.039999999999999
     3931028877,11.492238095238095
     3262332304,99.434595238095227
      354131348,19.175952380952381
     4046083310,20.238595238095236
     1108729241,11.182714285714285
     1295580580,3.240000000000000
     2963283368,73.563833333333307
     1618673067,158.277380952380980
     1362372441,nan
     3950779824,3.000000000000000
     3384843698,9.438595238095237
      287219131,93.262238095238061
     2583739840,3.880000000000000
     2610486723,23.804949494949497
     2330787268,106.636000000000024
     2337250757,8.055333333333333
     1241464267,27.464928571428576
     3397828046,24.547857142857140
      340975058,18.594952380952378
      799989205,22.569761904761908
      235994585,174.498000000000019
     3336568290,17.312238095238097
     3255694526,27.934619047619048
     1904492019,21.011999999999997
       65797629,30.151333333333341
     2966199806,12.634976190476191
     3281387017,114.509666666666661
     4051443216,105.468000000000018
     3813654034,18.163333333333338
     2359614999,94.322595238095246
     1542995481,209.438333333333276
     3462888987,22.893904761904768
     2056594679,206.546999999999940
     2441575971,3.620000000000000
     2037194281,41.524261904761907
     2979749419,113.090928571428577
     1328774706,2.000000000000000
     1620573756,12.086777777777778
     1255956033,3.880000000000000
     2282454601,174.045333333333303
     1746599500,26.510666666666665
     4241981006,181.980380952380870
     4111670865,27.897333333333336
      448503396,172.784960317460360
     2145680999,24.582928571428575
     2903367273,61.219666666666654
     1849286254,11.540000000000001
     3360521839,2.000000000000000
     4087340658,19.359976190476189
     3924696691,130.693333333333385
      583376511,11.000000000000000
     2184633986,13.879999999999999
     3272932995,2.920000000000000
     2094557805,38.628000000000000
     3511541392,49.149999999999991
     4168267032,91.642214285714289
      599457430,22.740174603174605
     1678261911,nan
     2295021210,137.828261904761973
     2397413019,37.061711399711399
      791486108,6.660000000000000
     2647432870,nan
     2173427367,124.801261904761930
     4165164713,31.287285714285712
     2204466868,nan
      873627318,36.415666666666667
      510492343,41.518999999999991
     2510893337,nan
      153026235,14.821285714285715
     3635124854,nan
      591328112,136.107999999999947
     3977731781,15.827928571428570
     2705112774,55.453666666666663
     2528212257,72.521904761904722
     2161078220,103.436404761904825
      148438730,18.606666666666669
      991469263,53.890476190476178
     3454443216,11.884476190476191
      206110424,11.848380952380952
     1623826137,25.057206349206350
     1175566970,21.480619047619051
     2716475113,15.120000000000001
     2673098476,nan
     3763732209,44.834261904761902
     3477126898,8.849619047619047
     3276087030,18.385666666666669
     1421057783,11.260000000000000
     3467385471,9.540000000000001
     2459865723,147.565952380952297
     3654246152,17.984999999999999
     2863300363,167.613333333333287
     1191894799,48.051190476190463
     2867445520,14.454952380952379
      639244931,16.200000000000003
     2574704410,3.880000000000000
     3724459805,16.394976190476189
     3113393951,93.915952380952376
     3963895585,22.689285714285713
     1363935017,37.735857142857142
     1729862983,3.880000000000000
     3275121971,39.870500000000000
     3526450996,33.437666666666658
     2810986298,68.976333333333315
     1139621696,34.291261904761910
     1455914817,101.228666666666683
     1651703618,13.450285714285714
      764501827,8.583333333333334
     4109639495,4.880000000000001
      925630280,41.808801587301581
     1283660428,140.535476190476203
     3522961232,7.160000000000000
     2566176593,35.821809523809520
     1788977308,17.495000000000001
     1050025814,152.634666666666618
     2653339480,16.210000000000001
     2848199995,3.300000000000000
     3062693740,18.117333333333328
     3951886190,16.467857142857142
     1800560616,58.141666666666659
     2359730034,15.847539682539685
     2539634665,9.479333333333333
     2884132730,71.094928571428525
     1069350779,nan
     3048705453,41.127928571428569
      865197954,18.729452380952381
     3574120325,38.058222222222213
     1634516870,46.814111111111096
      606248839,91.592214285714263
     2726870921,12.380000000000001
     2697568142,16.520000000000003
     1680088979,243.375333333332975
     2982068117,24.950261904761902
      257654678,81.774873015872998
     2357903260,8.688333333333334
     3565502365,38.025666666666666
      713408414,51.205714285714272
      224853921,43.664952380952371
      171698843,21.939999999999998
     3975717091,2.000000000000000
       52305841,nan
     3851599795,9.980000000000000
     2988146614,252.967706349206139
      773332920,10.907928571428572
      729505721,59.693333333333335
     1576640450,14.466595238095236
     3373170628,nan
     2883264454,244.938999999999879
     3855073226,nan
     1174044620,41.614666666666658
     2135293904,17.014976190476187
     1836335061,148.672690476190439
     1897915727,16.382714285714286
     1701158876,45.636619047619043
     1650802653,51.241000000000007
     3124314078,51.385420634920621
     3740147683,3.600000000000000
     2438152168,90.813261904761916
      571367201,180.154666666666486
     2691129325,6.240000000000000
     1736278008,3.000000000000000
     4011778046,19.616000000000000
