idnum,logistic_ensemble_regularization_factor=1e-06_internal_external
     3800760322,0.500590187169401
      353755139,0.500056920743931
     2729656324,0.500327421936297
     1559860566,0.500092830174696
     4121108486,0.499774097626575
     1318838287,0.499798596486992
      946176016,0.500074323329205
      453500945,0.499927462803445
     3191791619,0.499920809504579
      839647252,0.499813359409846
     2511904795,0.499844388090294
     3333611548,0.500039209481919
     3737272353,0.500044782232737
      185188386,0.499850247476714
      573325347,0.500498285456896
     2124324901,0.499864438236959
      197165095,0.500832008475454
     1188814891,0.500023185165406
      982360109,0.499916146086061
     1910931504,0.499205506083369
      966934580,0.500251275989089
     1563967552,0.500300388042388
     3562463301,0.499782502426017
     3795304520,0.499918158666136
      421388363,0.500008807790274
     1053548620,0.499806499593227
      596918352,0.500053477920639
     3317047384,0.500316340515564
     2813616217,0.499856860732769
     3804389469,0.498907371481816
      892067936,0.499860478863983
     1650581602,0.500126718633641
      595230820,0.499835665113675
      271982693,0.499844146946607
     2847694951,0.500820104518611
     1811882090,0.499893241678012
      377551549,0.499996084666060
     4113883249,0.499838069910152
     4256784501,0.499879751165499
     2713296789,0.499303970664972
     1919869055,0.500337058096686
     3376365700,0.499755586561733
      456062317,0.499372168211052
     1438113939,0.500029151847536
     3993051292,0.500659932623899
     2703515805,0.499829725485586
     1398325407,0.499828512159420
     2587648164,0.500235348857458
      273670311,0.500139006532584
     1003888808,0.499794116654752
     1604305068,0.499980947268088
      686342322,0.500031584175211
      779665589,0.499978277701027
     3893919927,0.499110531908052
     3389104312,0.499880004572128
     1134182585,0.499916859864704
      627261626,0.500139134239932
     1191354555,0.500447066743323
     3524886718,0.500149797067431
     1729274049,0.500828129999580
     2221392069,0.500152659445775
     2389745864,0.500078803404616
     3485769930,0.499892007538880
     2741403852,0.500053283362573
     2746769613,0.500228380142480
     1934541010,0.500506580315175
     3035087059,0.499969937764364
      377725140,0.499789231438540
      207126743,0.499961681210588
     2444411098,0.500167466137947
     2321039579,0.500461874449418
     1962322428,0.499573750132070
     1908408542,0.499811855780669
     4243587295,0.499846030609200
     3824074979,0.500335167637820
     1135370468,0.499980118736426
     3872112877,0.500159401074107
      945307889,0.500523083866170
     3187415764,0.499867862920385
     2530836730,0.499652764670886
     2476228860,0.500162230246710
      326115587,0.500196729330192
      833462533,0.499806415185807
     1727209735,0.500081238641751
     1162879243,0.499759978044098
     2047435022,0.500091640661278
     2641698861,0.499373043846392
      294084880,0.499779698510950
     3877413140,0.499951751188387
     2554929200,0.499687825076796
     2803204391,0.500395397746056
     2214011194,0.500036265908204
      894198086,0.500371647494293
      705610059,0.499962776303535
     1743118669,0.499603154732687
     1125007695,0.499861374905198
     3385723619,0.500316072214299
     2252398935,0.499738399876708
     3459391835,0.500199324858413
      304669029,0.499785105345338
      390603110,0.499948786852582
     3155247463,0.500103067458095
     3379814765,0.500008803205079
     2654183790,0.499919104296183
     4060651888,0.499799432576985
      788922738,0.500168347225663
     2233672054,0.499884140892068
      537633146,0.500161824310242
     3460211074,0.499730640529643
     2078874347,0.500060308478963
     3638092168,0.499737426339880
       58196362,0.499838032972233
     1051260193,0.500032254566052
     1150966509,0.499750598002916
     3796042128,0.500164182254696
     3072508306,0.500325412409030
     3878986134,0.499187506841890
      884695447,0.499822599830622
     2726986138,0.499800646926310
     1247887771,0.499765738871026
      935698844,0.499726080217227
     1732641187,0.500744892960580
     1760543142,0.499804571486159
     2428084650,0.500071077703962
      391848367,0.500377948716528
     2284863940,0.500208592250232
     2877448651,0.500768080124885
     2648768974,0.500518313378125
     3103965649,0.499743407291282
     2899255767,0.500338547728132
     2753938852,0.499970833121967
     1373077981,0.499984058608417
     3291931107,0.499975657804415
     2976760295,0.500008908480853
     3937534441,0.500461950866087
     2566373869,0.500148577520829
      153805298,0.499852651272141
     3259998708,0.500437390269198
     2570693374,0.499542105238698
     2638545403,0.500275096103571
     3669713407,0.499978254748304
     2208498179,0.499342477705301
     1470259719,0.500073959051650
      740557322,0.500041717326074
     1571799565,0.499461356549009
     3891479981,0.499627812883411
      986341913,0.500120748785093
      705159706,0.500167095849788
     1081721374,0.500002098058642
     1863241819,0.499544634864446
     2597126692,0.500022141445957
      221667877,0.500196285465888
     1914327446,0.499422556794797
      223183399,0.500696298266333
     3211469352,0.499787410609055
      241197609,0.499969338432789
     1984922154,0.500164792967047
     2828198445,0.499708643729002
     2576130613,0.499851346845419
      125510199,0.499388349022755
     3395469881,0.499827741723883
     3402240151,0.499405024520359
     1663754816,0.499730571878343
     1271890500,0.499763838663608
     1343382088,0.500490833208471
     3033178703,0.499731101065071
      292889168,0.499389556322209
      666796625,0.499968007773283
     3016565331,0.499873959784348
     2052186708,0.500231787903061
     1490195897,0.500056689340699
     4169212504,0.499727845029249
      417350235,0.500113175317827
     1728774750,0.499858854216335
      311411296,0.499734344318324
     1287709284,0.500007804487892
     4235797096,0.499743034993302
      675529322,0.500055467858109
     1059373679,0.500969551679518
     4062413426,0.499704806916642
     1409090165,0.500069613620603
     4113760888,0.499505738719944
      369566332,0.500376432958819
     2875887722,0.499360640064763
     4098630272,0.499890301717963
     4028572289,0.499819246980622
     1352336002,0.500155434407502
      906519175,0.499918329530996
      304628365,0.500244972634882
       10216085,0.499711527520528
     1988797078,0.499659983183883
     2873991845,0.500719194763435
      437625510,0.499708888918819
     2129699496,0.499694694538931
     2165359274,0.500001797510420
       73499309,0.500058434264404
     1649287854,0.499693621524330
      453935793,0.499783943677129
      952656562,0.499948407370680
     4205724340,0.499999957123101
     2069758649,0.499588134111943
     2741191355,0.500393751297794
     3283878590,0.500467246292783
     3142525631,0.499793084422700
      523649730,0.499865640702814
     4123853512,0.499731192130919
     1685709517,0.499907797314909
     1258242766,0.499768697261036
     1070883551,0.499823670233964
     1791967981,0.500030246683874
     3400393458,0.499480280845858
     4201267955,0.499779906829855
     2118558452,0.500314610506257
     1015923445,0.499590745324231
      949631785,0.499225809488972
     3668738810,0.499324187900444
     1073349371,0.499791108772842
     2505499390,0.500005979318178
     4166579669,0.499187297596177
     3559965440,0.499891058403743
      897123075,0.499472705411419
     2681979655,0.499978493809633
     1441981193,0.500642587570511
     4106216208,0.499847678954013
     3462333912,0.499594046733341
     1905125954,0.499714485568903
      638078708,0.500162816915240
     2974147351,0.500101705209175
     2914370328,0.500011668341581
     1892746009,0.499543718665962
     3677799199,0.500439573005413
     1169204003,0.499931000335626
     1936007973,0.499818543177522
      806708007,0.499804526208354
     1608631094,0.500157122412560
     1696105276,0.499766940348781
     2249868093,0.499832809478348
     2222695232,0.499989316961895
     2573599555,0.500049092048838
     1429955396,0.499826488410146
     2720654149,0.499583393558465
     2580513606,0.500052975487295
      690398023,0.499926892795815
      659227466,0.499767938252849
     2955338574,0.499954679943808
     3011535696,0.499991625402587
     1160487773,0.499959877578686
      744663868,0.499629165688994
     2922939247,0.500199316024160
     1433748338,0.499695042920033
     2961039507,0.499782822185991
     3111535476,0.500204324494471
       32088949,0.499675086869416
     1426896361,0.499413013581700
      433057940,0.499933834333359
     3638917951,0.499063762752957
     3194807165,0.499673805468573
     1019339646,0.500433662287787
     1647534975,0.499960962878070
     4229153664,0.499667869174764
      858350469,0.499529555996490
     2629267607,0.499960731112710
     1027169090,0.498964382247478
     1849353105,0.499968668421845
      286638994,0.500058357751746
     2989687710,0.500086797822759
     1496245153,0.500446227076003
     2666668962,0.499163313633175
     1649050534,0.500171870772685
     4086546480,0.499953808941228
     2431878056,0.499904872762642
     1054392476,0.499721835414791
     3983721386,0.499853934518416
     3547186101,0.499698224526361
     1271940024,0.499829510282324
     2976252859,0.499972709726655
     3947971520,0.499448574144330
     3630015435,0.499743743977923
     2771690453,0.499666070867695
     3713369050,0.500877956542880
      672097245,0.500462349407787
     1828045801,0.500299263718247
     1945779026,0.499883413316168
     2213987327,0.499164897863024
     1292968960,0.500046137990016
     4157858823,0.499686465927593
      519627787,0.499470974246502
     1844839439,0.499843619326632
     4284400659,0.500016944185250
     2236015636,0.499680375463789
      483353625,0.499192322086718
     3308774428,0.499785311570947
     1376461855,0.499904423163574
      537584677,0.499412397514574
     3008103465,0.499875408295918
     3834668077,0.499359369090816
      193651762,0.499650164435451
      446301236,0.500133977730510
      941974584,0.499952897089183
     3453898932,0.498910590511498
     1939563579,0.499691238057269
     1289569344,0.499083845051533
     4180902980,0.499730392259240
     3227673675,0.499544059606566
     1158259789,0.500530449560452
      317244499,0.499739784792927
      454796374,0.500086159224065
     2202215511,0.500166750921380
     2596816399,0.499738217905196
     3106997341,0.499374305538063
      733611111,0.500151186257725
     1067025519,0.500437637616818
     4294673526,0.499825400384176
     2692121728,0.499641848573347
     4185400452,0.499664098337885
     1784398986,0.499640775558896
     1617239679,0.499813312556836
     3374695568,0.499932837613414
     1206240403,0.499736537674662
     3201827993,0.499723531974952
     3232900250,0.499978731598533
     1428432027,0.500658010900528
     2711708833,0.500037784810112
     2784371877,0.498965582282293
      920454310,0.500757307205337
      571753639,0.499784601183915
     1126746995,0.499023832073325
     1667204277,0.499803741259988
      313550011,0.499324453335393
      646497471,0.499722079115689
     1315759297,0.500155071447945
     2464793805,0.499108423510873
     1308222670,0.499721665855465
     1588069587,0.500293659147412
     3661513945,0.499899886606899
       32228579,0.499756314829381
     3753092331,0.499848275799452
     1938523372,0.499983085955588
     2436539631,0.500289795373504
     1541915895,0.499379169721734
     3465635069,0.499764405903056
      662078719,0.499804517944021
     1569137927,0.499997427063111
     1092740361,0.500407130701876
     1959060749,0.499108100887303
      526099734,0.500003835916081
     1805632795,0.499098791173395
     2728165595,0.499971012673552
     2880521510,0.499881636163506
     2794472743,0.499728416519711
     3355780392,0.500080130777481
      363750706,0.499734264576146
     1938466099,0.499820198836441
     2094727390,0.499400587233402
     3575465272,0.500169873592390
      273895788,0.499782983175713
     1469015365,0.499694940627757
     1617683788,0.500401954856246
     2958140749,0.499958333960441
     1476928847,0.498849965467949
     1939383633,0.499738725925351
     2697307475,0.499053675431082
     1368417620,0.499803081440692
     1803011641,0.499852383042086
      490390872,0.499121973645702
     1154467164,0.500189737842323
     3971409246,0.499722013354534
     3764143455,0.499726140317113
     1731183970,0.499950060545486
     3410019693,0.500334471218828
     2200094066,0.499354041596855
     1236739443,0.500534461573305
      835233154,0.499880423425913
     1629496711,0.499984647135322
     2325005705,0.500202861389046
     1799652746,0.499964240460357
     3211797899,0.500766811611389
     3082794562,0.499714315246983
      138167699,0.499674031784754
     1489954197,0.499802902913439
     1476494742,0.499772196557477
     1142482327,0.499746973109639
     2037712283,0.499372233312073
     4072318365,0.499675318947155
     3115345311,0.499793656993337
     1460618660,0.500399955334607
      410207660,0.499605902591105
     1297860013,0.500086326255997
      272904435,0.499621744880667
      635291084,0.499703225070854
     1800046030,0.499633631418764
      558360016,0.500026360874835
     2459084241,0.500200190872674
     3968607702,0.499694065689108
     2083562968,0.499735506488815
      953476577,0.499447811033880
      897680871,0.500060420690175
     1763665395,0.499972792455884
     2126898676,0.499748015216993
     3647849976,0.499648305559361
     4021978617,0.499822230403852
     2058618366,0.500226792398648
      662488577,0.499908295602706
     3080914437,0.499424320198713
     3734898185,0.499924426358662
      913548811,0.499603836030778
     4266337807,0.500266050200365
      853501460,0.499984649714491
      805750294,0.499721605475133
     3027027480,0.500070341230519
      272025115,0.499594635940776
      435725854,0.500052048507898
     3855200517,0.500506190635212
     3802498599,0.499950699319969
     3007915564,0.499620363894090
     1234429485,0.499932275990449
      535884040,0.500423597508197
     2161788471,0.499581827431116
     2511439416,0.499896815700913
     1698022969,0.499680205127586
     4086146619,0.500004724687843
      842294845,0.499843692532675
     4168803909,0.499631136546538
     1994379532,0.499860124252473
     3302123087,0.500263061791352
       10454613,0.500120635254325
     3393062486,0.499721755958661
     3799115353,0.500024366857655
     3531949659,0.499618729167834
     2840495709,0.500051147739213
     1122002527,0.499903432336037
     2800633460,0.500563202638523
      396691063,0.499850337130935
     1615472252,0.499602824776820
     2444273279,0.499874536688380
     1872873092,0.499969602378982
     3535808133,0.499604860563640
     2440177287,0.499729382109986
      432072329,0.499622181377662
      449480333,0.499620809240626
     2657797779,0.499581759769476
     2484930196,0.499793307110866
        3666201,0.499718312423665
       12830381,0.499849958081798
     1239410355,0.499534815399769
      512681658,0.499774777237098
     2549458627,0.499210747069028
     2602469060,0.499150765601927
      955357542,0.500105715407399
     3120219847,0.499581896800162
     4282705615,0.499978331492332
     2077591249,0.499783651882241
      339741137,0.499597128306341
     3723120933,0.499952385492665
      534554350,0.499597579567436
     3183331061,0.499858331878872
      801151677,0.499773648925900
       54322946,0.499736808771661
     3614328581,0.499655061010589
     2623170318,0.499902146175595
     1308763924,0.499776431050051
     3408730234,0.499064567531896
     2536572694,0.499585034910710
     3372730136,0.500135605991675
     2548852512,0.499275408849495
     1813563172,0.500707273007973
     1464133416,0.499914504879876
     3378226997,0.500073476175194
       55371580,0.499565396302584
     4239607614,0.499982590803592
     1143826247,0.499703336771740
     3776816971,0.500246164142670
     2423061474,0.499760649738784
      512280408,0.499709861102467
     1043089241,0.499873221495629
     3775596378,0.499823797835653
     3665520476,0.499950891395592
     3474933600,0.499459424594308
     4031072098,0.499804898406974
      444450661,0.499937639894826
      849774440,0.499731785082764
     1433962346,0.500043896877328
     1952794477,0.499909164466001
      158222197,0.499886685339358
      435866601,0.499262157903526
     2470291321,0.500231831135935
     3565143937,0.499812882175069
      552560514,0.499466629999654
     2815600518,0.499696922476365
     4290324359,0.499766340598139
     2880883692,0.499937289913063
      472389271,0.499563061488989
      284764044,0.500503610699971
     3582994324,0.499562256728353
     2626771950,0.500307800929851
     3688818588,0.500059306623546
     1759545245,0.499728453377492
     4072204192,0.499586047993000
     3409389475,0.499626945948726
     2691467177,0.500000157494562
      730261418,0.500477672016994
     3902744498,0.499732539457953
     3375097779,0.499796380402219
       54159288,0.499714981335142
     3593717691,0.500827620420044
     2302737397,0.499061616807503
     3995873611,0.499445691092881
     1634043849,0.499994958436053
      865208268,0.500122687568657
     2184102221,0.500139468614546
     4266641366,0.499553136107965
     2923874264,0.499685816409865
     3872409566,0.500120720716736
       14444511,0.499563586519655
     1813981160,0.499776543451804
     2119559147,0.499193273408366
     3165702128,0.499785003489909
     1394616307,0.499933744601127
     2930903030,0.499815947871479
     3797428218,0.499825686168801
     1710721019,0.500243869835593
     3717400577,0.499993108245285
     3536439299,0.500629984060332
     1426753545,0.499783171173144
     1919813642,0.499693487148381
      598886413,0.499674320487222
     2523490319,0.499896703961408
      104974358,0.500139127354202
     2680932378,0.499570842840450
     3821144119,0.500011659187751
     3657566264,0.499575212969152
     3942852667,0.500035312711435
      215066694,0.500599509806129
     3171109900,0.499892804891771
      185988792,0.500214885369713
      888719444,0.499868045062138
     3661016430,0.499836397823683
     3698378842,0.500121777896461
     1485326427,0.499496976821163
     4060702813,0.499865223193349
      722061407,0.500260091712762
     3024685155,0.499527298907181
     3530762340,0.499604381757392
     3716821350,0.499239042062203
     1778878570,0.500041485535132
     2934818931,0.500121644392631
     3277588603,0.499710487425366
     1272088704,0.499644031870381
      119572611,0.499629780210110
      315926660,0.499567264112311
     2581653639,0.499828547179391
     3799238793,0.500621528071118
      786253963,0.500570436093398
     1143785614,0.499689203172889
     2067851411,0.499249892344441
     2402835482,0.499323721144751
     2344855714,0.499956847155124
     2032634024,0.499096622601140
     3504388530,0.499294590572039
     1406576822,0.499548568760812
     2790394039,0.499522003181515
     3213093054,0.499866174322281
      283691199,0.499846927593072
      994404544,0.499828101527883
       14813380,0.500011878883503
     2711246540,0.499176350476666
      177470199,0.499221339505536
      724060372,0.499527619743230
     1323002069,0.499689310796664
      146589912,0.499520531463699
      892250330,0.499933620573311
      550209759,0.499292537132109
     2734393568,0.500049439207361
     2031331565,0.500043813884654
     3237611768,0.499231833585997
     2729109755,0.500521346531595
      561490172,0.499969674923088
      710658324,0.500266229538088
      362989846,0.500292301919127
     2556455193,0.499247831728385
     1867671834,0.499547945360953
     3609626909,0.500089938765286
     3781830943,0.499737189594579
      465324329,0.499493024508129
     2973804842,0.500654921167840
     3022424368,0.499551035738688
      121407795,0.499335236112577
     2932574516,0.500276301989804
      784951605,0.499646654326612
     3579980088,0.499647562046075
     3384019258,0.499128923565602
     1624413919,0.499754636859332
     2881947964,0.499560697068002
     1635494206,0.500096337336683
     1679182144,0.499512093319989
     2828519747,0.499721612475607
     2902034762,0.499655107633988
     1438673227,0.499513084543636
     4218906960,0.499139879123874
     2082318676,0.499576919465704
      710502743,0.499649084351540
      376809818,0.499709272036004
      543017310,0.499562938297950
      699418984,0.499845419308877
     4010740074,0.500335976137173
      485509484,0.499734491148140
      793872755,0.499735958720978
     2659576180,0.500073879766846
      125806967,0.499893651696494
     1293221082,0.499712719105662
      562694526,0.499593101825327
      227821952,0.499341805512340
     1774100886,0.499991621993786
     4188449159,0.499699547940133
     3712313737,0.499705970994363
      128166283,0.499784108068032
     1581525388,0.499948740889263
     2406443405,0.499798203960679
     2430035694,0.499466201740299
     3661605270,0.499603891183805
     2099632493,0.499559657565712
      671066522,0.499201309374894
      366201244,0.499979251620983
     4108421541,0.499752081290438
      863701417,0.499902169396362
     1941146030,0.499572335908741
     1581997128,0.499677587212997
     4113836467,0.499907725248259
     2659667017,0.499707775935599
     1574094581,0.500428768504778
     2292255175,0.499776834860338
     3688663497,0.499652608887879
     1724574161,0.500065123397478
       41839058,0.499567763161416
     1945078227,0.499169095057732
      551700951,0.499723809858280
     2140367323,0.500011876501947
     3855157726,0.499569183937103
     2536016354,0.500170007626104
      822921699,0.499710034034480
     3981625830,0.499665896121217
     1644022252,0.499949692179949
     1967294964,0.499665703300055
      907995638,0.499672582542266
     3771247314,0.499810816468016
     1619470841,0.499887849146044
      910289404,0.499332861324581
      298740821,0.500001402298264
     1480362498,0.499645563615889
      174795272,0.499639834959938
     2367269385,0.499957512798031
     3204377106,0.499774217603363
     3165686297,0.499477945660102
     2129357338,0.499485536225356
     3421776413,0.499524109230329
     2116913700,0.499702236991619
      871664165,0.499260629923327
      495856172,0.499508657831916
      900909613,0.499879035506205
      277219886,0.500469984869766
      139594293,0.499956795669174
     1480124983,0.499987056689385
     2845256258,0.499747569346881
     3671812676,0.500375390280329
     3897887302,0.499578416961574
     1701030471,0.499518467998422
     1605741128,0.500127067733469
      871524956,0.500031188271179
      262695517,0.499535905682340
      775948897,0.499595163439396
     3589671529,0.499838961514485
     4152535659,0.499772999896241
     1094199917,0.499500525853131
     3500518001,0.499733169779842
      506466751,0.499204056392920
     1525631612,0.499468556789247
     1831660160,0.499468288535800
     2176248451,0.499760997605532
       57895567,0.500101415845659
     3907627668,0.499353222313459
     1068804761,0.499257944076035
     2803952283,0.499049845297012
     3582446236,0.499482561984761
     1472531102,0.500009636612477
        3762856,0.499957427125929
     3554809628,0.499962284131843
     2100676127,0.499706914698624
     3251055280,0.499579583451689
      710347441,0.499971283152980
     2717665971,0.500227020642662
     4112337591,0.499529620712201
      851544763,0.499656659229504
     1629162174,0.499268036843769
     4272745155,0.499617840042308
     2183219908,0.500222303400220
     3976252102,0.499526684029601
     1572162249,0.499722648336087
      608275154,0.499670369047238
      689908435,0.500171622887328
     3760893049,0.500160876499431
      831744733,0.500354003968542
      913926878,0.499466490229974
      401894115,0.499932536171451
     3706702972,0.499887021238290
     3952937710,0.499774932222022
      770288372,0.500168829561809
      155749111,0.499795099965160
     2104760106,0.499417483147220
       71240446,0.500010325710284
     2660068095,0.500048323433674
     3704515339,0.499706882615081
     2036861708,0.500040976857549
     3409201936,0.499484023469751
     3746597652,0.499478970497928
     1135405846,0.500000308942503
     2917649183,0.500301196094351
     3888565025,0.500128481809493
     2850515750,0.499846792213577
      584723240,0.499698978202632
      199543593,0.499932352719448
     3165442525,0.499948795721837
     1192790833,0.499457204346541
      894405427,0.499560428188232
     1425926964,0.500474190689758
      922536762,0.499489804089353
      193628988,0.499807998026250
     1309797181,0.499904872687759
      405179198,0.499902070445777
     1831422783,0.499462223409050
     4118555456,0.499446023500737
     2431150913,0.499914638789038
      233278274,0.499566877008617
      189960673,0.499266507686797
      128699208,0.499647522374738
     2056899406,0.500214580975426
     1608510287,0.500186608093907
     4277267286,0.499451468037522
     2374896473,0.499761733957860
     1885207695,0.499844928239607
     1898064737,0.499614326454162
     3421047650,0.499509913567179
      438504297,0.499673288019897
       38529900,0.499617822816189
      412396401,0.499730776160347
     3241708403,0.499915514600068
     3544271743,0.499930686702771
     4134914945,0.499575970945941
       15666050,0.499786951890928
     1866476419,0.499728499882691
      470264709,0.499836193059473
     3504622477,0.499532528472856
     2416569231,0.499451757489247
     2304674709,0.499767229718428
     3867257754,0.500087334273750
     2081278875,0.499503194904405
      131722143,0.499444852189044
     2646150048,0.500301501678275
      597789611,0.499489224224615
     3596815284,0.499532708188954
     3759631297,0.500170297448771
     4083223490,0.499713202149896
      635537227,0.499202085173697
     1437936582,0.499556776975928
     3839658957,0.500242109792665
      922490701,0.499293502099822
      151276515,0.500268973062476
     4173835236,0.500147204967788
     1704225769,0.499444488943081
     2906852332,0.499763990488423
      941501424,0.499588725980721
     4034210806,0.499485404749020
     3785534455,0.500366747234598
     3905473528,0.499504335782335
     1214999547,0.499440383204164
     3314961405,0.499451227510992
      249973761,0.499426977508628
     2168327170,0.499570511124881
      812100611,0.500094701145276
     3298692104,0.500116866160645
      446540812,0.499903961657311
     3421907983,0.499819376864918
     2074416984,0.499752736818265
     1466372611,0.499715097661249
      812198935,0.499621594782874
     1547700058,0.499911270426076
      892800032,0.499897268563998
     1859578915,0.499472912399083
     3276610737,0.499137865102943
     1464842076,0.499902729361861
     1732070447,0.500025097936011
      422128692,0.500081401467317
      136563772,0.500468166675969
      214707270,0.499746486562900
     3724069959,0.499844881399871
      964193353,0.499883002906524
      225113954,0.500037821077057
      724896846,0.499589970334154
       27472397,0.499970921838905
     2132896853,0.498952397850591
      186731606,0.499455611106687
     3139345593,0.499537704349501
     4113091686,0.499745583223913
      890483217,0.499419197080995
     1281133672,0.499507477180599
     1916316778,0.499676378581083
     3866823789,0.499479622499432
      637979759,0.499658012852955
     1547750521,0.500029909110839
     4221947002,0.500002767598939
      657779836,0.499975095048597
     1309641855,0.500247694053058
     1543539840,0.499603621736315
       57560196,0.499619389219063
     2315750533,0.500096643469555
      315616399,0.500116511549298
     1237707923,0.499518667802350
      546335892,0.499707883785863
     2667998362,0.499510099510487
     2619206821,0.499703000272032
     2886823078,0.499676915659727
     1808840561,0.499395595903398
     4289817784,0.499747374022112
     4067798202,0.499652089921090
      676539582,0.499460875324626
     2995955573,0.499389246317387
     3189394625,0.499861717439768
     2490846405,0.499435637009046
     4207217864,0.500076005209421
      619728073,0.499802306741495
     3415207115,0.499044503682822
     2792025292,0.499851104703203
     2746559694,0.500087931686911
     1234980050,0.499483151738223
     1197239508,0.499816488327677
     4166159578,0.499375474484363
     1087081695,0.499463779593529
     1501711584,0.499520524788912
      892251366,0.499400152170463
     1956637930,0.499507393682206
     3450391790,0.500669663391393
      326528240,0.499407040959904
     1806167282,0.499494275502768
     1270320376,0.500204884796942
     2680032505,0.499887399557288
     2940169470,0.499370644302475
     1575709954,0.499980356099111
     2510011606,0.499267908312440
     1984441612,0.499505901456556
       81603853,0.499761214075775
     1198722318,0.500351072592314
     2287758612,0.499394787103239
     1400704277,0.499683342832046
     4057451798,0.500003225479309
     1084009755,0.499705182097773
     1612639517,0.500002469098249
     2030794629,0.499604070330584
     3119066405,0.499440956237004
     1129975088,0.499496146750955
      218664243,0.499681964396763
     1627884852,0.499432966526034
     4203793720,0.499870801105043
     2948992316,0.499701471147993
     3646262592,0.499632596793397
      340897089,0.499606091986510
      963325255,0.500086710561444
     3003100489,0.500079865467861
     1736035661,0.499869389569236
     3819482455,0.500016616020884
     3509464412,0.499441671180818
     3729493345,0.499956204482283
     1808911717,0.500547918015200
     4136856940,0.499620639028240
     3306630510,0.499274798563679
      876080497,0.499400793379622
     3045444979,0.499598436235625
     3877088629,0.500092312356501
     4112346491,0.499577395725221
     2275192200,0.499391109974502
     3115961744,0.499408998647028
     1121602963,0.499433990978357
      554233248,0.499812626470918
     2749003675,0.499079321437356
     3111587242,0.499853538094519
     2801913261,0.499642163096169
     2292977070,0.499686115397092
       95774621,0.500167826754026
     1879928240,0.499378423649073
     4023700917,0.499470726455135
     1294380470,0.499502606098951
     2861403575,0.499711219782069
      714436037,0.500190542273757
     1963837347,0.499835880124511
       52301276,0.499596058632316
     3370348001,0.499383135412296
      521080290,0.499681615761122
      157732323,0.499901907689046
     1092218350,0.499410551657568
     2427375089,0.499623203145555
     2573356539,0.499462395426969
      438541117,0.499318066259954
     2317192710,0.499411127446587
     2467114242,0.499615604709512
     3432402448,0.499376625343993
     2612645396,0.499521483611936
     1666158101,0.499413966349289
     1128051289,0.499719763924661
     3023048216,0.499590669026572
     3574722077,0.500010269660409
       42935543,0.499758411110429
      433974817,0.499677314265781
     3187461675,0.499455396491711
     2567114284,0.499510977979056
     2584023645,0.499990604996591
     3165597234,0.499479449023109
     1591840307,0.499356473635002
     4294270217,0.499569505820627
       61279800,0.499497531669798
      783765051,0.499822022587550
     4027829823,0.499376834828262
     2937826883,0.499460516230504
     3746065989,0.499602585020049
     2434666055,0.499154779974247
      124726856,0.499737988036386
      441200201,0.499470466560106
     1484713229,0.499724301221398
     1615064656,0.499648340623080
     3111947859,0.499610761020391
       80662100,0.499495124897190
      182988375,0.499407747554051
     1341727332,0.499496560245131
     2110109626,0.499247095476555
     1174163042,0.499396139367690
     3160174180,0.499769369693258
     3273059941,0.500353281721177
     1939639911,0.499737033759679
     3061108330,0.500159507798478
     3728625259,0.499355890370113
      534703725,0.499979677101688
      390794866,0.499922820095495
     1566551667,0.500005096204798
      117821048,0.499665627373487
     3788000892,0.500103943561147
     4167003777,0.499247956535499
     3781652098,0.499796703774943
     2503822984,0.499806346817180
      595299979,0.499351866570571
      267021979,0.499419107815912
     1787417200,0.499380564895399
       46861991,0.499824280672616
     2308848817,0.499562379191410
      372616876,0.499576017868117
     1072588745,0.499904955205631
     2777108152,0.499357579358210
     1094151866,0.499374542262905
     2952851131,0.499528661569096
     4116467389,0.500121081366417
     2554299873,0.500218434986649
     1015049924,0.499414621797519
      568225478,0.499116840177051
        1257163,0.499454717275403
     3766718161,0.499640209795595
     1131998935,0.499801944754035
     3779145439,0.499239514573927
      158502627,0.499562017194504
     1257934569,0.499008663424233
     3527479018,0.499684746252467
     4253662503,0.499631211171134
     1742016237,0.499888417100726
     2835645053,0.499350604772330
      339693299,0.499342209452014
     1270771444,0.499827750900080
     1285533434,0.499623129532142
     3594702588,0.499849781190884
      569716486,0.499821016953176
     3493744392,0.499663778951976
     1118646028,0.499722161033701
     1755041549,0.499379939796975
     3811110673,0.499412859514682
     3559935768,0.500511503752329
     1856163611,0.499456601753542
      470564430,0.499594664235429
     2494672673,0.500500000915500
     3280760610,0.499710091560098
     2871398184,0.499791378507348
     2059693868,0.499408632709358
     2002825005,0.499589158787427
     1821355823,0.499031430712196
     2754340045,0.500171089322895
     1563422519,0.499342557173552
     4184403768,0.499532330185200
     2891705652,0.499608646015373
     1947537211,0.499460430423523
     2326703934,0.498981153540249
     4131991365,0.500079710251228
     1520840518,0.500524095104826
     1466478409,0.499586588981739
     1088122699,0.499305087664872
     1625018191,0.499605036450819
     3360501585,0.499751757249638
      977096533,0.499973412159886
      891039579,0.499638694123439
     2575724380,0.499896669181606
     2424926057,0.499587517472458
     3913175832,0.499448483487601
     1306963824,0.500234727124602
      333893490,0.499604813138765
     2842627955,0.500408908224174
     2790084474,0.499582508244900
     3598651262,0.499336119094775
     3701772160,0.499448450437417
     2219446146,0.499927770458179
      872843243,0.500275600809503
     1111143713,0.499950799183692
     3528822674,0.499364811094971
      386305939,0.499807088345775
     3936325532,0.499388807631726
     1404981150,0.499736425654980
     1193187313,0.499522483598762
       20688811,0.499311768507234
     3740528556,0.498904957209614
     2853515181,0.499655554626866
     3113996209,0.499388524338778
     1660064414,0.499646947211904
     1890627511,0.499342810620673
     2260168632,0.499383887606810
     1434742717,0.500324069260235
     3640913861,0.500061686516924
      888173217,0.499237858953750
     1497722098,0.499388404895108
     1845333964,0.499713207287312
      225832912,0.499656067057593
       73166801,0.500119962714815
      797700051,0.499310537182249
     3357044693,0.499732828223076
      888716623,0.499410484175070
     2629504988,0.499392645635851
     2833321952,0.499620740493217
     2626951163,0.499601888484134
     3111604202,0.499743987992667
     2572185579,0.499484457691625
     2221617133,0.499656348823282
     1065373685,0.499577744215802
     2359283704,0.498963362060142
     1002508282,0.499410853086785
     2144358400,0.500399848252098
     4059254786,0.499408212060940
     2151395332,0.499436817325754
     1771663369,0.499796837615670
     1644675757,0.499831864629556
     2880106515,0.499915064081309
     3645190166,0.499693513176080
     2797146136,0.499704519603570
     1003261977,0.499466385133676
     4010594330,0.499707381048473
      599339043,0.499691206065126
      419508265,0.500033809558388
     2960835250,0.499786014974797
     3216420911,0.499836156849417
      785199153,0.499473529808313
     3114435252,0.499344089508359
     1968173115,0.499829602371192
      860614717,0.499188232132840
      368218175,0.499519089193754
      570683458,0.499694178563593
     1182511172,0.500369524149340
     3357118537,0.499305190502157
     2836033610,0.499645157616308
     3658068043,0.499353407874762
     1667321933,0.499955021412094
     1891242075,0.500034449641436
      513757280,0.499479165291045
     1141059689,0.499359625418179
     4061130858,0.499562258487180
     3817222253,0.500017063088984
     4210077806,0.499706736004283
      801247343,0.499936688351648
     1404883058,0.499374179893518
     3517788275,0.499299825437583
     2602663273,0.499429241633638
     1048768634,0.499363202009256
     2657046652,0.499648370353255
     3864252545,0.499762775248865
     2237673603,0.500395371216881
     2421854341,0.499922771229341
      136507530,0.499974351349764
      924930627,0.499638353282652
      651522193,0.499982453794534
     2166853780,0.499716509815338
     2702725269,0.499327277430868
     4151390359,0.499820458714071
     2986135709,0.499981564963813
     1758154911,0.500352187949178
     2516537511,0.499788765740423
     3086430378,0.500134129154021
     1435692403,0.499427648269693
     3685699764,0.499233058834764
     2678173878,0.499818935491398
     2225983673,0.499387422393725
      160329916,0.499291777841024
     1639616705,0.499350102802600
     2313941188,0.499315645215872
     2584465614,0.500203297944440
     1085755604,0.499589915365853
     2336269006,0.499154451251401
     1392865495,0.499434466149325
      204878041,0.499350496398211
     2208863950,0.499497176766200
      411234533,0.499452905586410
     3142389990,0.499792493735390
     2562715879,0.499743621684925
     1832407275,0.499543135679559
       51712238,0.499760156678925
     3871650035,0.500150951480898
     2483400949,0.500119012074956
       60575993,0.499372141117702
     2130260220,0.500242133629795
     3350425853,0.500023746324089
     2476863742,0.499986082056399
     1659875587,0.499497574269941
     2477863173,0.499283461991633
     1547096328,0.499613562095873
     2777682188,0.499611291234789
      742314262,0.499574884838801
      798781721,0.499531234648103
     2888331548,0.499487827733971
     4292202783,0.499338686729255
     2007396645,0.499500845394355
      326324523,0.499295587150765
     1881395523,0.499454994274196
     1117376840,0.499526991873437
     3651252553,0.499722652727945
     3393409355,0.499634927624826
     4240494925,0.499489169963895
     2956833103,0.499465974498773
     1540526416,0.499332647488674
     1310118228,0.499387318436442
       18403675,0.499893615698800
     3357978977,0.499389397750020
       48025958,0.499667304497560
     1330295145,0.499125890063637
     3185160556,0.499906384631421
     1735913840,0.499434991120700
     2328408434,0.499443362704556
     2424140147,0.499564701880707
      604664181,0.499625392274505
     1622684023,0.499529047847485
     4134559124,0.499253801460205
     1571344767,0.499464156338742
     1945629056,0.499526493902279
     2355196302,0.499380655209173
     2244055444,0.499786919296027
      502436245,0.499788934409870
     1502884246,0.499540895813948
     3126899100,0.499272918463561
     3530199455,0.499556723087699
     2656756466,0.499727359200310
     4075598256,0.499383318761382
     3791221174,0.499961138514174
     3342668217,0.500125018788144
      519926207,0.499587544709295
     2989142466,0.499750763051141
     3548320198,0.499557361972030
     1564103114,0.500022888200186
     2135077325,0.499790441345667
      474837456,0.499476268814426
     1093013972,0.499315095703048
     3503854040,0.499373754516726
     2147815901,0.499765443930549
     1256182240,0.499362981279787
     1905316321,0.499683371409739
       87519714,0.499497217429387
     1686114793,0.499292900790850
     3822293485,0.499596564291294
     3408679406,0.500235807421369
     2990330352,0.500285070717500
     3120738802,0.499703744011804
     2122168404,0.500105357711368
     3520115198,0.499933522088135
     4113224195,0.499565284091280
     2837329513,0.500087530475137
     2350354953,0.499499322291970
     2571596299,0.499478400353997
     1198436877,0.499386632624207
      473862671,0.499724696720940
     1672737297,0.499694013921713
     3980784151,0.499911605524693
     3613018202,0.499372338306288
      697963049,0.499312895968185
      280945415,0.499262608062415
      476525107,0.499316204751834
     1443332873,0.500018180242395
     4168364602,0.499341109763209
     2441351741,0.500145803477862
      819589694,0.499615653687228
     2476257859,0.499628855079174
     2640457142,0.499957990411407
     3536450118,0.499646952668543
      606532167,0.499734503888632
      906285644,0.499313925063860
      336466512,0.499419382446902
     1352815192,0.499387216522400
     3814961753,0.499838951309657
     2478674523,0.499438122498676
     2007282268,0.499707135549800
      170226269,0.499244565282073
      237580894,0.499626905422671
     1269019240,0.499697546505726
       28562031,0.499386229245517
     2931069552,0.499477730140393
     2379077800,0.499318929667368
     1444024960,0.499753731713715
      936596102,0.499627887849577
      586519180,0.499446533037523
     1301975697,0.499737962687584
     1730433688,0.500025377010663
     2970555038,0.499842828685799
     3498168993,0.499787428270383
     2911457959,0.499946765625899
     4107874988,0.499236785941244
     2402292397,0.499255797949155
     1438274224,0.499630237514120
     1777947317,0.499603736636549
     2084278972,0.500150608007650
     1421005503,0.499483145066464
     1494217410,0.500218326123717
      565949124,0.499378669573091
      175198917,0.499567709739914
      583611083,0.500346186198592
     3384578765,0.500042574654993
     1782723279,0.499513746255742
     2097738457,0.499242874860776
     2389824220,0.499357315989214
     3222165626,0.499507524983843
     2592420575,0.499619858325119
     1239435542,0.499255504574483
     3518264036,0.499872329852829
     2382885606,0.499345245991412
     1022186216,0.499290831838963
     2053690102,0.499394248148042
     2249691904,0.499246532039773
     3469480706,0.499434350614510
     3021493001,0.499353584321157
     1991938829,0.499298347591753
     3229520661,0.499885549515410
     2101334808,0.499718895641755
     3217699612,0.499804808978827
      849261353,0.499463945786270
     1292038956,0.499895917121555
       13579059,0.499457944174396
     1078121284,0.499263649599180
     1937757001,0.499241728573881
     1091227106,0.499795596746015
      753881937,0.499451097298269
      944763734,0.499978185609262
     2388218712,0.499660589608723
      892212061,0.499625466267119
     3296187235,0.499401671957234
     3507802980,0.499416555549134
     1602499431,0.499677452696298
     2056270699,0.499562546761538
     3042571116,0.499585546311650
     3374379886,0.499273704166944
     2584441712,0.499215057439517
     2915136374,0.500082244147914
     2790757250,0.499567974884153
       39662473,0.499355237946989
      544502666,0.499466429155767
     1496134540,0.499288322312755
      571839380,0.499954547137302
     2996056988,0.499473884783616
     3896652702,0.499254408169221
     3557749663,0.499145043398977
     3542741923,0.499542821174193
      860074920,0.499216746426256
     1561932719,0.499223801762288
     3095622577,0.499839884038690
     3227046837,0.499615533566631
     2251035578,0.499474897051311
     4062335936,0.499392812229070
     2522682305,0.499882335064819
     1705530308,0.499635169846126
     3696571334,0.499803646629805
     3501863883,0.499379535499780
      511906768,0.499704834651104
     4206736337,0.499570632520138
     3969135570,0.499251061923229
     1240241112,0.499551341221718
     4051833820,0.499520493993321
     2006040353,0.499015874654316
     2687480803,0.499653334644748
      440939493,0.499700327865634
     3558003689,0.499264606477947
      135869424,0.499435669400100
      197093544,0.499690255185042
     1333195762,0.499436558301682
      322589684,0.499803168372756
     1037939704,0.499462500510667
     1912189950,0.499341065467356
     4116632580,0.499489850201535
     1874916359,0.499198655645886
     3824833561,0.499718219509663
      927241245,0.500175797795172
      944157726,0.499510808166825
     1116599329,0.499656458088098
     1270992390,0.500453120215951
     3718927404,0.499995328232982
     4197446704,0.499454078347698
     3852096562,0.499352756739864
     1758966843,0.500118712574816
     2334716998,0.500016054382941
     3778204746,0.499487349763514
     1305760850,0.499427913725068
      244462675,0.499819385309764
     1919152996,0.499200308368321
      943707226,0.499605528417780
     2043376732,0.499915330389629
     4017534046,0.499038627138892
     2154708496,0.499521115667498
     2684771858,0.499599563808226
     2906420334,0.499360905930005
     4197151858,0.499656943753875
     3085964404,0.499835994323172
     2377872506,0.499713586792229
     1548748991,0.499645919725847
     3040318592,0.499452496060214
     4039144577,0.499184744843313
     3423802502,0.499547513021421
     1524790409,0.499223102163834
     1376646283,0.499217332893870
     3675509902,0.499815321284235
     2052215951,0.499182867072061
      865973392,0.500383842852875
     1120441496,0.499567615760936
     4151208132,0.500199010172527
      932664477,0.499352587808759
     3507590304,0.500458851991174
      384586913,0.499006975621964
     1546777764,0.499723024331836
     4211618984,0.500062660276321
     2979116205,0.499308546404821
      392377518,0.499367446386678
     4050719921,0.499644844782660
     1360598195,0.499795967306994
     4216542392,0.499199812630125
     2137593022,0.498976580927503
      256070847,0.499090698402951
     1673548992,0.499527435429184
     2848232641,0.499470101015252
     1465881794,0.499611926333420
     1740027076,0.499007288557093
     1355830470,0.499741016773864
      391486463,0.499444779111752
       66827474,0.498936342752182
     1679398101,0.499658695077371
     4025644250,0.499176546846643
      321967324,0.499739410177846
     1379431645,0.499198752122967
      358642912,0.499231517831446
     3058144487,0.499172136951068
     4029453550,0.499392961255143
     2136347889,0.499549503703531
     3048527090,0.499452554466494
       18527477,0.498911395268932
     1077458166,0.499330411283870
     2152346877,0.499801897323505
     3623908612,0.499481260633251
      705066247,0.499246540753915
      873911567,0.499478212460361
     2242966804,0.499675509240340
     3933263128,0.499220434217650
     3587429660,0.499213817949449
     2289595681,0.499152835553206
      183359707,0.499382609089802
     3109672237,0.499541017802646
      468416893,0.499724027683322
     1082086708,0.498974385640321
      947148085,0.499502566530377
     3069891465,0.499457589369005
     4263990585,0.499285417755723
     1236740319,0.499910925944414
     1853191050,0.499386104222227
     1498838336,0.499560087923395
     3678401862,0.499663745517648
     2492675400,0.499629312781297
     2919210693,0.499153945724443
      467211596,0.499159529059876
     1341625680,0.499586723661416
     2119570771,0.499288083765467
     2830325078,0.499496979064898
     2306061655,0.499358483118406
     2981311836,0.499421791807578
     3304576351,0.499249748134894
     1610184032,0.499868698962329
     3316633147,0.499286390396415
      501962084,0.499660213830833
     3090437477,0.499986265450050
     2208191846,0.499190345678924
     3979113834,0.499798174030679
     4272829805,0.500108276366484
     1171027314,0.499952822619845
      156964214,0.499633126643608
      588242317,0.499469499172453
      622466425,0.499338687027903
      173299067,0.500133961518163
     1156633980,0.499211212788916
      696685957,0.499403603942711
     2598065556,0.499359277743193
     3557094808,0.499225161089583
     1580438941,0.499296161689034
       84317600,0.499318676630505
     2855671201,0.500203984531774
      242955686,0.499368469719011
      738039210,0.499157689127085
     1651219599,0.499052179666446
     1239109318,0.499332117126589
     3485953609,0.499218687119267
     3742897593,0.499151025759850
      981652924,0.500176255415119
      335181247,0.499226969636910
     2883999170,0.499084508817792
     3364795734,0.499143433881187
     3567990215,0.500169797687140
      739218891,0.499168299675216
      171775437,0.499832286339521
      466367952,0.499763126399070
     3863713234,0.499351564479191
      314179150,0.498964051371622
     3422180824,0.500148089656960
      351587919,0.499440025662779
     4115720443,0.499962820346129
     2582709158,0.499719071058234
     3290822121,0.499815304775307
     1966446059,0.499322327582458
     3746575853,0.499531019299533
     1158059503,0.499981805336864
     2937419248,0.499406035806769
      132953585,0.500154849329883
     3343150373,0.499196548369610
     2682582518,0.499157115828822
     3008132600,0.500333652157510
     2487299384,0.499675820892082
     2009945606,0.499648249725275
     1071396361,0.499311676379378
     1720399375,0.499792430274422
      821933587,0.499816373206062
     2624099863,0.499134045027769
     3058402847,0.499721271862929
     1886295579,0.499976876343365
     1795282466,0.499781648864442
     2374923813,0.499901215587083
     3849475626,0.499320179882224
     3247797804,0.499397721524125
     1212634670,0.499738239440171
     1789539889,0.499496803344549
     1971115572,0.500157515504693
      582489655,0.499159177257927
     2645702202,0.499664774290493
     3234780736,0.499145787929004
     4243338818,0.499369257548095
       91739717,0.499321650051502
     3588904522,0.499493479063011
     2483377740,0.499633566991709
     2236601934,0.499353837038043
     3094918738,0.499223047183959
     2176816726,0.499135197507708
      525997655,0.499616287144573
     3880154712,0.499359064127415
      261510752,0.499435621315332
     3410957922,0.499125460933750
     3435443813,0.499172665100358
     4198307433,0.499326121950046
     2388883054,0.500009334268413
      185407090,0.499962381864857
      617879162,0.499211303700543
     2118084886,0.499452976831727
     3478886022,0.499827115651049
     3402217097,0.500047325586444
     3218437773,0.499458870386464
     3883677327,0.499831716950764
      941771033,0.499874801546436
     4180530846,0.500038523551240
     1275393695,0.499403175263304
     1332237991,0.500121312402141
     1638313586,0.499504802283800
     2160055984,0.499117145093160
      295515825,0.499303993189454
     3874215604,0.499473196362132
     3933861560,0.499759605453775
     4208424633,0.499578317215261
     3960059590,0.499247430186783
     3158144716,0.499980601207001
     2527024846,0.499756319198578
     1205966543,0.499479386574855
     3253046904,0.499228840997094
      611202773,0.499720759339860
     3298506462,0.499198010163472
     3274798815,0.499489400699277
     2381166311,0.499132743102098
     1200830187,0.499303720170271
     1518423631,0.499724923490074
      602085114,0.499826444086327
     3883054843,0.500557408327812
     2494748414,0.499998608062293
     4201297666,0.499425037244337
     3657103121,0.499155420529612
     2224142102,0.499105341965421
     4285110044,0.499451669740713
     3899905824,0.499577029133229
     3661641508,0.499184701023357
      720672552,0.499125539016948
     4143560490,0.499121867022998
     1881110329,0.499542721087031
     1657820987,0.499179920475774
     2759186237,0.499207004218260
     3806140231,0.499358999063660
      313775948,0.499384270028130
     3561609037,0.499820548494907
       32388948,0.499585968567765
     2497869653,0.499614923549179
     3418183512,0.499565003274462
     2709034841,0.499119820480089
     2191300442,0.499592881846366
     2011993948,0.499230417001418
     3869894970,0.499505307514384
     1637365598,0.499439569526145
     1732637669,0.499219250713253
     1582536544,0.499568721192075
     2310846305,0.499141273443385
     1679660898,0.499341609508239
     1211938659,0.499290221478968
     1638676327,0.499755251794105
     1300567917,0.499256148619982
     4172461937,0.499908269367119
     1739863923,0.499663936683028
     1528485753,0.499207706855191
     3381188479,0.499888735410852
      288397188,0.499770139096146
     3882964869,0.499091392815744
     1491908492,0.499557083715665
     2550691725,0.499220984270277
     1921382330,0.500114738604070
     3404068752,0.499437881604999
     2750404497,0.499619394586107
     1645606805,0.499343304952670
     2551666585,0.499111161003821
     1604024219,0.499021066125370
     3550779297,0.499354841005016
     1221009051,0.499456594851697
     3451967396,0.499660140104110
      359864230,0.499574651552066
      179509162,0.499172211342766
      925185965,0.499204811295716
     2913793969,0.499971810296881
     1453414330,0.499688741289280
     3158480830,0.499886208081674
      226736066,0.499419512750877
     2265090379,0.499547052610061
     2477266886,0.499749306080210
      554056686,0.499491395316607
     3631372238,0.499167051944205
     2438748111,0.499540776315607
     2987530192,0.499310445742877
     2642753501,0.499403424877770
      580103847,0.499185275720617
      493197297,0.499611833834576
     4208333822,0.499078516678834
     2869240831,0.500471319001307
      678940729,0.499838612905257
     2079665836,0.499226797142977
     1284511760,0.499569736151600
     3449395218,0.499117786974653
     4085970964,0.499779685095927
     1613707386,0.499390385571708
     2610558998,0.499958020979640
      437327904,0.499026982373647
     3232315427,0.499214406205155
     1729181738,0.499195815562757
     3657848878,0.499323507424393
      805615667,0.499158881209592
      976910388,0.499636912734973
     1977284662,0.499211565474770
     2596952119,0.500125579713373
      932018235,0.499593884260887
      427808828,0.499218482215197
     3456333885,0.500323396262254
     2493978686,0.499267803659092
      551057472,0.499318720013737
      715610178,0.499430166344173
     1811899403,0.500431340161947
     2018506826,0.499397598712214
     2394025655,0.499424335768923
     1383159884,0.499104941630599
     1101158478,0.499342091164424
     4146624593,0.499398844618364
     3410212948,0.499436360938525
     1709185112,0.499610755858658
     2926860379,0.499140076831752
     1514248290,0.499597653002235
     1551325285,0.499539616852116
     2458753130,0.499240992478857
     3102701678,0.499428687097244
     3405480451,0.500262719097311
     1087592563,0.499281640249923
      138197111,0.499521505281794
     3933755514,0.500130303678223
     2589694076,0.499702111798510
     4198365309,0.499524328152025
     2568684888,0.499678364852142
     3609788096,0.498884033519347
     3267967108,0.499800043963280
     1576130694,0.499703882410678
     1188789953,0.499831501465665
     2933889167,0.498938476261500
     4056283291,0.500118194827403
      503453855,0.499608345921381
      421583216,0.499292441429901
      330002118,0.499245126671735
     3832551592,0.499531371729232
     3581273116,0.500604640263798
     3504232619,0.499887165937836
      829192364,0.500002358045644
       76011693,0.499250621352825
     3719747758,0.499359164935614
     3869382833,0.499265441577380
      875118281,0.498888661898794
     3986745716,0.499135656238540
     1837160634,0.499150882838592
     3473062078,0.499056251694989
     1132714357,0.499359001595168
      789592262,0.499656352193259
       88373450,0.499440596735909
      788560084,0.499058852962085
     3615217883,0.499229511409826
     2072312029,0.499252448916263
     4255810597,0.500009966762532
      893065444,0.499077436504827
     4022775505,0.499353751421367
     1085602029,0.499657754116559
     3320682734,0.499913874530396
     1109121263,0.499512531939894
     1745590513,0.499084922121595
      623458559,0.499085222999990
     1220720897,0.499736304005957
     3614505789,0.499069291562779
      361732358,0.499643638485118
     3407411468,0.499584107330149
     2887596301,0.499403213828977
     3459275023,0.499271209523959
      927439134,0.499214361451064
     1956268421,0.499671917110470
      729512225,0.499877628826292
     3691403563,0.499819173482894
     1200462129,0.499178797925991
      697006387,0.499140776415947
     4029937973,0.499562253580284
      159635782,0.499285228750707
     4075493706,0.499299820121748
     1369454925,0.499078867705679
     1951029591,0.499100021776881
      203774297,0.499403426674291
      958658909,0.499117591318219
     3265034590,0.499168373362583
     1576114533,0.499063995099338
       72718694,0.499212598691817
     1871985001,0.499292074481216
     1741699434,0.499038924824322
     3356088685,0.499062153256611
     4113152368,0.499362782389097
     3583203698,0.499346954527340
     3117619572,0.499694010131063
     2343754101,0.499428858528493
      848662249,0.499103841085475
     1403378041,0.499128656196008
     1361631611,0.499245672570801
     3914362602,0.500092485821262
        4643202,0.499117449974079
     3307264388,0.499456692109440
     3271063951,0.499887970175964
      485333393,0.499487924247251
      670357906,0.499321482730768
     2863987099,0.499210280761131
     2047220126,0.499030499429192
     4149287333,0.499055304330102
       37935529,0.499197503867505
     3328186799,0.499634201461691
      689772978,0.499145590349466
     2537568694,0.499104522281457
     2277284281,0.499614457057083
     3422230977,0.499260431383056
      512334274,0.499924510684963
     3200489924,0.499133083178843
     2457386742,0.499131943651882
     2308995527,0.499197560989659
     3073882568,0.499067275985279
     1854691785,0.499144248568080
     3566295499,0.499166809854429
     2187549133,0.499253738034266
     3618181813,0.499871805473811
      203979224,0.499059958218823
     4241785291,0.499135000113169
     2437863907,0.499221608141308
     1359378916,0.499506512325294
     2463136232,0.499034278046956
     1709521385,0.498992485007193
     2901006827,0.499554954736439
     2333530607,0.499390384578514
     1786010104,0.499141974574968
     3288160761,0.499016574365264
     3883276796,0.499485899284309
      669817356,0.499132933421332
     3263830544,0.499091404910652
     2657384977,0.499280491807913
     3585636883,0.499392509639642
     2131909140,0.499190635791415
     2667043355,0.499024945589815
     2404661795,0.499314386098111
     2846800427,0.499546444023882
     3553172013,0.498939180261835
     3289564253,0.499935527928015
     3250715193,0.498961594567824
     4081252925,0.499286689327315
      271497799,0.499330507650598
        9768716,0.499012526496727
     3817855562,0.499042898087368
     2499344973,0.499014128468697
      957332047,0.499357138866070
     3397794385,0.499753653751320
     3967015511,0.499223857783757
      875764320,0.499095367671274
     2753223268,0.499103079155312
      771340907,0.499067134731509
     2449627756,0.499850784467868
     1806793328,0.499402132197857
     3736459894,0.499046969878194
     1148893818,0.499048614466705
     2990185083,0.499535386018137
     2046892668,0.499430968828989
      397204095,0.498876254199599
     1449008960,0.498988819520313
     1351482663,0.499974432471226
     2776128130,0.499194587100897
       40491651,0.499402439898353
     2229549705,0.498869011385151
     3238230667,0.498867133618520
     2571655820,0.499036806168477
     1929247386,0.499768900457342
     1227471515,0.499010996448588
     1134443164,0.499588203063828
     1882749605,0.499146247209913
     3033774758,0.499828397914655
      430414510,0.499903925540119
     1319968541,0.499237838556822
      586021554,0.499117143765555
     2315229877,0.499280212225616
     1948625147,0.499782152113539
     4081760952,0.499817945559809
      358260511,0.498980687919409
       22256316,0.499372526003479
     1331550909,0.499843189989189
     2311822017,0.499583422311354
     3590882422,0.499723945382481
     1204391713,0.499328900844229
     4018109131,0.499423226370952
     1888672462,0.499232726660673
     3612859092,0.499090957530366
     1731795669,0.499322959988786
     2839780066,0.499820428244831
      866073317,0.499012447586386
     2907028199,0.499246091244028
     4265422151,0.499684588512172
     3729758955,0.499055244617116
     3384551890,0.500001556018272
      363141879,0.499324187120471
     3755088636,0.499808358422454
     1520301184,0.500075678578778
     2034572043,0.498989993271575
     3436862222,0.499704619924126
     2890521360,0.499234016079130
     3727825694,0.498987578997693
     1019198242,0.499133046043716
       98581287,0.499720004275252
     1060059945,0.499784749888706
     1570650922,0.499600787759571
     3749239597,0.499610820393790
     3089701680,0.499227753868081
      767754035,0.499220181322540
     2417144969,0.499489921738195
     3785988920,0.499298272308472
     4255292219,0.499792586977793
      970193724,0.499586819526333
     2117811005,0.499524614938038
       96967487,0.499669210442928
       15145794,0.500197520052958
     3649688715,0.499314548711347
     4022688588,0.499570173789469
     3338779471,0.500214412000605
     3563690834,0.499100336211795
      625179483,0.499120657764839
     1847245667,0.499683114532283
     2483772261,0.498980872681603
     2918734700,0.499352355614070
     4055022445,0.500533546992637
     2867346286,0.500504629519825
     4124490216,0.499440030685962
     3814265525,0.499209075286580
     2310486505,0.499482850368337
     3369384825,0.499304027925496
     3082582913,0.499779005661496
     2331876230,0.499684606043028
     1665702791,0.499419475330098
     3598203784,0.499113771907080
     3334839183,0.498975775881620
     1988500374,0.499534829987249
     4022524826,0.499841334977347
       16030619,0.499377939355160
     4160281504,0.499096697719435
     1818829979,0.498992407545504
     4037139365,0.499491551967918
      764009382,0.499093169845088
     3221486508,0.499786519972113
     2970154141,0.499053379418381
     3929193078,0.499031575413741
      878579529,0.499287922615743
     1343527868,0.499418857641044
     4068178877,0.499074178998941
     1738030014,0.499763570392388
     4241914816,0.499232605072339
     1839918322,0.499545910877686
     1815354318,0.499210435382188
      105642960,0.499123689008570
     2622856149,0.499940518085803
     2600873807,0.499390928469502
     2794118114,0.499017996350176
     2043248465,0.499903521130526
     3160595433,0.499604829576771
     3842497516,0.499433018882673
     2148965358,0.499199102183386
      158940143,0.499820133585287
     2604497909,0.499318649749292
      268442623,0.499484132785587
     1109564424,0.499159802527778
     2079505419,0.499463201024441
     1510816782,0.499632809605418
     3922295823,0.499348154416591
     3368393744,0.499741601604508
     2482302037,0.500490285354987
     2147465338,0.499083354685348
     3856037277,0.500082753280237
     2974096410,0.499597943037673
      372857885,0.499181064581123
      380673055,0.499607275924734
      394984483,0.499263758884531
     1533582384,0.499084667420915
     4219345971,0.499546277675498
      183204935,0.499529383412927
     3971218504,0.499518577353400
     1105067091,0.499063927120492
       50076758,0.499092535984481
     1130470487,0.499134062764184
      173341789,0.498954910428347
     2941705310,0.499728190044814
     2398788706,0.499016098152580
     2257353829,0.499270010987737
     1989368937,0.499748394093543
       24755307,0.498975655874740
     4186537070,0.499449693551854
      250920048,0.499462123091899
      702889076,0.499075028838246
     4182602942,0.499381595035007
     2302891199,0.499353441721012
      881204355,0.500080202972918
      309935240,0.499392305571011
     1974402191,0.499635612530118
     3958791318,0.499282062618134
     2561965207,0.499584312423559
     3936615581,0.499429971462243
     2759880560,0.499160365735179
     3182419120,0.499963111583806
     2401565873,0.499915188502009
     4291488745,0.499354618909196
     2840263860,0.499053166923316
     1814088826,0.499143618199182
      410565817,0.500202206389849
      670366919,0.499502726200103
     2472254668,0.499903992422670
     2760817870,0.499389630688632
       68991036,0.499114226766779
      395738321,0.499396089550078
     2375990486,0.500128710615058
     1395580121,0.499317242510272
     2931588314,0.499114632741488
     1750662364,0.499184423514240
     1260751404,0.499853024989580
     3970042405,0.499701936370251
     1120148704,0.499976874056036
     2257001698,0.498984294631717
     1706497234,0.499511871248668
     1039301878,0.500002867653967
      886897913,0.498965188659948
      491535621,0.499585596422219
     2194177287,0.499350116106289
     3141172489,0.498936900512430
     2228226605,0.499648359309398
     3968851216,0.499021012757681
      227245329,0.498999732911203
     1556585746,0.499021863440979
     2614397486,0.499756729576632
     3611704599,0.499089020527139
     1775099163,0.498931782459146
      808714118,0.499461753138863
     1889213735,0.499697717760384
     2509626664,0.498975356316903
     2419561692,0.498937495230364
      651050282,0.499361558392343
     2701409582,0.498953525903206
     1211170095,0.499053650235156
     4158479668,0.499897106940261
     2255150393,0.499165744696162
      376003904,0.499324767386853
      787487372,0.499699329896434
     2713115974,0.499642568074108
     1545878855,0.499209764348559
     1000660300,0.499487769749498
     1260887373,0.499144591905891
     3495624015,0.499445237979239
     2173959522,0.498993574885116
     2280783209,0.499387640962682
     2105236843,0.498968800395645
     3299913618,0.499400580051955
     1570651505,0.499171659667387
      209313138,0.499116524728600
     2505014644,0.499143296281546
     3698515322,0.499765672377853
      164953467,0.499181295771370
      538404590,0.499769474452060
     1843297665,0.499104303508335
     1591762309,0.499350558196633
     3103078432,0.499242066944534
     2015690124,0.499893725397408
     3931028877,0.499096560367722
     3262332304,0.499541000758327
      354131348,0.499052549614516
     4046083310,0.499084974124702
     1108729241,0.499071185724863
     1295580580,0.499062168569007
     2963283368,0.499391473220507
     1618673067,0.499845284031593
     1362372441,0.499572745106811
     3950779824,0.498931701999281
     3384843698,0.498978686894099
      287219131,0.499482169745156
     2583739840,0.498956492065632
     2610486723,0.499163855890886
     2330787268,0.499956544898628
     2337250757,0.499289597329761
     1241464267,0.499241649218408
     3397828046,0.499028688212061
      340975058,0.499097419290219
      799989205,0.499105735129497
      235994585,0.499793729779438
     3336568290,0.499191522717995
     3255694526,0.499207562874709
     1904492019,0.499399688653235
       65797629,0.499736132261535
     2966199806,0.499277914794007
     3281387017,0.499947910435489
     4051443216,0.499581070623867
     3813654034,0.499022656787377
     2359614999,0.500048382962027
     1542995481,0.500131307101303
     3462888987,0.499589983038626
     2056594679,0.499932608453964
     2441575971,0.498933965985491
     2037194281,0.499344455610441
     2979749419,0.499519127747655
     1328774706,0.499609469356057
     1620573756,0.498984240796638
     1255956033,0.498973121537057
     2282454601,0.499858257210086
     1746599500,0.499073204351904
     4241981006,0.499816473009091
     4111670865,0.499109386091265
      448503396,0.499831483312137
     2145680999,0.499088397424357
     2903367273,0.499364342302663
     1849286254,0.498956954476761
     3360521839,0.498908133390300
     4087340658,0.498991060716034
     3924696691,0.499951776321333
      583376511,0.499367353325599
     2184633986,0.498998093566311
     3272932995,0.498934798340538
     2094557805,0.499288015808303
     3511541392,0.500016422389754
     4168267032,0.499850063279505
      599457430,0.499170622203594
     1678261911,0.498894143320695
     2295021210,0.499669614533342
     2397413019,0.499202317366376
      791486108,0.499124936547510
     2647432870,0.498902607697233
     2173427367,0.499667708303676
     4165164713,0.499151717763332
     2204466868,0.498885643033845
      873627318,0.499228937432038
      510492343,0.499294651310311
     2510893337,0.499627899385748
      153026235,0.499044438621314
     3635124854,0.499629240653762
      591328112,0.499895005039474
     3977731781,0.499271170401769
     2705112774,0.499320680457315
     2528212257,0.499608176282636
     2161078220,0.499767733065733
      148438730,0.499242525587076
      991469263,0.499347505487480
     3454443216,0.499015997928393
      206110424,0.499543039274779
     1623826137,0.499216434517540
     1175566970,0.499172258271995
     2716475113,0.499068976448742
     2673098476,0.498878668471187
     3763732209,0.499200158443947
     3477126898,0.499010404958224
     3276087030,0.499260529336404
     1421057783,0.498979231132202
     3467385471,0.499287395562355
     2459865723,0.500074297934798
     3654246152,0.499184670994402
     2863300363,0.499750854442395
     1191894799,0.499155405659974
     2867445520,0.499122191112535
      639244931,0.499138846771212
     2574704410,0.499060821330194
     3724459805,0.499183332433041
     3113393951,0.499616950342198
     3963895585,0.499800115515531
     1363935017,0.499297047142124
     1729862983,0.498895833020155
     3275121971,0.499766949728498
     3526450996,0.499293928964091
     2810986298,0.499546088067853
     1139621696,0.499519437867670
     1455914817,0.499541452663464
     1651703618,0.498960240868582
      764501827,0.499138441914544
     4109639495,0.498920287641370
      925630280,0.499352470887290
     1283660428,0.499652467744286
     3522961232,0.499079350041823
     2566176593,0.499337791257169
     1788977308,0.499006680836770
     1050025814,0.499747377952829
     2653339480,0.499118936387555
     2848199995,0.498929118703322
     3062693740,0.499195635961041
     3951886190,0.498967639425474
     1800560616,0.500135090835396
     2359730034,0.499205201295227
     2539634665,0.498931070411969
     2884132730,0.499377272421809
     1069350779,0.498873490773425
     3048705453,0.499193448880683
      865197954,0.499043638979175
     3574120325,0.499226724962868
     1634516870,0.499333847265297
      606248839,0.499398165503521
     2726870921,0.498928786610251
     2697568142,0.498980277327896
     1680088979,0.500006681246446
     2982068117,0.499941290164586
      257654678,0.499366843051100
     2357903260,0.498940868341966
     3565502365,0.499103132397448
      713408414,0.499258371235169
      224853921,0.499258009739375
      171698843,0.499153203195607
     3975717091,0.499624223303683
       52305841,0.498862013363373
     3851599795,0.498893003907125
     2988146614,0.500054917568026
      773332920,0.499845067636485
      729505721,0.499352036174339
     1576640450,0.498999109859892
     3373170628,0.498852111486623
     2883264454,0.500036233605865
     3855073226,0.498853969243584
     1174044620,0.499273661836278
     2135293904,0.499646763237417
     1836335061,0.499685741836163
     1897915727,0.499829653860696
     1701158876,0.499071235821537
     1650802653,0.499351562141623
     3124314078,0.499361273575809
     3740147683,0.498932036430335
     2438152168,0.499376124581376
      571367201,0.500021477365214
     2691129325,0.498871954998710
     1736278008,0.498875623924777
     4011778046,0.499093110011340
