ID,priority,black,white,ground
238950846627168,1,0,1.0,0.0
160596485589266,1,0,1.0,0.0
213025664626708,1,0,1.0,0.0
175564917197907,1,0,1.0,0.0
277595915920073,1,0,1.0,0.0
110693829166124,1,0,1.0,0.0
56237749042538,1,0,0.0,0.0
124700643378680,1,0,0.0,0.0
125292344815735,1,0,0.0,0.0
47623809120238,1,0,0.0,0.0
156437068211188,1,0,1.0,0.0
98084335979123,1,0,0.0,0.0
569270910531,1,0,1.0,0.0
139988611544396,1,0,1.0,0.0
251108221494230,1,0,1.0,0.0
122120634491355,1,0,1.0,0.0
57734861911793,1,0,0.0,0.0
114751516704014,1,0,1.0,0.0
220984287897527,1,0,0.0,0.0
49469335048510,1,0,1.0,0.0
27868793563254,1,0,0.0,0.0
147340993851883,1,0,0.0,0.0
145640326718,1,0,0.0,0.0
98784691206256,1,0,1.0,0.0
75478874297366,1,0,0.0,0.0
62085261430872,1,0,0.0,0.0
216499567568739,1,0,0.0,0.0
91930806675015,1,0,0.0,0.0
44532739804139,1,0,1.0,0.0
209245174766396,1,0,1.0,0.0
39954593348273,1,0,0.0,0.0
119166161533996,1,0,0.0,0.0
250932662645555,1,0,0.0,0.0
42661506054795,1,0,1.0,0.0
219220989329020,1,0,1.0,0.0
78599521671211,1,0,0.0,0.0
17734126649372,1,0,0.0,0.0
187463895380152,1,0,0.0,0.0
247109877132492,1,0,0.0,0.0
40011144432987,1,0,0.0,0.0
235965172348822,1,0,1.0,0.0
208678289300414,1,0,1.0,0.0
220539010130632,1,0,1.0,0.0
266218820407253,1,0,1.0,0.0
69380428252603,1,0,1.0,0.0
79541804271865,1,0,0.0,0.0
135895374205910,1,0,0.0,0.0
239552400483889,1,0,0.0,0.0
270510771143658,1,0,0.0,0.0
207677416760986,1,0,1.0,0.0
36878303189151,1,0,0.0,0.0
233121081660926,1,0,0.0,0.0
90488898477056,1,0,0.0,0.0
85884862806759,1,0,0.0,0.0
99761667171807,1,0,1.0,0.0
231633185611562,1,0,1.0,0.0
271094598190468,1,0,0.0,0.0
153431271940119,1,0,1.0,0.0
208736538051659,1,0,1.0,0.0
268444604581564,1,0,1.0,0.0
65734767529179,1,0,0.0,0.0
181145808492678,1,0,0.0,0.0
184835323360455,1,0,0.0,0.0
116203807775025,1,0,0.0,0.0
240925010789464,1,0,1.0,0.0
56852134688582,1,0,0.0,0.0
107186733746626,1,0,1.0,0.0
191608866833992,1,0,0.0,0.0
11643583745628,1,0,1.0,0.0
151138005782602,1,0,1.0,0.0
106935220299367,1,0,1.0,0.0
176967912125655,1,0,0.0,0.0
220853833533197,1,0,0.0,0.0
83108898442700,1,0,0.0,0.0
243513943595818,1,0,0.0,0.0
96062200665024,1,0,0.0,0.0
110099071521467,1,0,0.0,0.0
255108381472603,1,0,0.0,0.0
122313061896422,1,0,0.0,0.0
116599691430987,1,0,1.0,0.0
95010360539556,1,0,1.0,0.0
274991768028903,1,0,0.0,0.0
28962580764764,1,0,0.0,0.0
7255668128615,1,0,0.0,0.0
192501264234131,1,0,1.0,0.0
109943400932980,1,0,1.0,0.0
8931736950731,1,0,1.0,0.0
175554253029763,1,0,1.0,0.0
42204907716881,1,0,1.0,0.0
87529639327943,1,0,1.0,0.0
267997237245769,1,0,1.0,0.0
121633379160632,1,0,0.0,0.0
24468704069885,1,0,1.0,0.0
210722390024641,1,0,0.0,0.0
88908272487455,1,0,0.0,0.0
216297169504877,1,0,1.0,0.0
238463093936523,1,0,0.0,0.0
165311167223292,1,0,1.0,0.0
276158888590264,1,0,0.0,0.0
86722657031099,1,0,0.0,0.0
47261848835499,1,0,0.0,0.0
4122570523832,1,0,1.0,0.0
22783337836264,1,0,1.0,0.0
176641666105805,1,0,1.0,0.0
52048207865570,1,0,1.0,0.0
31109138102742,1,0,0.0,0.0
123585905319125,1,0,0.0,0.0
172757473912636,1,0,0.0,0.0
209908302070029,1,0,0.0,0.0
49010899210895,1,0,1.0,0.0
83814340065498,1,0,0.0,0.0
127925538906372,1,0,0.0,0.0
136958756939992,1,0,0.0,0.0
225924243214431,1,0,0.0,0.0
245285802104624,1,0,0.0,0.0
86038964817078,1,0,1.0,0.0
120769286984593,1,0,0.0,0.0
210117022867220,1,0,0.0,0.0
197564268592775,1,0,0.0,0.0
138638232942150,1,0,1.0,0.0
112243501750062,1,0,0.0,0.0
215547072686874,1,0,0.0,0.0
149213426403458,1,0,1.0,0.0
28847068331782,1,0,0.0,0.0
206267181923463,1,0,1.0,0.0
269002553558339,1,0,0.0,0.0
221898732881906,1,0,1.0,0.0
74131918861323,1,0,0.0,0.0
232980998641662,1,0,0.0,0.0
259320762316170,1,0,0.0,0.0
230602931566752,1,0,1.0,0.0
56196132700704,1,0,0.0,0.0
78427392497711,1,0,0.0,0.0
77998591525799,1,0,0.0,1.0
71018789632604,1,0,1.0,0.0
62812114999231,1,0,0.0,0.0
222215548552777,1,0,0.0,0.0
79073850695435,1,0,0.0,0.0
104144469075355,1,0,1.0,0.0
257090426020843,1,0,0.0,1.0
159666231179990,1,0,0.0,0.0
100946935256675,1,0,1.0,0.0
35908342926283,1,0,0.0,0.0
147811073130106,1,0,0.0,0.0
144255073049176,1,0,0.0,0.0
12886440593558,1,0,0.0,0.0
84527940553110,1,0,0.0,0.0
215203382829083,1,0,1.0,0.0
220320961632938,1,0,0.0,0.0
247595933256491,1,0,1.0,0.0
25208448992880,1,0,1.0,0.0
10588093520963,1,0,0.0,0.0
15830248965539,1,0,0.0,0.0
89489271605935,1,0,0.0,0.0
137990355419326,1,0,1.0,0.0
119169890242062,1,0,0.0,0.0
46413956304906,1,0,0.0,0.0
169478607650781,1,0,1.0,0.0
183871230049641,1,0,1.0,0.0
265176626983034,1,0,1.0,0.0
142692255314163,1,0,0.0,0.0
3856328386426,1,0,1.0,0.0
223073356846255,1,0,0.0,0.0
195209161155796,1,0,0.0,0.0
262639519443307,1,0,1.0,0.0
228557642253705,1,0,0.0,0.0
128848068569872,1,0,0.0,0.0
152578437302412,1,0,1.0,0.0
127951368903123,1,0,0.0,0.0
43193595351317,1,0,1.0,0.0
152964435154885,1,0,1.0,0.0
18725809409891,1,0,0.0,0.0
261836566184064,1,0,0.0,0.0
96866962075981,1,0,0.0,0.0
99970443249661,1,0,0.0,0.0
132528817798674,1,0,0.0,0.0
152886913383736,1,0,1.0,0.0
49069827690220,1,0,0.0,0.0
175990252623534,1,0,0.0,0.0
160388342471491,1,0,1.0,0.0
55712456854280,1,0,1.0,0.0
240415783229584,1,0,1.0,0.0
12586095141418,1,0,1.0,0.0
194906127071716,1,0,1.0,0.0
3011738404252,1,0,0.0,0.0
260878559338547,1,0,1.0,0.0
147548269161716,1,0,1.0,0.0
258481349980812,1,0,0.0,0.0
175038772663651,1,0,0.0,0.0
156164549023912,1,0,0.0,0.0
10432691801952,1,0,1.0,0.0
158071211293766,1,0,0.0,0.0
47280205011417,1,0,1.0,0.0
153989018475902,1,0,0.0,0.0
149712656134471,1,0,1.0,0.0
73363148397613,1,0,1.0,0.0
130565259556692,1,0,1.0,0.0
129396214713721,1,0,1.0,0.0
125685838069141,1,0,1.0,0.0
96434521040298,1,0,0.0,0.0
95550032020047,1,0,1.0,0.0
126901675575886,1,0,1.0,0.0
109675465631449,1,0,0.0,0.0
262267520017591,1,0,1.0,0.0
274578480238251,1,0,0.0,0.0
52266026456423,1,0,0.0,0.0
224315742037299,1,0,1.0,0.0
228842121458541,1,0,1.0,0.0
12237877904500,1,0,1.0,0.0
126745636669212,1,0,0.0,0.0
91786417324997,1,0,1.0,0.0
230611771245263,1,0,1.0,0.0
268807546640054,1,0,1.0,0.0
238146342050893,1,0,0.0,0.0
203218837675192,1,0,0.0,0.0
123688696854008,1,0,0.0,0.0
249853110572576,1,0,0.0,0.0
83436303699906,1,0,1.0,0.0
239025236456704,1,0,1.0,0.0
151132659483272,1,0,0.0,0.0
195253387225760,1,0,1.0,0.0
238683044866889,1,0,0.0,0.0
122654090408863,1,0,0.0,0.0
105175595297563,1,0,0.0,0.0
133995217450127,1,0,1.0,0.0
155784077393744,1,0,1.0,0.0
23075587064197,1,0,0.0,0.0
188968095160233,1,0,1.0,0.0
219157560277973,1,0,0.0,0.0
226940901809578,1,0,1.0,0.0
137234434072174,1,0,0.0,0.0
44813312282360,1,0,1.0,0.0
69749632233749,1,0,0.0,0.0
5221602773221,1,0,1.0,0.0
25921358527142,1,0,1.0,0.0
37791564521453,1,0,1.0,0.0
66276795554920,1,0,0.0,0.0
91368908755158,1,0,0.0,0.0
148967858294504,1,0,1.0,0.0
56863877712869,1,0,0.0,0.0
114830720001364,1,0,0.0,0.0
232718446093226,1,0,0.0,0.0
162102524778277,1,0,1.0,0.0
105716959930079,1,0,1.0,0.0
105154931750474,1,0,0.0,0.0
231879518751266,1,0,1.0,0.0
263282471112529,1,0,0.0,0.0
19842738147412,1,0,0.0,0.0
157387466595913,1,0,0.0,0.0
167340447710872,1,0,0.0,0.0
222691399761898,1,0,1.0,0.0
236236637096193,1,0,1.0,0.0
126956430522267,1,0,0.0,0.0
249046636714560,1,0,1.0,0.0
218077472093976,1,0,1.0,0.0
58287591731226,1,0,1.0,0.0
26462240221882,1,0,0.0,0.0
2524181563692,1,0,1.0,0.0
256015007730803,1,0,1.0,0.0
257334094776896,1,0,0.0,0.0
34927915781694,1,0,1.0,0.0
74187099284556,1,0,0.0,0.0
163355054186539,1,0,0.0,0.0
28932197691835,1,0,0.0,0.0
254705153285848,1,0,0.0,0.0
215557177419048,1,0,0.0,0.0
129738448911197,1,0,0.0,0.0
265010756603869,1,0,1.0,0.0
256058671545912,1,0,1.0,0.0
274400026455287,1,0,0.0,0.0
8986941162291,1,0,0.0,0.0
91879463183499,1,0,1.0,0.0
3950608145449,1,0,1.0,0.0
208909642640595,1,0,0.0,0.0
274951125012948,1,0,0.0,0.0
238862626129933,1,0,1.0,0.0
14060519621254,1,0,0.0,0.0
230180997562916,1,0,0.0,0.0
147117065813328,1,0,0.0,0.0
197441659931948,1,0,1.0,0.0
254503293115716,1,0,0.0,0.0
117389359182363,1,0,1.0,0.0
257199419339295,1,0,0.0,0.0
154518904768556,1,0,0.0,0.0
272801878231283,1,0,0.0,0.0
202838755310287,1,0,1.0,0.0
128666315055324,1,0,1.0,0.0
262499208314429,1,0,0.0,0.0
267753811045983,1,0,0.0,0.0
65776499875414,1,0,1.0,0.0
181357345309701,1,0,1.0,0.0
4800809322366,1,0,1.0,0.0
265881624470756,1,0,1.0,0.0
152775024393115,1,0,1.0,0.0
247903728444593,1,0,1.0,0.0
33249485698350,1,0,0.0,0.0
92356449043974,1,0,0.0,0.0
37370577231395,1,0,0.0,0.0
271505166060195,1,0,1.0,0.0
230447402522913,1,0,1.0,0.0
34284413335486,1,0,1.0,0.0
226343306878148,1,0,0.0,0.0
157308475281788,1,0,0.0,0.0
203136331159359,1,0,1.0,0.0
26650552521165,1,0,0.0,0.0
35155358373789,1,0,0.0,0.0
231612652046914,1,0,0.0,0.0
277923790234788,1,0,0.0,0.0
26211094852465,1,0,1.0,0.0
228944192469087,1,0,1.0,0.0
96161485950297,1,0,1.0,0.0
74123462264002,1,0,0.0,0.0
210999820467771,1,0,0.0,0.0
81600223526875,1,0,0.0,0.0
112302086943242,1,0,1.0,0.0
100056105772277,1,0,0.0,0.0
246120382982819,1,0,0.0,0.0
28102361032063,1,0,1.0,0.0
245464774329983,1,0,1.0,0.0
200650022130424,1,0,1.0,0.0
271579684489299,1,0,1.0,0.0
50334879186831,1,0,0.0,0.0
98708172629013,1,0,0.0,0.0
151988044898448,1,0,1.0,0.0
13906083166000,1,0,1.0,0.0
73583206984855,1,0,1.0,0.0
152062695272132,1,0,0.0,0.0
106776283621200,1,0,1.0,0.0
200775005327006,1,0,0.0,0.0
51241360217409,1,0,1.0,0.0
142563081975319,1,0,0.0,0.0
50899301837342,1,0,1.0,0.0
200421018918035,1,0,1.0,0.0
12648772501143,1,0,0.0,0.0
186936185981264,1,0,1.0,0.0
70958245184625,1,0,1.0,0.0
111981713838109,1,0,0.0,0.0
132077105548475,1,0,1.0,0.0
151800098844967,1,0,0.0,0.0
279749697331031,1,0,0.0,0.0
35694666015392,1,0,0.0,0.0
66543782119266,1,0,0.0,0.0
212972080786461,1,0,1.0,0.0
253699195816829,1,0,1.0,0.0
237371102310738,1,0,1.0,0.0
16266707445912,1,0,0.0,0.0
234718112845196,1,0,0.0,0.0
108097112705787,1,0,0.0,0.0
151511319960334,1,0,0.0,0.0
86233042448271,1,0,0.0,0.0
246520839524145,1,0,1.0,0.0
103037053294537,1,0,1.0,0.0
109907377028109,1,0,1.0,0.0
141533253687575,1,0,1.0,0.0
15566036015546,1,0,0.0,0.0
194724251817870,1,0,0.0,0.0
26925263219625,1,0,1.0,0.0
273639784170618,1,0,1.0,0.0
80871785801963,1,0,0.0,0.0
33343685721886,1,0,0.0,0.0
41886016150182,1,0,0.0,0.0
278333325646341,1,0,0.0,0.0
270869743930583,1,0,0.0,0.0
116735755602179,1,0,1.0,0.0
34803236755502,1,0,0.0,0.0
35494034264600,1,0,1.0,0.0
148220082077486,1,0,1.0,0.0
159120539515102,1,0,0.0,0.0
199500178000874,1,0,0.0,0.0
1923625162105,1,0,1.0,0.0
89841799508198,1,0,0.0,0.0
70125622317459,1,0,1.0,0.0
175345133260199,1,0,1.0,0.0
196894274327198,1,0,1.0,0.0
216484214866822,1,0,1.0,0.0
203039386367151,1,0,0.0,0.0
66477986001539,1,0,1.0,0.0
26889675858072,1,0,0.0,1.0
5414257671672,1,0,1.0,0.0
103154965065447,1,0,0.0,0.0
245379907150204,1,0,0.0,0.0
184129066757789,1,0,1.0,0.0
209662399034501,1,0,0.0,0.0
71142726706624,1,0,0.0,0.0
170099355871137,1,0,1.0,0.0
160574687370037,1,0,0.0,0.0
159271598999316,1,0,0.0,0.0
114721684506144,1,0,0.0,0.0
68592775360688,1,0,0.0,0.0
82006282401660,1,0,0.0,0.0
117899203104020,1,0,0.0,0.0
149558656623340,1,0,0.0,0.0
174807205806817,1,0,0.0,0.0
8827227989919,1,0,0.0,0.0
3155189542350,1,0,1.0,0.0
137409649664899,1,0,1.0,0.0
47224774814530,1,0,0.0,0.0
145223359345936,1,0,0.0,0.0
64748853230474,1,0,1.0,0.0
1553824180904,1,0,0.0,0.0
30821643795485,1,0,1.0,0.0
26513780258091,1,0,1.0,0.0
108124519580559,1,0,1.0,0.0
173361379267662,1,0,0.0,1.0
249180008870573,1,0,1.0,0.0
280792289288638,1,0,1.0,0.0
185122504155742,1,0,0.0,0.0
211952715893130,1,0,0.0,0.0
248264724797996,1,0,1.0,0.0
49811709906092,1,0,1.0,0.0
55382807881323,1,0,0.0,0.0
228129387464803,1,0,0.0,0.0
169790990242185,1,0,1.0,0.0
163660756695610,1,0,1.0,0.0
249438253914177,1,0,0.0,0.0
264394382146491,1,0,0.0,0.0
245823906901751,1,0,0.0,0.0
133973619897197,1,0,1.0,0.0
31696103820686,1,0,0.0,0.0
204026465266492,1,0,0.0,0.0
222874285381322,1,0,0.0,0.0
210283946290697,1,0,0.0,0.0
174090388833351,1,0,0.0,0.0
112371776757055,1,0,0.0,1.0
255296584726500,1,0,1.0,0.0
172624957713153,1,0,1.0,0.0
192896986548703,1,0,0.0,0.0
142862621755280,1,0,0.0,0.0
153052911467203,1,0,1.0,0.0
175004088294603,1,0,0.0,0.0
181341849987611,1,0,1.0,0.0
123035293858212,1,0,0.0,0.0
15075579174893,1,0,1.0,0.0
229484575446844,1,0,1.0,0.0
238190420084297,1,0,1.0,0.0
85726393292219,1,0,1.0,0.0
198256966101465,1,0,0.0,0.0
38205817465540,1,0,0.0,0.0
150615338979238,1,0,0.0,0.0
40264319145357,1,0,0.0,0.0
108417317926475,1,0,1.0,0.0
32722822814130,1,0,0.0,0.0
36811893911729,1,0,0.0,0.0
279198815134384,1,0,1.0,0.0
30587339894459,1,0,0.0,0.0
215547828279347,1,0,0.0,0.0
276228532918861,1,0,1.0,0.0
118516963515042,1,0,0.0,0.0
182930069245923,1,0,1.0,0.0
82419730264990,1,0,0.0,0.0
208251787089491,1,0,0.0,1.0
102290048992750,1,0,1.0,0.0
254510378749971,1,0,1.0,0.0
225300893785166,1,0,0.0,0.0
98078984353235,1,0,0.0,0.0
214960714787780,1,0,0.0,0.0
26948352594962,1,0,0.0,0.0
173203073226883,1,0,0.0,0.0
248622132888416,1,0,0.0,0.0
227653955452418,1,0,0.0,0.0
119578683537945,1,0,1.0,0.0
275508088694271,1,0,0.0,0.0
178331441086571,1,0,0.0,0.0
120951264179280,1,0,0.0,0.0
171787827087667,1,0,1.0,0.0
163337081307597,1,0,0.0,0.0
227716900737566,1,0,1.0,0.0
193449091555522,1,0,0.0,0.0
57104995939887,1,0,0.0,0.0
272183369154690,1,0,1.0,0.0
120198050519559,1,0,0.0,0.0
222567762512041,1,0,0.0,0.0
222316855586154,1,0,0.0,0.0
67387917601271,1,0,0.0,0.0
84895262525574,1,0,0.0,0.0
55844772639017,1,0,0.0,0.0
248873950357145,1,0,1.0,0.0
248088508220788,1,0,1.0,0.0
55461560003985,1,0,1.0,0.0
31320253683453,1,0,0.0,0.0
213057662003986,1,0,0.0,0.0
13532378160057,1,0,1.0,0.0
200774665951819,1,0,1.0,0.0
231375445696053,1,0,0.0,0.0
178970748045376,1,0,0.0,0.0
99483108554973,1,0,1.0,0.0
218869630331208,1,0,1.0,0.0
84276566835774,1,0,0.0,0.0
212722606771786,1,0,1.0,0.0
223211718887015,1,0,0.0,0.0
138031286543721,1,0,0.0,0.0
39447633612561,1,0,1.0,0.0
124617211521492,1,0,0.0,0.0
9607837224662,1,0,1.0,0.0
71723452703922,1,0,0.0,0.0
122230158617865,1,0,0.0,0.0
81911214859337,1,0,1.0,0.0
216152182339859,1,0,0.0,0.0
223435569101779,1,0,0.0,0.0
29336279229349,1,0,0.0,0.0
36473576829805,1,0,0.0,0.0
91675628479063,1,0,0.0,0.0
47538272279386,1,0,0.0,0.0
110270295012002,1,0,1.0,0.0
103215510731301,1,0,1.0,0.0
280280334998144,1,0,0.0,0.0
176814465800927,1,0,1.0,0.0
275239292610322,1,0,0.0,0.0
188745820632129,1,0,0.0,0.0
270032981540328,1,0,0.0,0.0
125935753111957,1,0,1.0,0.0
140671703462500,1,0,0.0,0.0
19447043153772,1,0,0.0,1.0
102272192093974,1,0,1.0,0.0
263542618622392,1,0,0.0,0.0
95183617198534,1,0,1.0,0.0
207436304783678,1,0,1.0,0.0
6859238504816,1,0,0.0,0.0
37650268416389,1,0,1.0,0.0
180131242812275,1,0,0.0,0.0
121554462848113,1,0,0.0,0.0
232107925917875,1,0,0.0,0.0
14485876435491,1,0,0.0,0.0
215969337512646,1,0,0.0,0.0
7523570060611,1,0,0.0,0.0
181514009318603,1,0,0.0,0.0
93803567024527,1,0,0.0,0.0
216095412711385,1,0,0.0,0.0
173609157971294,1,0,0.0,0.0
35081030932730,1,0,0.0,0.0
142213649656369,1,0,0.0,0.0
273858953663308,1,0,0.0,0.0
136706554184150,1,0,0.0,0.0
87616367195996,1,0,0.0,0.0
97551836425938,1,0,1.0,0.0
137996743720852,1,0,0.0,0.0
124155238665206,1,0,1.0,0.0
687482356036,1,0,0.0,0.0
122749665788370,1,0,1.0,0.0
224068883538135,1,0,0.0,0.0
20601149650449,1,0,0.0,0.0
212297061589607,1,0,0.0,0.0
225420739811510,1,0,0.0,0.0
190672654068045,1,0,0.0,0.0
196796573705077,1,0,1.0,0.0
111944214649297,1,0,1.0,0.0
132171843984577,1,0,0.0,0.0
75113946659266,1,0,0.0,0.0
135503471159705,1,0,0.0,0.0
269963148607181,1,0,0.0,0.0
78444819478966,1,0,1.0,0.0
2460499892258,1,0,0.0,0.0
227421926553223,1,0,0.0,0.0
68042688881056,1,0,0.0,0.0
198064790141132,1,0,1.0,0.0
30505401650084,1,0,0.0,0.0
28083698124462,1,0,0.0,0.0
7055609249447,1,0,1.0,0.0
211605118798063,1,0,1.0,0.0
56711313831295,1,0,0.0,0.0
241268465378398,1,0,0.0,0.0
54441147255612,1,0,0.0,0.0
125491746738597,1,0,0.0,0.0
179697333867179,1,0,1.0,0.0
196314745962304,1,0,0.0,0.0
169727426718057,1,0,1.0,0.0
191074226864995,1,0,1.0,0.0
109687891023668,1,0,1.0,0.0
247504779686294,1,0,1.0,0.0
28310655563001,1,0,1.0,0.0
5947652738666,1,0,0.0,0.0
46036414604879,1,0,0.0,0.0
246831820259741,1,0,0.0,0.0
5313139629231,1,0,0.0,0.0
55961306044320,1,0,1.0,0.0
228758278472647,1,0,0.0,0.0
97125640762352,1,0,1.0,0.0
116711782377237,1,0,0.0,0.0
269622849223903,1,0,1.0,0.0
46522980421342,1,0,0.0,0.0
187474397890197,1,0,0.0,0.0
155053276606693,1,0,0.0,0.0
204524410173068,1,0,1.0,0.0
658126335294,1,0,1.0,0.0
58112683634911,1,0,0.0,0.0
185833941546962,1,0,1.0,0.0
112807347961218,1,0,0.0,0.0
63970758414533,1,0,0.0,0.0
66516488425405,1,0,1.0,0.0
178567482557973,1,0,0.0,0.0
162262779883799,1,0,0.0,0.0
191826600521092,1,0,0.0,0.0
261249607365254,1,0,1.0,0.0
135492689866575,1,0,0.0,0.0
7833028569492,1,0,0.0,0.0
250208315795696,1,0,1.0,0.0
144301665156824,1,0,1.0,0.0
20780568364367,1,0,0.0,0.0
243452559184062,1,0,0.0,0.0
34402145049448,1,0,0.0,0.0
209109905121706,1,0,1.0,0.0
73409134999536,1,0,0.0,0.0
263659579933331,1,0,0.0,0.0
86479655404634,1,0,1.0,0.0
19493773013317,1,0,0.0,0.0
27784503934834,1,0,0.0,0.0
256291690582385,1,0,0.0,0.0
3009204510936,1,0,0.0,0.0
95882909632874,1,0,1.0,0.0
136635498253893,1,0,0.0,0.0
71079965135433,1,0,0.0,0.0
147284503009308,1,0,0.0,0.0
87092404007622,1,0,0.0,0.0
263290563974798,1,0,1.0,0.0
227893179815192,1,0,1.0,0.0
47842780921754,1,0,1.0,0.0
64657792483344,1,0,1.0,0.0
251527701740201,1,0,0.0,0.0
94848806358800,1,0,1.0,0.0
82258832263473,1,0,1.0,0.0
164174446342855,1,0,0.0,0.0
269860191345776,1,0,0.0,0.0
178756119443328,1,0,1.0,0.0
30820025935381,1,0,0.0,0.0
73027885300546,1,0,0.0,0.0
83794345595186,1,0,0.0,0.0
202594143332934,1,0,0.0,0.0
187487108722282,1,0,0.0,0.0
110628141760690,1,0,1.0,0.0
146654929371958,1,0,1.0,0.0
168854575154690,1,0,0.0,0.0
75299064128357,1,0,1.0,0.0
167750822736084,1,0,1.0,0.0
79493367638758,1,0,0.0,0.0
128083735743250,1,0,1.0,0.0
264918472780197,1,0,1.0,0.0
80202323137127,1,0,0.0,0.0
136409011513332,1,0,0.0,0.0
249129157132924,1,0,1.0,0.0
245805741123716,1,0,0.0,0.0
143777074607154,1,0,0.0,0.0
245227034583962,1,0,1.0,0.0
11705051017308,1,0,0.0,0.0
209643040302734,1,0,0.0,0.0
155968753735527,1,0,0.0,0.0
130119881872230,1,0,1.0,0.0
198895012047585,1,0,0.0,0.0
174985029178739,1,0,1.0,0.0
11509681243494,1,0,0.0,0.0
61209396012359,1,0,0.0,0.0
4788061940373,1,0,1.0,0.0
227370391529710,1,0,0.0,0.0
57873842266384,1,0,1.0,0.0
210275287760644,1,0,0.0,0.0
6384695522897,1,0,0.0,0.0
176533907441615,1,0,0.0,0.0
223153668719317,1,0,0.0,0.0
241342559586466,1,0,0.0,0.0
108459963376494,1,0,0.0,0.0
57821403722430,1,0,0.0,0.0
9888732444988,1,0,0.0,0.0
150565290537248,1,0,1.0,0.0
174289330863199,1,0,0.0,0.0
270896127431925,1,0,1.0,0.0
28144709962967,1,0,1.0,0.0
219105214549984,1,0,1.0,0.0
102338830256760,1,0,0.0,0.0
160826187890197,1,0,0.0,0.0
133528712795699,1,0,0.0,0.0
165909263276671,1,0,1.0,0.0
162269350292782,1,0,1.0,0.0
111301938315939,1,0,0.0,0.0
177409380272283,1,0,1.0,0.0
80089841857131,1,0,0.0,0.0
250520108816468,1,0,1.0,0.0
203759416616563,1,0,1.0,0.0
143591035406202,1,0,0.0,0.0
46661131525118,1,0,0.0,0.0
226108720377019,1,0,1.0,0.0
188152048606579,1,0,0.0,0.0
104315651577288,1,0,0.0,0.0
187226784032107,1,0,1.0,0.0
33658976856735,1,0,0.0,0.0
84075409749954,1,0,1.0,0.0
108869910518195,1,0,0.0,0.0
50325151810807,1,0,0.0,0.0
17986297056846,1,0,1.0,0.0
128790728769143,1,0,0.0,0.0
257469140961671,1,0,0.0,0.0
77787558954840,1,0,1.0,0.0
111001271301025,1,0,0.0,0.0
4765028338025,1,0,0.0,0.0
90164437268354,1,0,0.0,0.0
41182398657362,1,0,1.0,0.0
43775114206525,1,0,1.0,0.0
170741607533774,1,0,0.0,0.0
158106550506088,1,0,1.0,0.0
209077854069837,1,0,0.0,0.0
172638523614745,1,0,0.0,0.0
171886004387872,1,0,1.0,0.0
177073256581703,1,0,0.0,0.0
17086504924494,1,0,1.0,0.0
49910373903415,1,0,1.0,0.0
61216561597514,1,0,0.0,0.0
170534300073446,1,0,0.0,0.0
115481037815495,1,0,0.0,0.0
166403309889724,1,0,1.0,0.0
15906428306694,1,0,0.0,0.0
253221137277721,1,0,0.0,0.0
16387996942050,1,0,1.0,0.0
79364332385381,1,0,1.0,0.0
14881608902835,1,0,0.0,0.0
220245061205766,1,0,0.0,0.0
87132691053335,1,0,1.0,0.0
265941456618092,1,0,1.0,0.0
265378503732562,1,0,0.0,0.0
21995284730012,1,0,0.0,0.0
236670506995798,1,0,0.0,0.0
174545778025324,1,0,1.0,0.0
87720634667754,1,0,0.0,0.0
273217029847709,1,0,0.0,0.0
280803625440123,1,0,0.0,0.0
82089435370347,1,0,1.0,0.0
153306467792569,1,0,0.0,0.0
212749323854277,1,0,0.0,0.0
222329328152796,1,0,0.0,0.0
145034774379044,1,0,0.0,0.0
57530277810861,1,0,0.0,0.0
237787471697060,1,0,0.0,0.0
36446353246662,1,0,0.0,0.0
197661450739247,1,0,0.0,0.0
135603372719975,1,0,0.0,0.0
222920922484433,1,0,0.0,0.0
234090252941585,1,0,0.0,0.0
21084651253584,1,0,1.0,0.0
227519558539250,1,0,0.0,1.0
200535652075297,1,0,0.0,0.0
191195174907778,1,0,1.0,0.0
248900526610135,1,0,1.0,0.0
7736780763518,1,0,1.0,0.0
11965427311281,1,0,0.0,0.0
197461918834719,1,0,1.0,0.0
37823744910881,1,0,1.0,0.0
5727601372204,1,0,0.0,0.0
180642804168593,1,0,1.0,0.0
103221068710954,1,0,0.0,0.0
92991159517115,1,0,1.0,0.0
18705645425262,1,0,0.0,0.0
96129383188026,1,0,0.0,0.0
217195070414619,1,0,0.0,0.0
5547079773725,1,0,0.0,0.0
83658187923909,1,0,1.0,0.0
120765008718160,1,0,1.0,0.0
217089473711115,1,0,1.0,0.0
259626273705952,1,0,0.0,0.0
33694723951051,1,0,0.0,0.0
28171380768958,1,0,0.0,0.0
80416294389290,1,0,1.0,0.0
280810702332192,1,0,1.0,0.0
53855453068500,1,0,0.0,0.0
35719842841835,1,0,0.0,0.0
228827625615195,1,0,1.0,0.0
129790244482659,1,0,0.0,0.0
224007735971972,1,0,1.0,0.0
185717696063819,1,0,1.0,0.0
268914937041804,1,0,1.0,0.0
278063361706320,1,0,1.0,0.0
201335713920493,1,0,1.0,0.0
216859918838753,1,0,1.0,0.0
11458391876985,1,0,0.0,0.0
195734844085829,1,0,0.0,0.0
243477718577488,1,0,0.0,0.0
50945865696391,1,0,0.0,0.0
262222704352778,1,0,1.0,0.0
242886671237526,1,0,1.0,0.0
273353604354277,1,0,0.0,0.0
116617797744055,1,0,0.0,0.0
52694595020104,1,0,0.0,0.0
226805432348995,1,0,0.0,0.0
188841895976709,1,0,0.0,0.0
187508449566941,1,0,1.0,0.0
245615748710936,1,0,1.0,0.0
275391915804445,1,0,0.0,0.0
59752359705225,1,0,0.0,0.0
207004766748337,1,0,0.0,0.0
276323911495817,1,0,0.0,0.0
157970237402497,1,0,1.0,0.0
256308815633029,1,0,0.0,0.0
140654464160257,1,0,0.0,0.0
176816275542741,1,0,0.0,0.0
168803087957054,1,0,0.0,0.0
143693659452605,1,0,1.0,0.0
153990495172956,1,0,1.0,0.0
262869081612262,1,0,0.0,0.0
196593896365806,1,0,0.0,0.0
116090280183417,1,0,0.0,0.0
172019022672343,1,0,1.0,0.0
145539402126784,1,0,1.0,0.0
126804785748076,1,0,0.0,0.0
101343768001826,1,0,1.0,0.0
21762025675002,1,0,1.0,0.0
172538211542029,1,0,1.0,0.0
175233142103341,1,0,0.0,0.0
121920997325567,1,0,0.0,0.0
29940633239739,1,0,0.0,0.0
81996249730778,1,0,0.0,0.0
272741344760815,1,0,0.0,0.0
9727339753854,1,0,1.0,0.0
257537994069959,1,0,0.0,0.0
85491008099516,1,0,1.0,0.0
52297554690097,1,0,1.0,0.0
138510044467358,1,0,0.0,0.0
165336123149166,1,0,0.0,0.0
147669142323764,1,0,0.0,0.0
159985821089251,1,0,0.0,0.0
137005556017300,1,0,0.0,0.0
281166708020023,1,0,0.0,0.0
155363850706471,1,0,1.0,0.0
253401079372182,1,0,1.0,0.0
235253824372041,1,0,0.0,0.0
162990092317383,1,0,0.0,0.0
157331145987337,1,0,0.0,0.0
204939099881601,1,0,1.0,0.0
33402340727336,1,0,1.0,0.0
137018365790122,1,0,1.0,0.0
69214212887051,1,0,1.0,0.0
111377316816136,1,0,1.0,0.0
220231655126810,1,0,1.0,0.0
114109819972353,1,0,1.0,0.0
125927804631152,1,0,1.0,0.0
16350839229438,1,0,0.0,0.0
6903916755333,1,0,0.0,0.0
116110516600420,1,0,1.0,0.0
32981929941506,1,0,1.0,0.0
23097467358971,1,0,1.0,0.0
134266912495987,1,0,0.0,0.0
196136731465935,1,0,1.0,0.0
154392163174212,1,0,0.0,0.0
81288744606643,1,0,0.0,0.0
142284557908838,1,0,0.0,1.0
160603473511470,1,0,0.0,0.0
22221990491490,1,0,0.0,0.0
122262665250716,1,0,0.0,0.0
226345245751789,1,0,0.0,0.0
99791976615481,1,0,1.0,0.0
175752643205830,1,0,1.0,0.0
36200846085355,1,0,0.0,0.0
4218051276270,1,0,0.0,0.0
223882637332260,1,0,0.0,0.0
73520935991565,1,0,1.0,0.0
53099915314534,1,0,1.0,0.0
124497154483895,1,0,1.0,0.0
210348893680742,1,0,1.0,0.0
32080171054182,1,0,1.0,0.0
90491706821980,1,0,0.0,0.0
135064854531239,1,0,1.0,0.0
164977596061420,1,0,1.0,0.0
151423905138022,1,0,0.0,0.0
5241036466357,1,0,1.0,0.0
175789446322243,1,0,0.0,0.0
222916264374073,1,0,1.0,0.0
26118139200612,1,0,0.0,0.0
22494207731675,1,0,0.0,0.0
128891681927756,1,0,0.0,0.0
165422120583516,1,0,0.0,0.0
135177636532571,1,0,1.0,0.0
152209626883937,1,0,1.0,0.0
233791796824354,1,0,0.0,0.0
250655463391606,1,0,0.0,0.0
169674523218197,1,0,0.0,0.0
40970219456268,1,0,1.0,0.0
114666327475562,1,0,0.0,0.0
70939681167449,1,0,1.0,0.0
246231932752576,1,0,0.0,0.0
31718995314595,1,0,1.0,0.0
101796452163156,1,0,0.0,0.0
234544394150379,1,0,0.0,0.0
183578898363248,1,0,0.0,0.0
15678587062792,1,0,0.0,0.0
211894438507956,1,0,0.0,0.0
261705438921509,1,0,0.0,0.0
27902154073479,1,0,0.0,0.0
126815186147994,1,0,0.0,0.0
207933867171258,1,0,0.0,0.0
163894140834765,1,0,0.0,0.0
204359773614992,1,0,1.0,0.0
174776561250318,1,0,0.0,0.0
42356364348186,1,0,0.0,0.0
177553412934121,1,0,1.0,0.0
108385166608704,1,0,1.0,0.0
222649295076237,1,0,0.0,0.0
255820018649052,1,0,0.0,0.0
240897030621907,1,0,1.0,0.0
148040747408666,1,0,1.0,0.0
30707621281366,1,0,1.0,0.0
162640933837413,1,0,1.0,0.0
232417557031443,1,0,1.0,0.0
170831041304495,1,0,0.0,0.0
266015597902807,1,0,1.0,0.0
14030370385967,1,0,0.0,0.0
41948202463640,1,0,0.0,0.0
12610776467185,1,0,1.0,0.0
219806613211111,1,0,1.0,0.0
164419791851886,1,0,0.0,0.0
58330582286957,1,0,0.0,0.0
58473313749645,1,0,0.0,0.0
196560226996614,1,0,0.0,0.0
113861029337002,1,0,0.0,0.0
258600399193097,1,0,1.0,0.0
206926320088903,1,0,1.0,0.0
159522741979240,1,0,1.0,0.0
228173431326157,1,0,0.0,0.0
96064916159941,1,0,1.0,0.0
117949599974209,1,0,0.0,0.0
31312609829003,1,0,1.0,0.0
226348496951893,1,0,1.0,0.0
59446711544290,1,0,0.0,0.0
146097184370037,1,0,0.0,0.0
55261267238643,1,0,0.0,0.0
257233637315934,1,0,0.0,0.0
25592880983599,1,0,1.0,0.0
236798532656966,1,0,1.0,0.0
169470232587203,1,0,0.0,0.0
86077116340710,1,0,0.0,0.0
109669446812172,1,0,1.0,0.0
252692748891612,1,0,1.0,0.0
8410954545458,1,0,1.0,0.0
59195312725549,1,0,1.0,0.0
34430854135603,1,0,0.0,0.0
270805244560980,1,0,1.0,0.0
256999728206826,1,0,1.0,0.0
200455921875515,1,0,0.0,0.0
262371570913685,1,0,0.0,0.0
145698865469126,1,0,1.0,0.0
87200106510686,1,0,0.0,0.0
199602419868627,1,0,1.0,0.0
211891488720890,1,0,0.0,0.0
80209407271784,1,0,0.0,0.0
16136022095230,1,0,0.0,0.0
26006364828686,1,0,1.0,0.0
243206386939079,1,0,0.0,0.0
157500917306373,1,0,1.0,0.0
148418735298191,1,0,0.0,0.0
43430917481800,1,0,0.0,0.0
225862732644391,1,0,1.0,0.0
107208702166896,1,0,0.0,0.0
280768488767585,1,0,1.0,0.0
37718027673352,1,0,0.0,0.0
132448351146400,1,0,1.0,0.0
105549169998347,1,0,0.0,0.0
49881949183315,1,0,0.0,0.0
71286019469893,1,0,0.0,0.0
265585201560031,1,0,1.0,0.0
126312061870749,1,0,0.0,0.0
54735578062944,1,0,0.0,0.0
104263026672908,1,0,0.0,0.0
85967555858117,1,0,0.0,0.0
123321650084436,1,0,1.0,0.0
107292593319347,1,0,0.0,0.0
147627536701304,1,0,0.0,0.0
139290123533155,1,0,1.0,0.0
168285925774888,1,0,0.0,0.0
32484635425524,1,0,0.0,0.0
50651377746418,1,0,0.0,0.0
6142165192917,1,0,0.0,0.0
156645813221840,1,0,0.0,0.0
134061646142154,1,0,0.0,0.0
212262003360175,1,0,1.0,0.0
179763070673589,1,0,0.0,0.0
275800404429309,1,0,1.0,0.0
71502358302068,1,0,0.0,0.0
155019909933629,1,0,1.0,0.0
113841056113561,1,0,0.0,0.0
233515257994467,1,0,1.0,0.0
79085362950189,1,0,0.0,0.0
208885033871228,1,0,0.0,0.0
180147874799834,1,0,0.0,0.0
57252433409516,1,0,0.0,1.0
177664735655090,1,0,1.0,0.0
154803564190329,1,0,1.0,0.0
166489048052178,1,0,1.0,0.0
122701069220684,1,0,1.0,0.0
31093201181138,1,0,0.0,0.0
109475857301825,1,0,1.0,0.0
50743496334967,1,0,0.0,0.0
190014947647331,1,0,0.0,0.0
56499525584989,1,0,0.0,0.0
274098355298185,1,0,0.0,0.0
219470273724967,1,0,1.0,0.0
146693860695420,1,0,1.0,0.0
21465471702394,1,0,0.0,0.0
229027957233484,1,0,1.0,0.0
170250103687743,1,0,1.0,0.0
140677937575598,1,0,0.0,0.0
57537288154323,1,0,0.0,0.0
176366952718934,1,0,0.0,0.0
213426474154474,1,0,0.0,0.0
115619375976122,1,0,0.0,0.0
161788336114277,1,0,1.0,0.0
271123772772525,1,0,0.0,0.0
118084494398868,1,0,0.0,0.0
209143035084809,1,0,0.0,0.0
262614068411708,1,0,1.0,0.0
251765660064879,1,0,0.0,0.0
73094888597729,1,0,1.0,0.0
73630648302313,1,0,1.0,0.0
4996691603761,1,0,0.0,0.0
26350557329632,1,0,0.0,0.0
28600009600607,1,0,1.0,0.0
201033324490867,1,0,0.0,0.0
253644008789337,1,0,0.0,0.0
37875452365450,1,0,0.0,0.0
227685042462848,1,0,0.0,0.0
240320730030203,1,0,0.0,0.0
100945052017845,1,0,1.0,0.0
119371707338401,1,0,1.0,0.0
86088510186625,1,0,0.0,0.0
96189576534446,1,0,0.0,0.0
55324834574648,1,0,0.0,0.0
258658568641676,1,0,0.0,0.0
224221731779431,1,0,0.0,0.0
112273684856339,1,0,1.0,0.0
171785295686772,1,0,1.0,0.0
157008384082697,1,0,1.0,0.0
262705923972163,1,0,1.0,0.0
212904733882363,1,0,0.0,0.0
74265631401359,1,0,0.0,0.0
53730368041361,1,0,0.0,0.0
232579751158035,1,0,1.0,0.0
264864480304614,1,0,1.0,0.0
41744789942715,1,0,1.0,0.0
267112744178328,1,0,0.0,0.0
192884020543963,1,0,0.0,0.0
62365687237224,1,0,1.0,0.0
57661748355385,1,0,0.0,0.0
123621589500349,1,0,1.0,0.0
104837204485220,1,0,1.0,0.0
182360560795326,1,0,0.0,0.0
3865250568007,1,0,1.0,0.0
95164586203098,1,0,0.0,0.0
171316748225570,1,0,1.0,0.0
250475870207972,1,0,1.0,0.0
138806380108764,1,0,0.0,0.0
177949464452432,1,0,0.0,0.0
15437316842741,1,0,0.0,0.0
152920029397841,1,0,1.0,0.0
14390040804953,1,0,1.0,0.0
7482471500401,1,0,0.0,0.0
40277849819222,1,0,0.0,0.0
275053036193199,1,0,1.0,0.0
83327656101222,1,0,0.0,0.0
201048780733067,1,0,0.0,0.0
203617655830924,1,0,1.0,0.0
210377202460064,1,0,0.0,0.0
99021203590439,1,0,0.0,0.0
12423169295641,1,0,1.0,0.0
175672683922335,1,0,0.0,0.0
249971785829623,1,0,0.0,0.0
140089689697383,1,0,1.0,0.0
159842990934298,1,0,0.0,0.0
273034513688740,1,0,0.0,0.0
22073570575665,1,0,0.0,0.0
121521254731318,1,0,0.0,0.0
102739493627123,1,0,1.0,0.0
32996823049023,1,0,1.0,0.0
253764603777005,1,0,0.0,0.0
66629703817379,1,0,1.0,0.0
215080142613750,1,0,0.0,0.0
155038404409162,1,0,0.0,0.0
73906568184979,1,0,0.0,0.0
50090869203262,1,0,0.0,0.0
183343465192190,1,0,1.0,0.0
278517045033442,1,0,0.0,0.0
75269254576799,1,0,1.0,0.0
168537234551014,1,0,0.0,0.0
68629728469913,1,0,1.0,0.0
98770875489215,1,0,0.0,0.0
224614537846277,1,0,1.0,0.0
206019239860876,1,0,1.0,0.0
75331044338125,1,0,0.0,0.0
107024383177071,1,0,0.0,0.0
9979936110964,1,0,1.0,0.0
189447850522962,1,0,0.0,0.0
4603053319033,1,0,1.0,0.0
139824174244783,1,0,1.0,0.0
262587101412237,1,0,0.0,0.0
57019791676879,1,0,0.0,0.0
268563176660123,1,0,0.0,0.0
42461831816452,1,0,0.0,0.0
267167101366445,1,0,1.0,0.0
109943564225912,1,0,1.0,0.0
280551934537774,1,0,0.0,0.0
74073915347361,1,0,0.0,0.0
213821527496404,1,0,0.0,0.0
56275558699210,1,0,1.0,0.0
15934481687540,1,0,0.0,0.0
198674391613099,1,0,1.0,0.0
193265738673600,1,0,0.0,0.0
13772256186592,1,0,1.0,0.0
63719123851670,1,0,1.0,0.0
123285482158536,1,0,1.0,0.0
119890220508213,1,0,0.0,0.0
35565666015492,1,0,1.0,0.0
258366724142416,1,0,1.0,0.0
265305048280008,1,0,0.0,0.0
98559166446363,1,0,0.0,0.0
193143631635032,1,0,0.0,0.0
173221011543735,1,0,1.0,0.0
117646707935793,1,0,1.0,0.0
84881855440584,1,0,0.0,0.0
256852096187449,1,0,1.0,0.0
210594207249447,1,0,0.0,0.0
4088041245112,1,0,1.0,0.0
259696172391333,1,0,0.0,0.0
257778394272411,1,0,0.0,0.0
154630861952804,1,0,1.0,0.0
163283984121282,1,0,1.0,0.0
211606876733848,1,0,1.0,0.0
259268380966799,1,0,0.0,0.0
91185525698165,1,0,1.0,0.0
120750696534768,1,0,0.0,0.0
226160550652225,1,0,0.0,0.0
89843703921123,1,0,1.0,0.0
177423965334962,1,0,1.0,0.0
177452434213566,1,0,0.0,0.0
86937454941322,1,0,0.0,0.0
24204923799373,1,0,1.0,0.0
254968515711532,1,0,0.0,0.0
201449653057920,1,0,1.0,0.0
2353859450798,1,0,1.0,0.0
42740464486852,1,0,0.0,0.0
201876300018577,1,0,0.0,0.0
41477655307707,1,0,1.0,0.0
170528933666871,1,0,0.0,0.0
209198935978552,1,0,1.0,0.0
261678324676658,1,0,0.0,0.0
204320058807513,1,0,1.0,0.0
264514886734612,1,0,0.0,0.0
280105012518998,1,0,0.0,0.0
49823820111019,1,0,0.0,0.0
265760045241384,1,0,0.0,0.0
242738090169995,1,0,1.0,0.0
204719603754790,1,0,1.0,0.0
130267233506258,1,0,1.0,0.0
4620587750034,1,0,0.0,0.0
83268887122645,1,0,0.0,0.0
271992332465251,1,0,1.0,0.0
6367767679709,1,0,0.0,0.0
219152237077942,1,0,0.0,0.0
38702607263833,1,0,0.0,0.0
184112515023951,1,0,0.0,0.0
232540632810409,1,0,1.0,0.0
196525219785792,1,0,1.0,0.0
274710614551042,1,0,0.0,0.0
21623598976592,1,0,0.0,0.0
37271337597493,1,0,0.0,0.0
213091048859782,1,0,1.0,0.0
178074488742541,1,0,0.0,0.0
57585730185263,1,0,0.0,0.0
272523152682708,1,0,0.0,0.0
98868559196030,1,0,0.0,0.0
100801189212647,1,0,0.0,0.0
52595917954434,1,0,1.0,0.0
15277606030909,1,0,1.0,0.0
195632534943321,1,0,0.0,1.0
245072506683676,1,0,0.0,0.0
174214112506894,1,0,0.0,0.0
262225036348914,1,0,0.0,0.0
129295134479968,1,0,1.0,0.0
271714465251287,1,0,1.0,0.0
138645302889311,1,0,0.0,0.0
99132590737714,1,0,1.0,0.0
230700060551840,1,0,0.0,0.0
182205636932578,1,0,0.0,0.0
118974946813760,1,0,1.0,0.0
39572320963227,1,0,0.0,0.0
40971994239118,1,0,0.0,0.0
272427517625485,1,0,0.0,0.0
45414232945002,1,0,0.0,0.0
211542498917555,1,0,1.0,0.0
261289177749386,1,0,0.0,0.0
164223497384480,1,0,1.0,0.0
267789907518320,1,0,0.0,0.0
125200586049178,1,0,0.0,0.0
224491545682361,1,0,0.0,0.0
46388205961771,1,0,0.0,0.0
171367807982410,1,0,0.0,0.0
15611561313486,1,0,1.0,0.0
261688326433629,1,0,0.0,0.0
190593038085299,1,0,0.0,0.0
55124444162389,1,0,1.0,0.0
22193227084941,1,0,0.0,0.0
70848639363346,1,0,1.0,0.0
44404914311167,1,0,0.0,0.0
158669844906599,1,0,1.0,0.0
268066216453548,1,0,1.0,0.0
25261530809926,1,0,1.0,0.0
121210512388659,1,0,1.0,0.0
215401422145229,1,0,0.0,0.0
14313082393828,1,0,0.0,0.0
82418827886248,1,0,0.0,0.0
266784947721687,1,0,0.0,0.0
66640590925714,1,0,0.0,0.0
183800842894442,1,0,1.0,0.0
201864190885587,1,0,1.0,0.0
51640411352317,1,0,1.0,0.0
228620363698447,1,0,0.0,0.0
18638174906044,1,0,0.0,0.0
152571153868134,1,0,0.0,0.0
22238693431557,1,0,0.0,0.0
281369396373223,1,0,0.0,0.0
118767722344841,1,0,0.0,0.0
227632314899004,1,0,0.0,0.0
139263336616226,1,0,0.0,0.0
124609256620744,1,0,1.0,0.0
101511971944053,1,0,0.0,0.0
56971987742136,1,0,0.0,0.0
147548327378376,1,0,0.0,0.0
44756641778387,1,0,0.0,0.0
206533974794612,1,0,0.0,0.0
101363572681009,1,0,0.0,0.0
107989274869858,1,0,1.0,0.0
74259958515385,1,0,1.0,0.0
204958177088717,1,0,0.0,0.0
171137142812199,1,0,0.0,0.0
46559641267381,1,0,0.0,0.0
266095639020638,1,0,1.0,0.0
10777270957114,1,0,1.0,0.0
242977190776589,1,0,1.0,0.0
79803452319569,1,0,0.0,0.0
225269662547763,1,0,0.0,0.0
264877469069143,1,0,0.0,0.0
89551754544039,1,0,0.0,0.0
97906432031374,1,0,1.0,0.0
64497350272982,1,0,0.0,0.0
43989706487601,1,0,0.0,0.0
56674826127879,1,0,1.0,0.0
254063466118027,1,0,0.0,0.0
160918328969893,1,0,1.0,0.0
116252735186323,1,0,1.0,0.0
127618529233700,1,0,1.0,0.0
221022197696125,1,0,1.0,0.0
230318446352079,1,0,0.0,0.0
27145004499995,1,0,1.0,0.0
261936914970670,1,0,0.0,0.0
128769897813040,1,0,0.0,0.0
97435908705410,1,0,0.0,0.0
148767799061098,1,0,0.0,0.0
231302186504237,1,0,0.0,0.0
30228085547300,1,0,1.0,0.0
94203908756316,1,0,0.0,0.0
65690390266400,1,0,0.0,0.0
124160151424533,1,0,1.0,0.0
132965251690316,1,0,0.0,0.0
24042846714743,1,0,1.0,0.0
195179904777379,1,0,0.0,0.0
260675915571558,1,0,0.0,0.0
14590273885661,1,0,0.0,0.0
168311909593025,1,0,0.0,0.0
131349873682610,1,0,1.0,0.0
109061503049016,1,0,1.0,0.0
214584281197629,1,0,0.0,0.0
243790547395850,1,0,0.0,0.0
103465915525785,1,0,1.0,0.0
26432874394304,1,0,1.0,0.0
242078332483604,1,0,0.0,0.0
96851993328807,1,0,1.0,0.0
176877424296099,1,0,1.0,0.0
175413774937941,1,0,1.0,0.0
44285231900635,1,0,0.0,0.0
39721918157613,1,0,1.0,0.0
45028186500982,1,0,1.0,0.0
15649805428063,1,0,0.0,0.0
183094335442980,1,0,1.0,0.0
82732405364964,1,0,1.0,0.0
35769975147503,1,0,0.0,0.0
131292439484557,1,0,1.0,0.0
171519254164597,1,0,1.0,0.0
11889485779040,1,0,1.0,0.0
254784033936933,1,0,0.0,0.0
130076113263424,1,0,0.0,0.0
178102018027111,1,0,0.0,0.0
196166163716136,1,0,0.0,0.0
169917849789502,1,0,1.0,0.0
71509101919867,1,0,1.0,0.0
153960591498143,1,0,0.0,0.0
172286010739986,1,0,0.0,0.0
179487827363344,1,0,0.0,0.0
144605107621245,1,0,0.0,0.0
257562364842087,1,0,0.0,0.0
3897937419248,1,0,1.0,0.0
52086960974932,1,0,1.0,0.0
72839062231452,1,0,0.0,0.0
164417451775172,1,0,1.0,0.0
162856454390085,1,0,0.0,1.0
80740433692783,1,0,1.0,0.0
140374941754250,1,0,0.0,0.0
27091607732595,1,0,0.0,0.0
51841753392435,1,0,0.0,0.0
26807228583099,1,0,0.0,0.0
170293619379070,1,0,1.0,0.0
111907879841624,1,0,0.0,0.0
110644887618278,1,0,0.0,0.0
222284358031910,1,0,0.0,0.0
268831848810760,1,0,0.0,0.0
258270838715899,1,0,0.0,0.0
12247431340932,1,0,0.0,1.0
23342694421894,1,0,1.0,0.0
151357092492798,1,0,0.0,0.0
181176731328834,1,0,1.0,0.0
67460680917156,1,0,0.0,0.0
43924912889808,1,0,1.0,0.0
43654782116836,1,0,1.0,0.0
270500866276103,1,0,1.0,0.0
215854623587721,1,0,1.0,0.0
102290108702070,1,0,1.0,0.0
271581349758414,1,0,0.0,0.0
235165123308154,1,0,1.0,0.0
137605602329752,1,0,1.0,0.0
222428331162014,1,0,0.0,0.0
35639570321054,1,0,0.0,0.0
166381253951942,1,0,0.0,0.0
223584772615433,1,0,0.0,0.0
18695693748848,1,0,0.0,0.0
108980710005427,1,0,0.0,0.0
5469961537797,1,0,1.0,0.0
153109324416184,1,0,0.0,0.0
203364489115055,1,0,1.0,0.0
39630158678220,1,0,0.0,0.0
180780864254803,1,0,0.0,0.0
189042531195903,1,0,0.0,0.0
174997113266100,1,0,1.0,0.0
104694606400726,1,0,1.0,0.0
225837456216340,1,0,1.0,0.0
109030147673698,1,0,1.0,0.0
149597438748519,1,0,1.0,0.0
137443158625423,1,0,1.0,0.0
235112596925075,1,0,0.0,0.0
81578498792880,1,0,1.0,0.0
119594482315086,1,0,0.0,0.0
113830580413559,1,0,0.0,0.0
232911598482244,1,0,0.0,0.0
256563789632385,1,0,1.0,0.0
104837823285772,1,0,0.0,0.0
234808930732781,1,0,0.0,0.0
252611928712319,1,0,1.0,0.0
279580256051937,1,0,0.0,0.0
124899115172708,1,0,0.0,0.0
215022743573657,1,0,0.0,0.0
278113620552319,1,0,0.0,1.0
171526313683192,1,0,0.0,0.0
60493000403947,1,0,0.0,0.0
174084376608724,1,0,1.0,0.0
140503034331831,1,0,1.0,0.0
214110975972927,1,0,0.0,0.0
82741684603588,1,0,1.0,0.0
261952564234780,1,0,1.0,0.0
65155598709554,1,0,1.0,0.0
229189138041432,1,0,0.0,0.0
70871534271129,1,0,0.0,0.0
193153795419835,1,0,0.0,0.0
93639744144704,1,0,1.0,0.0
141057814165982,1,0,0.0,0.0
198362355689742,1,0,0.0,1.0
106002371525032,1,0,1.0,0.0
108322507842585,1,0,0.0,0.0
185564105263850,1,0,1.0,0.0
210213531009267,1,0,0.0,0.0
167701096463461,1,0,0.0,0.0
172689598907942,1,0,0.0,0.0
76786504893719,1,0,0.0,0.0
141865171788020,1,0,1.0,0.0
251839790519960,1,0,0.0,0.0
228157778309672,1,0,1.0,0.0
143967918203774,1,0,1.0,0.0
77651488640718,1,0,1.0,0.0
122954164533032,1,0,1.0,0.0
136634043962338,1,0,0.0,0.0
249240665146089,1,0,1.0,0.0
70709630211388,1,0,1.0,0.0
91923685255631,1,0,1.0,0.0
188791026461092,1,0,0.0,0.0
66865066754540,1,0,0.0,0.0
66915642762524,1,0,1.0,0.0
121356355930008,1,0,0.0,0.0
83060266411795,1,0,0.0,0.0
184815777711354,1,0,0.0,0.0
141591729822014,1,0,0.0,0.0
242302193513342,1,0,1.0,0.0
269174771437824,1,0,0.0,0.0
54541495298113,1,0,0.0,0.0
44272012705874,1,0,0.0,0.0
233178059375786,1,0,0.0,0.0
160145369270403,1,0,0.0,0.0
172898792198669,1,0,0.0,0.0
165311198591279,1,0,0.0,0.0
85803492506887,1,0,1.0,0.0
77550579412057,1,0,1.0,0.0
76007270203084,1,0,1.0,0.0
153731641520686,1,0,1.0,0.0
179029678459406,1,0,1.0,0.0
98818113946047,1,0,0.0,0.0
209836457448038,1,0,1.0,0.0
44059463615475,1,0,0.0,0.0
91506581799596,1,0,0.0,0.0
248779565685268,1,0,0.0,0.0
110204012818122,1,0,0.0,0.0
245536148706073,1,0,0.0,0.0
255600456594941,1,0,0.0,0.0
83518824527792,1,0,1.0,0.0
52637555779851,1,0,0.0,0.0
183595860000112,1,0,1.0,0.0
196511629628683,1,0,0.0,0.0
269397106402172,1,0,0.0,0.0
155780304446949,1,0,0.0,0.0
183183659928947,1,0,1.0,0.0
201575985473450,1,0,1.0,0.0
161778290570683,1,0,0.0,0.0
119700766445594,1,0,0.0,0.0
129140214413952,1,0,0.0,0.0
72044729822507,1,0,0.0,0.0
57877569501555,1,0,0.0,0.0
50114512858382,1,0,0.0,0.0
58580940934326,1,0,0.0,0.0
158438075626016,1,0,1.0,0.0
65525754660824,1,0,0.0,1.0
134863940026827,1,0,1.0,0.0
206671399831940,1,0,0.0,0.0
31277010188251,1,0,1.0,0.0
232474429044693,1,0,0.0,0.0
2664820248431,1,0,0.0,0.0
148614642707787,1,0,1.0,0.0
190317041937309,1,0,0.0,0.0
278239883043311,1,0,1.0,0.0
130668883854604,1,0,0.0,0.0
67951148633112,1,0,1.0,0.0
203648243386584,1,0,1.0,0.0
168035058171241,1,0,1.0,0.0
198441879690516,1,0,0.0,0.0
199299463849400,1,0,1.0,0.0
33904115806358,1,0,1.0,0.0
6209135084321,1,0,1.0,0.0
114528673214297,1,0,1.0,0.0
244404773463639,1,0,0.0,0.0
247156216421789,1,0,1.0,0.0
190455535507518,1,0,0.0,0.0
270169532491515,1,0,0.0,0.0
19067880780675,1,0,0.0,0.0
15575538855167,1,0,0.0,0.0
184118013738588,1,0,0.0,0.0
103251846957349,1,0,1.0,0.0
4758846903790,1,0,0.0,0.0
11284451395139,1,0,0.0,0.0
37905836375802,1,0,1.0,0.0
8895955228377,1,0,0.0,0.0
74707338316880,1,0,0.0,1.0
22199843336260,1,0,1.0,0.0
84810926548259,1,0,0.0,0.0
245021440295739,1,0,0.0,0.0
93444795577663,1,0,1.0,0.0
249871297935170,1,0,1.0,0.0
50252874890314,1,0,0.0,0.0
218277996254667,1,0,0.0,0.0
199776428486272,1,0,0.0,0.0
259438053236396,1,0,1.0,0.0
73039653620438,1,0,1.0,0.0
247580604865951,1,0,0.0,0.0
278909903741801,1,0,1.0,0.0
28916759481392,1,0,0.0,0.0
108890186261604,1,0,0.0,0.0
131938942573167,1,0,0.0,0.0
200579568611515,1,0,0.0,0.0
252522782277847,1,0,0.0,0.0
170415726682848,1,0,1.0,0.0
190410512157683,1,0,1.0,0.0
99440055964742,1,0,0.0,0.0
203247156993441,1,0,0.0,0.0
254814755463796,1,0,1.0,0.0
4494323910142,1,0,0.0,0.0
171653552445114,1,0,1.0,0.0
109677593227000,1,0,0.0,0.0
255112230322587,1,0,1.0,0.0
68319575835150,1,0,1.0,0.0
176652937335844,1,0,1.0,0.0
241015251833881,1,0,0.0,0.0
213413003366666,1,0,0.0,0.0
220251142636764,1,0,0.0,0.0
67488708317324,1,0,1.0,0.0
93133984574588,1,0,1.0,0.0
248592661765605,1,0,1.0,0.0
252881118088523,1,0,0.0,0.0
256768913598671,1,0,0.0,0.0
10208233348066,1,0,0.0,0.0
233997994309643,1,0,1.0,0.0
18848612008359,1,0,1.0,0.0
265514531131568,1,0,0.0,0.0
9934489571067,1,0,1.0,0.0
21100770633980,1,0,1.0,0.0
46337453612469,1,0,1.0,0.0
631975176149,1,0,0.0,0.0
198117542519873,1,0,0.0,0.0
33952644576397,1,0,1.0,0.0
97725226292210,1,0,1.0,0.0
160439413756497,1,0,1.0,0.0
26772162345024,1,0,0.0,0.0
47158511938081,1,0,0.0,0.0
99747121169186,1,0,0.0,0.0
259571404192141,1,0,1.0,0.0
255125440570931,1,0,0.0,0.0
33304963701385,1,0,0.0,0.0
185527198334892,1,0,1.0,0.0
67349491076557,1,0,1.0,0.0
169654320637481,1,0,0.0,0.0
102168017063973,1,0,0.0,0.0
76836129431336,1,0,1.0,0.0
159667284918608,1,0,0.0,0.0
170872374068201,1,0,1.0,0.0
115016665103481,1,0,0.0,0.0
54801678876430,1,0,1.0,0.0
184809564982108,1,0,0.0,0.0
114146636216714,1,0,0.0,0.0
119739271327883,1,0,0.0,1.0
112149389304137,1,0,1.0,0.0
218643627339020,1,0,0.0,0.0
34261163508173,1,0,0.0,0.0
89484792859997,1,0,0.0,0.0
19275224910182,1,0,0.0,0.0
192781182812299,1,0,1.0,0.0
38860975999214,1,0,1.0,0.0
135173788188321,1,0,0.0,0.0
68922519787167,1,0,1.0,0.0
268300635621859,1,0,0.0,0.0
38035918939192,1,0,0.0,0.0
134446352338237,1,0,1.0,0.0
28746671833784,1,0,1.0,0.0
173057371785967,1,0,1.0,0.0
32251913385575,1,0,1.0,0.0
170643526672351,1,0,0.0,0.0
207624303462850,1,0,1.0,0.0
12536353275638,1,0,1.0,0.0
136897254057304,1,0,0.0,0.0
84446308543042,1,0,0.0,0.0
26632426940433,1,0,0.0,0.0
14935374395774,1,0,1.0,0.0
134380453621437,1,0,0.0,0.0
254498168761452,1,0,0.0,0.0
260764220024022,1,0,0.0,0.0
186280428950621,1,0,1.0,0.0
258933832990409,1,0,0.0,0.0
6832206520752,1,0,1.0,0.0
194910411548096,1,0,0.0,0.0
188702325462097,1,0,0.0,0.0
1913294913964,1,0,1.0,0.0
8809320794758,1,0,0.0,0.0
74801428216392,1,0,0.0,0.0
140762058316318,1,0,0.0,0.0
85295623114623,1,0,1.0,0.0
41660106108192,1,0,0.0,0.0
135318329006714,1,0,1.0,0.0
97141933435019,1,0,1.0,0.0
69102968507470,1,0,0.0,0.0
15499232110811,1,0,1.0,0.0
180296162449769,1,0,0.0,0.0
237343203305677,1,0,0.0,0.0
45569197863756,1,0,0.0,0.0
204941531306014,1,0,1.0,0.0
159504806844647,1,0,0.0,0.0
229548292546166,1,0,1.0,0.0
163194600217916,1,0,0.0,0.0
169686255013793,1,0,1.0,0.0
197562568831406,1,0,0.0,0.0
230209943884661,1,0,0.0,0.0
258640255295835,1,0,1.0,0.0
266225967221823,1,0,1.0,0.0
50025595307426,1,0,0.0,0.0
152865289725107,1,0,0.0,0.0
131405475076820,1,0,1.0,0.0
254917239305880,1,0,0.0,0.0
67330682092592,1,0,1.0,0.0
235598049568675,1,0,1.0,0.0
147851954785019,1,0,1.0,0.0
249663248471139,1,0,0.0,0.0
196807397844976,1,0,1.0,0.0
165229633475070,1,0,0.0,0.0
74046798149502,1,0,1.0,0.0
173853543739507,1,0,0.0,0.0
75929144290299,1,0,0.0,0.0
255854118103590,1,0,1.0,0.0
197654268025477,1,0,1.0,0.0
123597550895979,1,0,1.0,0.0
69623259918668,1,0,1.0,0.0
53056441073520,1,0,1.0,0.0
104018485083393,1,0,0.0,0.0
83009187852449,1,0,0.0,0.0
59865176423062,1,0,1.0,0.0
222231192208688,1,0,0.0,0.0
188544693576063,1,0,0.0,0.0
117615297393953,1,0,0.0,0.0
186606711050066,1,0,1.0,0.0
65183022118024,1,0,0.0,0.0
106641343481847,1,0,0.0,0.0
160149072255320,1,0,0.0,1.0
31210906430922,1,0,1.0,0.0
233420767802782,1,0,1.0,0.0
214197128885281,1,0,0.0,0.0
26728303387699,1,0,1.0,0.0
118148660598387,1,0,1.0,0.0
175242892636611,1,0,0.0,0.0
100053880785102,1,0,0.0,0.0
140611168450469,1,0,1.0,0.0
242588161452506,1,0,0.0,0.0
183624801335708,1,0,0.0,0.0
223905543298222,1,0,1.0,0.0
204089988220612,1,0,1.0,0.0
10786380358302,1,0,0.0,0.0
133024147408945,1,0,0.0,0.0
262905417255403,1,0,1.0,0.0
257038909875668,1,0,1.0,0.0
172234951588946,1,0,1.0,0.0
208778160832379,1,0,1.0,0.0
159853070870604,1,0,0.0,0.0
236399942700119,1,0,0.0,0.0
128086369766776,1,0,0.0,0.0
89606016353173,1,0,1.0,0.0
279382940192230,1,0,0.0,0.0
79300915088060,1,0,0.0,0.0
95614290350430,1,0,0.0,0.0
118948628184193,1,0,0.0,0.0
20835441401605,1,0,0.0,1.0
7388028451864,1,0,0.0,0.0
209202422056814,1,0,1.0,0.0
12711684834703,1,0,0.0,0.0
219975282789989,1,0,0.0,0.0
176449519377597,1,0,0.0,0.0
58767146322909,1,0,0.0,0.0
236461782209246,1,0,0.0,0.0
249973074337267,1,0,0.0,0.0
24653922999240,1,0,0.0,0.0
248325279420082,1,0,0.0,0.0
276772822463762,1,0,0.0,0.0
182237288757994,1,0,0.0,0.0
246414232650451,1,0,1.0,0.0
211068539173714,1,0,0.0,0.0
94043442386894,1,0,0.0,0.0
238716203849686,1,0,1.0,0.0
101380216612845,1,0,0.0,0.0
99084741602243,1,0,0.0,0.0
27041993215909,1,0,1.0,0.0
244617011832307,1,0,1.0,0.0
54823607148279,1,0,0.0,0.0
39050808300054,1,0,0.0,0.0
201151179901458,1,0,0.0,0.0
110984722720460,1,0,1.0,0.0
78196062957591,1,0,0.0,0.0
22493042713418,1,0,1.0,0.0
103998668734824,1,0,0.0,0.0
192342922433220,1,0,0.0,0.0
216592821632277,1,0,0.0,0.0
20024673013863,1,0,1.0,0.0
90715027965939,1,0,1.0,0.0
70217647020950,1,0,0.0,0.0
44204659604606,1,0,0.0,0.0
154565728003611,1,0,0.0,0.0
62033025197599,1,0,1.0,0.0
54568366443559,1,0,0.0,0.0
194362650036264,1,0,1.0,0.0
262612269561713,1,0,0.0,0.0
165075408023078,1,0,0.0,0.0
234248131452650,1,0,0.0,0.0
248001133000764,1,0,0.0,0.0
63099948344787,1,0,0.0,0.0
184216128810630,1,0,0.0,0.0
268450815960643,1,0,1.0,0.0
105466797236477,1,0,0.0,0.0
250333816848312,1,0,0.0,0.0
274421749302869,1,0,0.0,0.0
1147283948559,1,0,0.0,0.0
188998876311852,1,0,1.0,0.0
55199101914634,1,0,0.0,0.0
159098540910066,1,0,1.0,0.0
60885975632574,1,0,1.0,0.0
122730761254943,1,0,1.0,0.0
275587732104890,1,0,0.0,0.0
197175444408924,1,0,0.0,0.0
181547659035166,1,0,0.0,0.0
249283843753688,1,0,1.0,0.0
50738374328001,1,0,1.0,0.0
128161296314469,1,0,0.0,0.0
127875574151652,1,0,0.0,0.0
9656641281881,1,0,1.0,0.0
190446142435216,1,0,0.0,0.0
212856755631689,1,0,0.0,0.0
132160188882884,1,0,0.0,0.0
5175023617523,1,0,1.0,0.0
163400609672115,1,0,1.0,0.0
66780187553899,1,0,0.0,0.0
140084259130084,1,0,0.0,0.0
181455023608301,1,0,0.0,0.0
86293272018503,1,0,0.0,1.0
144217691773865,1,0,1.0,0.0
142704612522439,1,0,0.0,0.0
87891289863141,1,0,1.0,0.0
165161114897586,1,0,0.0,0.0
247140562771934,1,0,0.0,0.0
2337042201904,1,0,1.0,0.0
47354258162169,1,0,0.0,0.0
20097825735918,1,0,1.0,0.0
156744297511507,1,0,1.0,0.0
187897403233864,1,0,1.0,0.0
21635546029157,1,0,1.0,0.0
211040416497784,1,0,1.0,0.0
172176986731201,1,0,1.0,0.0
95991321955659,1,0,1.0,0.0
275663798078617,1,0,0.0,0.0
124581069426455,1,0,0.0,0.0
140361824098340,1,0,1.0,0.0
82545332945163,1,0,1.0,0.0
98266448630695,1,0,1.0,0.0
104093966974486,1,0,0.0,0.0
201179046240733,1,0,0.0,0.0
63202806074859,1,0,0.0,0.0
32740034860138,1,0,1.0,0.0
210979729685092,1,0,1.0,0.0
135237083484224,1,0,1.0,0.0
44411023245893,1,0,0.0,0.0
2972578783100,1,0,0.0,1.0
190624175555273,1,0,0.0,0.0
43659801251072,1,0,1.0,0.0
136027145388870,1,0,1.0,0.0
246191983190347,1,0,0.0,0.0
275409795971751,1,0,0.0,0.0
114549696385314,1,0,1.0,0.0
251867605678475,1,0,0.0,0.0
66125457873266,1,0,0.0,0.0
120071873601622,1,0,1.0,0.0
281176288699161,1,0,1.0,0.0
226415533154228,1,0,1.0,0.0
67050909826933,1,0,0.0,0.0
120883068050128,1,0,0.0,0.0
121845603760799,1,0,1.0,0.0
233445056657174,1,0,0.0,0.0
249260248265737,1,0,0.0,0.0
172706308233888,1,0,1.0,0.0
253267019121667,1,0,0.0,0.0
94127511997386,1,0,1.0,0.0
138988959695241,1,0,0.0,0.0
79691323749943,1,0,1.0,0.0
276952074789358,1,0,0.0,0.0
23731689278509,1,0,1.0,0.0
140837652843815,1,0,0.0,0.0
86202552057690,1,0,0.0,0.0
272736048409382,1,0,0.0,0.0
42435886934333,1,0,1.0,0.0
82274705578314,1,0,1.0,0.0
161927475460148,1,0,0.0,0.0
61487401351835,1,0,1.0,0.0
159340004233942,1,0,1.0,0.0
160864595514431,1,0,0.0,0.0
61187747454961,1,0,1.0,0.0
267611663377415,1,0,0.0,0.0
14489735539320,1,0,0.0,0.0
97840040198110,1,0,1.0,0.0
31627038466411,1,0,0.0,0.0
96577150412191,1,0,0.0,0.0
245694179781627,1,0,1.0,0.0
269330124696968,1,0,0.0,0.0
35752076988253,1,0,1.0,0.0
164566126579323,1,0,1.0,0.0
265226656525118,1,0,1.0,0.0
138559880618156,1,0,0.0,0.0
265772742598168,1,0,0.0,0.0
124518170487363,1,0,0.0,0.0
37885242806772,1,0,0.0,0.0
228410869930653,1,0,1.0,0.0
133015366114425,1,0,1.0,0.0
31319677232972,1,0,0.0,0.0
62056053892549,1,0,1.0,0.0
245559854879819,1,0,0.0,0.0
150284682813925,1,0,0.0,0.0
239422352600361,1,0,1.0,0.0
61017177151709,1,0,1.0,0.0
130265095058119,1,0,1.0,0.0
110916817665082,1,0,0.0,0.0
483132084354,1,0,0.0,0.0
12353044983130,1,0,1.0,0.0
167357924943866,1,0,0.0,0.0
124200387912306,1,0,0.0,0.0
68228561530848,1,0,0.0,0.0
128420702685837,1,0,1.0,0.0
220056399614765,1,0,0.0,0.0
8095518359040,1,0,1.0,0.0
224818598034398,1,0,1.0,0.0
53422652776927,1,0,0.0,0.0
45497130028752,1,0,0.0,0.0
182960956725396,1,0,0.0,0.0
197717594306988,1,0,0.0,0.0
273474771196563,1,0,0.0,0.0
139145280356240,1,0,1.0,0.0
20108528656475,1,0,1.0,0.0
175101384329802,1,0,0.0,0.0
243315219782758,1,0,1.0,0.0
46751167099542,1,0,1.0,0.0
162415048651778,1,0,1.0,0.0
101664482264308,1,0,0.0,0.0
103974094310045,1,0,0.0,0.0
257217145959564,1,0,0.0,0.0
157063254303493,1,0,0.0,0.0
119927152614684,1,0,0.0,0.0
148868067025298,1,0,0.0,0.0
47305867846544,1,0,0.0,0.0
146131079149241,1,0,1.0,0.0
30541875646335,1,0,0.0,0.0
249800242018418,1,0,1.0,0.0
147128705863884,1,0,0.0,0.0
244179564220594,1,0,0.0,0.0
44414871398750,1,0,0.0,0.0
148055848245594,1,0,0.0,0.0
123473632011176,1,0,1.0,0.0
175848333100436,1,0,0.0,0.0
19935917689484,1,0,0.0,0.0
242533046373187,1,0,0.0,0.0
177689432300981,1,0,0.0,0.0
154755012912296,1,0,0.0,0.0
215613124984786,1,0,0.0,0.0
158291827621978,1,0,0.0,0.0
42082997020994,1,0,0.0,0.0
264536673741942,1,0,1.0,0.0
83875448645995,1,0,0.0,0.0
254252132275645,1,0,0.0,0.0
46005309136543,1,0,1.0,0.0
8817330948829,1,0,0.0,0.0
59220586931933,1,0,0.0,0.0
117904130214856,1,0,0.0,0.0
87544099634960,1,0,0.0,0.0
6274059218473,1,0,0.0,0.0
245694449413709,1,0,1.0,0.0
262003084213643,1,0,1.0,0.0
22793054840426,1,0,0.0,0.0
277546717843919,1,0,1.0,0.0
245115260278285,1,0,1.0,0.0
26244065667155,1,0,0.0,0.0
277661077048709,1,0,0.0,0.0
127247623042406,1,0,1.0,0.0
265713929257869,1,0,0.0,0.0
198501857661435,1,0,0.0,0.0
12930379978023,1,0,1.0,0.0
118581095925069,1,0,0.0,0.0
65559480026256,1,0,0.0,0.0
34578595455099,1,0,0.0,0.0
199626950167822,1,0,1.0,0.0
112621180381166,1,0,0.0,0.0
240346354156233,1,0,0.0,0.0
280366389909267,1,0,1.0,0.0
81266906023745,1,0,1.0,0.0
252774078305116,1,0,1.0,0.0
207292270839780,1,0,1.0,0.0
11838887034108,1,0,0.0,0.0
276452753113739,1,0,1.0,0.0
12343186537095,1,0,0.0,0.0
174043110929312,1,0,0.0,1.0
263587745641095,1,0,1.0,0.0
77510259049443,1,0,0.0,0.0
21540593549903,1,0,0.0,0.0
124709483977245,1,0,1.0,0.0
104550865027728,1,0,0.0,0.0
200881872839513,1,0,1.0,0.0
247079360651600,1,0,0.0,0.0
151369825585766,1,0,0.0,0.0
150980990105365,1,0,1.0,0.0
130143335733061,1,0,1.0,0.0
266814427512599,1,0,0.0,0.0
66904428135979,1,0,0.0,0.0
243199764375193,1,0,0.0,0.0
244496847623575,1,0,1.0,0.0
177143223817072,1,0,1.0,0.0
22023909456749,1,0,0.0,0.0
79672711503792,1,0,1.0,0.0
41283793407398,1,0,0.0,0.0
137853965576844,1,0,1.0,0.0
169657289228912,1,0,0.0,0.0
207046120569568,1,0,0.0,0.0
27785379594932,1,0,1.0,0.0
193019452017828,1,0,0.0,0.0
276334633363814,1,0,1.0,0.0
4914650388949,1,0,0.0,0.0
230311325625643,1,0,1.0,0.0
200841701207704,1,0,0.0,0.0
46199187618222,1,0,1.0,0.0
11719493995280,1,0,0.0,0.0
81796112798415,1,0,0.0,0.0
239797984633669,1,0,1.0,0.0
199294408937743,1,0,0.0,1.0
223970752405649,1,0,0.0,0.0
945607883920,1,0,0.0,0.0
183627744836401,1,0,0.0,0.0
185224333219565,1,0,0.0,0.0
93597654702258,1,0,0.0,0.0
197047331770479,1,0,1.0,0.0
35092112325515,1,0,0.0,0.0
82406643790400,1,0,0.0,1.0
53971510929676,1,0,0.0,0.0
195663429876345,1,0,0.0,0.0
123778562137907,1,0,1.0,0.0
280012146300801,1,0,0.0,0.0
170018410672310,1,0,1.0,0.0
125230430324504,1,0,1.0,0.0
126591694300291,1,0,0.0,0.0
250694170946169,1,0,0.0,0.0
126909996713922,1,0,0.0,0.0
4974321760875,1,0,0.0,0.0
253271533354863,1,0,1.0,0.0
45778101405222,1,0,0.0,0.0
169607980639666,1,0,0.0,0.0
246880262293871,1,0,0.0,0.0
132430890610114,1,0,0.0,0.0
209411574150358,1,0,0.0,0.0
20494884621437,1,0,1.0,0.0
71360947908021,1,0,0.0,0.0
103137399981183,1,0,0.0,0.0
150146903758466,1,0,0.0,0.0
35916461794663,1,0,1.0,0.0
232927698096103,1,0,0.0,0.0
231975020997636,1,0,0.0,0.0
40881735375898,1,0,0.0,0.0
65783651030489,1,0,0.0,0.0
94128755221600,1,0,0.0,0.0
177901047184138,1,0,0.0,0.0
125993378922488,1,0,1.0,0.0
122316028663257,1,0,0.0,0.0
75266129640403,1,0,0.0,0.0
128197490267140,1,0,1.0,0.0
242199706439102,1,0,0.0,0.0
11821004619017,1,0,1.0,0.0
34109274995167,1,0,0.0,0.0
127358305839196,1,0,1.0,0.0
129320216893123,1,0,0.0,0.0
126773969716251,1,0,1.0,0.0
216214190348058,1,0,0.0,0.0
85436564583568,1,0,0.0,0.0
144418957099397,1,0,0.0,0.0
15511381604113,1,0,1.0,0.0
246211526745411,1,0,1.0,0.0
134448357684949,1,0,0.0,0.0
248195869097032,1,0,0.0,0.0
99230056656700,1,0,1.0,0.0
150741374477668,1,0,1.0,0.0
54424944212009,1,0,0.0,0.0
58601360521704,1,0,0.0,0.0
230442195574964,1,0,0.0,0.0
258183598072920,1,0,0.0,0.0
134030521386487,1,0,1.0,0.0
58483807428317,1,0,1.0,0.0
244741081619751,1,0,1.0,0.0
135418744228635,1,0,1.0,0.0
6742616062630,1,0,0.0,0.0
33400739231396,1,0,0.0,0.0
100192420368472,1,0,1.0,0.0
211286055993489,1,0,1.0,0.0
204852596418099,1,0,0.0,0.0
4298295898481,1,0,0.0,0.0
258916669858384,1,0,0.0,0.0
166362158041583,1,0,1.0,0.0
174124560960660,1,0,1.0,0.0
264464873549458,1,0,0.0,0.0
60269696537406,1,0,0.0,0.0
84446129842112,1,0,0.0,0.0
208980220584939,1,0,0.0,0.0
212514735705266,1,0,1.0,0.0
11073154708019,1,0,1.0,0.0
108574746070855,1,0,1.0,0.0
78693063405571,1,0,0.0,0.0
84189207207088,1,0,0.0,0.0
81884179157040,1,0,0.0,0.0
257687552936506,1,0,1.0,0.0
5964481821580,1,0,0.0,0.0
210646117157777,1,0,0.0,0.0
158886757696177,1,0,1.0,0.0
99237068475252,1,0,0.0,0.0
239307719849018,1,0,0.0,0.0
153402278484150,1,0,1.0,0.0
167439762413031,1,0,1.0,0.0
228253471789492,1,0,1.0,0.0
51519274864092,1,0,0.0,0.0
192715263465347,1,0,1.0,0.0
114301701516490,1,0,0.0,0.0
146009375330737,1,0,0.0,0.0
9747493586834,1,0,0.0,0.0
186746974153132,1,0,0.0,0.0
109619914393947,1,0,1.0,0.0
233152209933415,1,0,1.0,0.0
264476685337293,1,0,0.0,0.0
157631928970376,1,0,0.0,0.0
222390226495829,1,0,0.0,1.0
128895941688824,1,0,1.0,0.0
172357755587471,1,0,1.0,0.0
4717859665037,1,0,0.0,0.0
184159370371931,1,0,1.0,0.0
159312126578585,1,0,0.0,0.0
196216644146633,1,0,0.0,0.0
56604029235439,1,0,1.0,0.0
54071114118779,1,0,1.0,0.0
184187983127253,1,0,1.0,0.0
60154399630843,1,0,0.0,0.0
158352090888334,1,0,0.0,0.0
144497945690157,1,0,1.0,0.0
36233062505377,1,0,1.0,0.0
138360311601491,1,0,0.0,0.0
139333850388808,1,0,1.0,0.0
13952146539536,1,0,0.0,0.0
51749996266313,1,0,0.0,0.0
83423262970709,1,0,0.0,0.0
95415588238211,1,0,1.0,0.0
73092057468110,1,0,1.0,0.0
79152652032316,1,0,0.0,0.0
207829362261356,1,0,1.0,0.0
260516833701496,1,0,0.0,0.0
96815906717538,1,0,0.0,0.0
147149480195424,1,0,0.0,0.0
195118555997867,1,0,0.0,0.0
229769141103829,1,0,0.0,0.0
189197133794890,1,0,0.0,0.0
84705607554354,1,0,0.0,0.0
77647399695172,1,0,1.0,0.0
256197489691211,1,0,0.0,0.0
17551425182474,1,0,0.0,0.0
193870791643743,1,0,0.0,0.0
28533244697373,1,0,0.0,0.0
263840061036161,1,0,1.0,0.0
195249322194717,1,0,1.0,0.0
280320236301851,1,0,1.0,0.0
208602241444478,1,0,0.0,0.0
63167662345532,1,0,0.0,0.0
162341170820930,1,0,0.0,0.0
74237908102675,1,0,1.0,0.0
124152772784485,1,0,0.0,0.0
260715937575713,1,0,0.0,0.0
30240823891922,1,0,0.0,0.0
277768960402296,1,0,1.0,0.0
35415928110067,1,0,0.0,0.0
218192315269211,1,0,0.0,0.0
173517802382287,1,0,0.0,0.0
5133909604877,1,0,0.0,0.0
60454336205302,1,0,0.0,0.0
106861055996566,1,0,0.0,0.0
98830578695509,1,0,0.0,0.0
159890577134042,1,0,1.0,0.0
222040721630201,1,0,0.0,0.0
28796661532285,1,0,1.0,0.0
110209344426981,1,0,1.0,0.0
242952906821141,1,0,1.0,0.0
153758510536152,1,0,0.0,0.0
5321858408702,1,0,0.0,0.0
44944110939449,1,0,1.0,0.0
91941533577797,1,0,0.0,0.0
33214456764044,1,0,1.0,0.0
265303199619546,1,0,0.0,0.0
262562350402129,1,0,1.0,0.0
251550767813790,1,0,0.0,0.0
232516636161283,1,0,0.0,0.0
116379259524186,1,0,0.0,0.0
103662236855370,1,0,0.0,0.0
27575741580642,1,0,0.0,0.0
13437673640129,1,0,0.0,0.0
121214159596920,1,0,1.0,0.0
163461575406009,1,0,0.0,0.0
146759907661290,1,0,1.0,0.0
26398765789282,1,0,1.0,0.0
124032218515593,1,0,0.0,0.0
167333498366941,1,0,1.0,0.0
185259560740436,1,0,0.0,0.0
242671047303465,1,0,1.0,0.0
123688671265782,1,0,1.0,0.0
119050775002585,1,0,0.0,0.0
38612409566123,1,0,0.0,0.0
247242188998251,1,0,1.0,0.0
173481576797678,1,0,1.0,0.0
243365369944483,1,0,0.0,0.0
189938474036610,1,0,1.0,0.0
10140320588225,1,0,1.0,0.0
221671115974986,1,0,0.0,0.0
148487661404243,1,0,0.0,0.0
168947918832040,1,0,0.0,0.0
189665499604057,1,0,0.0,0.0
135349441455838,1,0,0.0,0.0
273820937808999,1,0,0.0,0.0
255832441975550,1,0,1.0,0.0
97105182974223,1,0,1.0,0.0
113557471833712,1,0,0.0,1.0
175354956290752,1,0,0.0,0.0
262276370499543,1,0,0.0,0.0
65934050176487,1,0,1.0,0.0
130705457209534,1,0,0.0,0.0
104584752548613,1,0,0.0,0.0
106134687002188,1,0,0.0,0.0
107481579244765,1,0,1.0,0.0
219920048296846,1,0,0.0,0.0
51026013804235,1,0,1.0,0.0
50135433747928,1,0,0.0,0.0
81795971378947,1,0,0.0,0.0
121000308724531,1,0,1.0,0.0
74137902578092,1,0,0.0,0.0
155887509625272,1,0,1.0,0.0
92553020060875,1,0,1.0,0.0
122568011293308,1,0,1.0,0.0
93248909121228,1,0,0.0,0.0
279795893680138,1,0,0.0,0.0
187406534944104,1,0,1.0,0.0
81114655004931,1,0,1.0,0.0
198276945972888,1,0,1.0,0.0
209833767186837,1,0,1.0,0.0
213306867797034,1,0,1.0,0.0
91636238479110,1,0,1.0,0.0
67371427273220,1,0,0.0,0.0
150573716164247,1,0,0.0,0.0
7008883707881,1,0,1.0,0.0
69088844542185,1,0,0.0,0.0
266964597294669,1,0,1.0,0.0
222962303264615,1,0,0.0,0.0
81165991598268,1,0,0.0,0.0
238586497942281,1,0,0.0,0.0
180794747529876,1,0,1.0,0.0
69074094884133,1,0,1.0,0.0
126708152346125,1,0,0.0,0.0
237829263580986,1,0,0.0,0.0
142231890145031,1,0,0.0,0.0
21502818957945,1,0,0.0,0.0
258698171338,1,0,1.0,0.0
176294517840889,1,0,1.0,0.0
43794758207561,1,0,1.0,0.0
93280893793260,1,0,0.0,0.0
193307458313237,1,0,1.0,0.0
38881829750950,1,0,0.0,0.0
69542413958338,1,0,1.0,0.0
72598895824051,1,0,0.0,0.0
215422475727868,1,0,1.0,0.0
26830855182256,1,0,0.0,0.0
118193616539335,1,0,1.0,0.0
114647355219107,1,0,0.0,0.0
201650080365064,1,0,0.0,0.0
268022198430049,1,0,0.0,0.0
166352355149992,1,0,1.0,0.0
211238084161093,1,0,0.0,0.0
91828924344507,1,0,0.0,0.0
271174744204360,1,0,0.0,0.0
43223781390251,1,0,0.0,0.0
12735625484631,1,0,0.0,0.0
27528147602058,1,0,0.0,0.0
26233861655282,1,0,0.0,0.0
131316376443901,1,0,0.0,0.0
19121668426402,1,0,1.0,0.0
232143073163956,1,0,0.0,0.0
78872319412038,1,0,1.0,0.0
21179766361046,1,0,0.0,0.0
238662746084424,1,0,0.0,0.0
101224787969529,1,0,1.0,0.0
15546944729681,1,0,0.0,0.0
58377535631194,1,0,1.0,0.0
198271009586257,1,0,1.0,0.0
234028499691680,1,0,0.0,0.0
12097114986685,1,0,0.0,0.0
21476431687395,1,0,0.0,0.0
21764181990811,1,0,0.0,0.0
121534131848919,1,0,0.0,0.0
39504682702714,1,0,0.0,0.0
105290797588071,1,0,1.0,0.0
182909204269508,1,0,0.0,0.0
231202309886910,1,0,0.0,0.0
276791498061955,1,0,0.0,0.0
206696909692141,1,0,1.0,0.0
239617595460840,1,0,1.0,0.0
47790480892462,1,0,0.0,0.0
106810119062655,1,0,1.0,0.0
107775124999086,1,0,0.0,0.0
125760757194595,1,0,1.0,0.0
113911981858317,1,0,0.0,0.0
32747240832399,1,0,0.0,0.0
250150878169765,1,0,0.0,0.0
241234394217471,1,0,0.0,0.0
93634889366176,1,0,1.0,0.0
130796182835438,1,0,1.0,0.0
12650338111989,1,0,0.0,0.0
176392503128847,1,0,0.0,0.0
266717987627327,1,0,1.0,0.0
77605692692674,1,0,1.0,0.0
235337926830419,1,0,0.0,0.0
269060688547868,1,0,1.0,0.0
166690048418390,1,0,1.0,0.0
16438428122864,1,0,0.0,0.0
153108634255833,1,0,0.0,1.0
94778929554671,1,0,0.0,0.0
150679588322087,1,0,0.0,0.0
216193559303149,1,0,1.0,0.0
91098075121380,1,0,1.0,0.0
187033304114935,1,0,0.0,0.0
242513268885999,1,0,1.0,0.0
63796340393572,1,0,0.0,0.0
275752508434231,1,0,1.0,0.0
179128147660994,1,0,0.0,0.0
178960738816762,1,0,1.0,0.0
202364028760197,1,0,0.0,0.0
79022548616388,1,0,1.0,0.0
159255389729483,1,0,0.0,0.0
38137062020422,1,0,0.0,0.0
216721837276513,1,0,1.0,0.0
115160988079943,1,0,1.0,0.0
103636301624310,1,0,1.0,0.0
87318069261376,1,0,1.0,0.0
169236653533181,1,0,1.0,0.0
265066726188370,1,0,0.0,0.0
188476430633282,1,0,1.0,0.0
117450066698930,1,0,0.0,0.0
116743218779974,1,0,0.0,0.0
153263048120914,1,0,1.0,0.0
174754218209438,1,0,0.0,0.0
276290590623310,1,0,0.0,0.0
61944856855622,1,0,0.0,0.0
189160361202052,1,0,0.0,0.0
24449355161034,1,0,0.0,0.0
66524325566558,1,0,1.0,0.0
38417261770572,1,0,0.0,0.0
148049154623751,1,0,0.0,0.0
75710814317591,1,0,0.0,0.0
157227183036224,1,0,0.0,0.0
10602485961135,1,0,0.0,0.0
164747851476576,1,0,0.0,0.0
125444691851813,1,0,0.0,0.0
245430820410679,1,0,0.0,0.0
7590536869672,1,0,0.0,0.0
136434298724789,1,0,1.0,0.0
160683341496685,1,0,0.0,0.0
144686347864490,1,0,0.0,0.0
145258837551740,1,0,0.0,0.0
73850219253367,1,0,1.0,0.0
217586476076035,1,0,1.0,0.0
197549912135692,1,0,1.0,0.0
149675804707155,1,0,0.0,0.0
274314723728922,1,0,1.0,0.0
263583913562428,1,0,1.0,0.0
217226652717217,1,0,0.0,0.0
152225873772032,1,0,0.0,0.0
169228846417375,1,0,1.0,0.0
41082003252271,1,0,1.0,0.0
162168734813084,1,0,0.0,0.0
151397180266317,1,0,0.0,0.0
214586349044394,1,0,1.0,0.0
9852719365221,1,0,0.0,0.0
109380464763339,1,0,0.0,0.0
126922999915134,1,0,1.0,0.0
266566621936247,1,0,0.0,0.0
61546343335701,1,0,1.0,0.0
251254678416938,1,0,0.0,0.0
230735114579527,1,0,1.0,0.0
37596771120994,1,0,1.0,0.0
265081546100194,1,0,0.0,0.0
118249938896688,1,0,0.0,0.0
224881926796790,1,0,0.0,0.0
139932270428648,1,0,0.0,0.0
14553527960853,1,0,0.0,0.0
66090522835168,1,0,1.0,0.0
92179663310686,1,0,0.0,0.0
107358057903782,1,0,0.0,1.0
270675073368104,1,0,0.0,0.0
177139752364946,1,0,1.0,0.0
161772805986946,1,0,0.0,0.0
91208911983947,1,0,0.0,0.0
98724721097324,1,0,0.0,0.0
58217661212956,1,0,1.0,0.0
197124579765784,1,0,0.0,0.0
179406753133621,1,0,1.0,0.0
245703192769760,1,0,0.0,0.0
192410542135693,1,0,1.0,0.0
126543707742780,1,0,0.0,0.0
208391582255700,1,0,1.0,0.0
5504675284544,1,0,0.0,0.0
198694383660188,1,0,0.0,0.0
129115216745023,1,0,1.0,0.0
234953652222336,1,0,1.0,0.0
106551384650072,1,0,0.0,0.0
6672072794453,1,0,1.0,0.0
272442020245831,1,0,0.0,0.0
57897100451619,1,0,1.0,0.0
177310179790968,1,0,0.0,0.0
183682051912586,1,0,0.0,0.0
2996348330800,1,0,1.0,0.0
5677082278349,1,0,0.0,0.0
277869567343690,1,0,0.0,0.0
234462887814052,1,0,1.0,0.0
171942115062070,1,0,0.0,0.0
27200964579260,1,0,1.0,0.0
35313474483680,1,0,0.0,0.0
153076997524021,1,0,1.0,0.0
56323555040090,1,0,0.0,0.0
21613705127817,1,0,1.0,0.0
210856786782650,1,0,0.0,0.0
100692748597555,1,0,1.0,0.0
63278778487423,1,0,0.0,0.0
23093257526943,1,0,1.0,0.0
245239297875868,1,0,1.0,0.0
134149279584018,1,0,0.0,0.0
161249995948069,1,0,0.0,0.0
206005341777938,1,0,1.0,0.0
207555799082627,1,0,0.0,0.0
125226851033085,1,0,0.0,0.0
83886287316816,1,0,0.0,0.0
228681784826557,1,0,0.0,0.0
67056074632354,1,0,1.0,0.0
7558355954411,1,0,0.0,0.0
196494613611223,1,0,0.0,0.0
58455459356045,1,0,0.0,0.0
144960910102414,1,0,0.0,0.0
106258184179573,1,0,1.0,0.0
91133177293196,1,0,1.0,0.0
265163944891463,1,0,0.0,0.0
200816536351725,1,0,0.0,0.0
243871832093887,1,0,0.0,0.0
273373407574021,1,0,1.0,0.0
263640600173503,1,0,0.0,0.0
16670567265301,1,0,0.0,0.0
120366616602678,1,0,1.0,0.0
82744363341859,1,0,0.0,0.0
77132357987795,1,0,0.0,0.0
37227084418960,1,0,0.0,0.0
80321470960093,1,0,0.0,0.0
96183920443892,1,0,0.0,0.0
207437137421594,1,0,0.0,0.0
260533604401612,1,0,1.0,0.0
28250650150564,1,0,1.0,0.0
28771149759879,1,0,1.0,0.0
220477867288031,1,0,1.0,0.0
270257250269071,1,0,1.0,0.0
221891249498568,1,0,1.0,0.0
279514394792150,1,0,1.0,0.0
156141613890188,1,0,1.0,0.0
164751236180061,1,0,1.0,0.0
36609114778729,1,0,0.0,0.0
11739820685079,1,0,1.0,0.0
10706864085044,1,0,0.0,0.0
77043579424384,1,0,1.0,0.0
5924833852991,1,0,1.0,0.0
148598554951314,1,0,1.0,0.0
233649866316457,1,0,0.0,0.0
103651624666208,1,0,0.0,0.0
256442338058282,1,0,1.0,0.0
215479349760547,1,0,0.0,0.0
114329341330333,1,0,0.0,0.0
65306072071308,1,0,1.0,0.0
63464298074730,1,0,0.0,0.0
108520218234414,1,0,1.0,0.0
236226670905714,1,0,1.0,0.0
160450047064602,1,0,1.0,0.0
118295358053974,1,0,0.0,0.0
201673359885274,1,0,0.0,0.0
156057997767199,1,0,0.0,0.0
47511458882046,1,0,0.0,0.0
119439198687014,1,0,0.0,0.0
128873837151010,1,0,0.0,0.0
6800562829898,1,0,0.0,0.0
18916968095002,1,0,1.0,0.0
192163197278035,1,0,1.0,0.0
241121719167452,1,0,0.0,0.0
139665708604351,1,0,1.0,0.0
60469392934765,1,0,1.0,0.0
15812572506467,1,0,0.0,0.0
110294805156382,1,0,0.0,0.0
89144821707705,1,0,0.0,0.0
196816255615932,1,0,1.0,0.0
12903802754420,1,0,0.0,0.0
197068038599678,1,0,1.0,0.0
249160844237488,1,0,0.0,0.0
109350416893328,1,0,1.0,0.0
25251717290774,1,0,1.0,0.0
54824778993702,1,0,0.0,0.0
134211455518426,1,0,0.0,0.0
155103956738425,1,0,0.0,0.0
93149622448901,1,0,1.0,0.0
44347178932168,1,0,1.0,0.0
81922321717032,1,0,0.0,0.0
154021923137401,1,0,1.0,0.0
269455609233801,1,0,0.0,0.0
226173072073337,1,0,1.0,0.0
272402059484105,1,0,1.0,0.0
204302659652222,1,0,1.0,0.0
254907596782935,1,0,1.0,0.0
131304953412285,1,0,1.0,0.0
30457364411585,1,0,1.0,0.0
46233414987516,1,0,0.0,0.0
34319317645330,1,0,1.0,0.0
219492956534201,1,0,0.0,0.0
277506619072156,1,0,0.0,0.0
85906499255942,1,0,0.0,0.0
255043515300772,1,0,1.0,0.0
27589752232456,1,0,1.0,0.0
129625346159096,1,0,0.0,0.0
160022251563591,1,0,1.0,0.0
275182654350596,1,0,0.0,0.0
154670522208518,1,0,0.0,0.0
98638710740538,1,0,1.0,0.0
166607015881268,1,0,1.0,0.0
211540291519268,1,0,1.0,0.0
237287547816725,1,0,1.0,0.0
245758556450806,1,0,0.0,0.0
176420452601329,1,0,0.0,0.0
252441858907212,1,0,0.0,0.0
529359628706,1,0,0.0,0.0
66997699288263,1,0,0.0,0.0
32402367427241,1,0,0.0,0.0
20475312486858,1,0,0.0,0.0
243111716385284,1,0,1.0,0.0
34029663615036,1,0,1.0,0.0
270869805634014,1,0,1.0,0.0
244635233457681,1,0,0.0,0.0
57876722839194,1,0,0.0,0.0
79100948243955,1,0,1.0,0.0
264270933815548,1,0,0.0,0.0
86324285555239,1,0,0.0,0.0
132607435361353,1,0,0.0,0.0
222014391090398,1,0,1.0,0.0
3632221716282,1,0,1.0,0.0
147522461058832,1,0,0.0,0.0
210434425010271,1,0,0.0,0.0
30043089523277,1,0,0.0,0.0
274459208763358,1,0,0.0,0.0
149487618545878,1,0,0.0,0.0
129321953503930,1,0,0.0,0.0
102947031312197,1,0,0.0,0.0
