idnum,score
7.86930634056e+13,0.249341738282
2.73373407574e+14,11.4270092821
2.3399799431e+14,4.98099766664
1.97549912136e+14,6.33054413585
2.3886262613e+14,3.71804030511
6.46577924833e+13,6.94351019826
2.03617655831e+14,3.64219114219
3.43193176453e+13,9.9348638059
2.53267019122e+14,9.41577526956
2.13025664627e+14,1.31805467703
7.81960629576e+13,5.04245621854
2.12722606772e+14,3.093717254
5.82875917312e+13,2.72826995137
2.69060688548e+14,10.3860021568
1.52571153868e+14,5.32180250586
1.22730761255e+14,5.89195776104
2.46049989226e+12,4.88110691955
2.58640255296e+14,9.65107530004
1.40361824098e+14,3.13068399549
5.48247789937e+13,6.97963732538
1.58886757696e+14,3.90302664383
7.85995216712e+13,0.336656410187
1.54518904769e+14,7.49955349284
1.4449794569e+14,15.2078488716
3.48032367555e+13,6.1790913886
7.84273924977e+13,1.48976733234
2.4555985488e+14,10.0328806617
5.22975546901e+13,8.99700125358
2.60878559339e+14,4.18206863674
1.0706864085e+13,0.836898500501
2.51108221494e+14,8.61738059101
1.50980990105e+14,6.33379922011
3.4029663615e+13,6.34219914633
2.6772162345e+13,0.4793761407
2.1226200336e+14,10.163428917
2.21998433363e+13,3.33128695423
2.16721837277e+14,5.02403569996
4.37947582076e+13,1.1428286048
1.51138005783e+14,7.89450145427
1.73221011544e+14,9.78626591601
1.72538211542e+14,5.29126711648
2.28620363698e+14,5.50133454532
2.50520108816e+14,2.6131484588
9.72733975385e+12,1.41837700147
4.02778498192e+13,0.151133501259
1.46131079149e+14,1.22973040749
6.20852614309e+13,0.57439935821
2.01085286565e+13,7.15858623879
1.27358305839e+14,8.32565983389
1.29321953504e+14,4.56022056063
6.65243255666e+13,4.39124463135
2.28944192469e+14,0.869047619048
1.1889485779e+13,5.63342380902
2.80768488768e+14,5.25651638501
1.9315379542e+14,6.39180282519
2.76452753114e+14,8.24997496095
1.27247623042e+14,2.70882324266
2.00246730139e+13,1.82607093568
1.59522741979e+14,0.650351725884
2.68444604582e+14,2.49697111583
3.59164617947e+13,0.501489688729
8.07404336928e+13,5.95026606883
9.87846912063e+13,6.14727020215
2.66717987627e+14,11.6368413939
2.49800242018e+14,4.18697328313
2.5451037875e+14,3.17678013297
5.78214037224e+13,6.12139702474
1.25292344816e+14,8.00277408635
2.11040416498e+14,7.7808654362
2.30311325626e+14,1.77805878332
1.93307458313e+14,1.98784232717
2.04939099882e+14,1.17382617572
1.49213426403e+14,7.76257092151
1.6014536927e+14,1.56024315913
2.1309104886e+14,3.97585760541
2.29027957233e+14,0.320623306233
3.1312609829e+13,6.67651586219
6.74887083173e+13,9.23835419735
1.31292439485e+14,6.95351564762
1.51988044898e+14,1.9358974359
2.11286055993e+14,2.24414395655
1.82960956725e+14,4.4503299138
2.53401079372e+14,7.67079541757
3.39041158064e+13,8.3835105386
2.68896758581e+13,4.35833920972
1.77409380272e+14,7.50492349498
2.30602931567e+14,7.27980307149
6.66297038174e+13,6.96198094755
2.65010756604e+14,13.619675485
2.56291690582e+14,6.79953651427
1.56164549024e+14,0.395931656426
2.36226670906e+14,6.67958586255
2.65514531132e+14,0.0624609130707
3.68118939117e+13,3.61339091341
9.35976547023e+13,0.176223060094
1.48816089028e+13,4.71185565863
2.30442195575e+14,7.21404677381
5.24103646636e+12,9.13309652203
1.53402278484e+14,6.76083916084
9.18289243445e+13,2.53401321605
1.6640330989e+14,7.62240205391
2.43452559184e+14,6.22297919521
7.76056926927e+13,2.45227020554
6.39707584145e+13,0.580850041715
8.75296393279e+13,10.4636930508
2.61688326434e+14,7.74385075786
9.32489091212e+13,5.26315736146
5.62755586992e+13,9.52347267012
1.98064790141e+14,0.729589450179
1.96136731466e+14,1.69042867881
1.21214159597e+14,5.88066004876
1.67750822736e+14,4.6235198838
9.13689087552e+13,1.91070830198
2.52522782278e+14,0.575385301117
3.00920451094e+12,7.72294901239
1.83094335443e+14,1.87106516141
1.54992321108e+13,10.7982778964
1.28666315055e+14,7.91455005411
6.10171771517e+13,10.6846654573
1.59120539515e+14,5.28658889297
6.60905228352e+13,6.50692537076
7.30948885977e+13,9.45651208246
1.43591035406e+14,0.255615628875
5.22160277322e+12,3.6274285672
8.98417995082e+13,4.92768600515
1.10628141761e+14,0.288536661588
1.96525219786e+14,2.07705401132
6.90888445422e+13,10.2793546543
2.25862732644e+14,6.10361406374
2.42952906821e+14,5.983070808
3.88609759992e+13,6.69322782481
5.66040292354e+13,0.651812084158
2.50208315796e+14,3.34519083439
1.8135734531e+14,7.31724231869
1.42692255314e+14,5.91474958856
1.41865171788e+14,2.0375
1.49353743958e+13,5.48693112434
7.95418042719e+13,0.606481070229
2.1762025675e+13,3.2
2.1100770634e+13,0.217175869694
2.44687040699e+13,10.8989692796
2.69174771438e+14,2.59598917732
2.34953652222e+14,2.61167387699
8.11146550049e+13,0.49395596616
5.4699615378e+12,0.222421203438
1.54670522209e+14,3.60780767991
1.48049154624e+14,2.46079962409
1.10693829166e+14,4.27120989501
2.13413003367e+14,0.866517850513
8.25453329452e+13,1.48984495052
7.35209359916e+13,8.13382617128
1.9836235569e+14,0.222034889726
7.33631483976e+13,7.79875972467
2.15547072687e+14,2.90403144016
4.22049077169e+13,4.88252361649
7.08486393633e+13,5.45530457368
2.32579751158e+14,5.11921539743
2.25837456216e+14,5.55037430107
4.31935953513e+13,3.80863848931
1.41533253688e+14,4.53495276653
2.55296584726e+14,6.12823697256
1.59842990934e+14,6.30492357734
2.32417557031e+14,9.10783631682
5.8217661213e+13,9.68326968813
1.44418957099e+14,3.76423730484
1.50565290537e+14,10.8595033356
2.30447402523e+14,10.4336358636
1.14549696385e+14,6.65667665668
3.02280855473e+13,8.02056636602
1.03251846957e+14,5.94868960878
2.47504779686e+14,4.39832078894
2.42671047303e+14,6.94577038635
2.52418156369e+12,3.11782203644
8.22588322635e+13,5.46204415926
8.41095454546e+12,3.27746704824
1.00692748598e+14,5.54915713658
2.47156216422e+14,3.36038031473
1.69790990242e+14,6.18181713774
2.63583913562e+14,6.08669185779
2.59320762316e+14,4.45415768685
4.94693350485e+13,9.72833869096
1.79406753134e+14,7.23168756903
1.08385166609e+14,5.14387681284
1.09475857302e+14,4.10848190456
1.81176731329e+14,5.93996267556
2.71992332465e+14,7.20166188368
6.87482356036e+11,0.18975029036
1.94937730133e+13,1.16928867959
1.49712656134e+14,7.65225342245
1.39333850389e+14,9.7397240505
1.12149389304e+14,3.38629658485
8.22747055783e+13,4.44715007215
2.35598049569e+14,4.09704694108
6.96232599187e+13,0.830513506973
1.63879969420e+13,9.39616079494
1.40374941754e+14,11.956612276
1.20765008718e+14,4.91641023487
2.37371102311e+14,4.58405961854
2.22962303265e+14,0.638499842794
6.67207279445e+12,4.51800699301
2.7523929261e+14,1.061423914
3.27472408324e+13,0.282012195122
1.65422120584e+14,8.90124261666
8.72001065107e+13,6.26244035671
2.6802219843e+14,1.6757818832
1.58125725065e+13,7.13485057185
2.76334633364e+14,1.97447232653
1.03998668735e+14,5.96095223272
1.53306467793e+14,0.199157115286
2.62639519443e+14,12.7676934038
1.64419791852e+14,6.84847292082
6.85923850482e+12,3.71263893686
4.29829589848e+12,0.814189391457
6.61254578733e+13,2.02793522163
1.16252735186e+14,4.8049298244
9.97993611096e+12,0.903654809259
2.49240665146e+14,10.1685560277
2.66225967222e+14,9.25400293788
2.89321976918e+13,7.94241553335
7.73678076352e+12,0.0528455284553
2.09833767187e+14,3.4935480593
2.01449653058e+14,11.7015950639
1.35237083484e+14,0.287290812223
1.7555425303e+14,5.30611826559
1.53960591498e+14,4.04513440577
3.76502684164e+13,6.52148281688
1.96560226997e+14,1.3029887888
1.38988959695e+14,4.36804646045
2.38463093937e+14,1.90608585538
9.11331772932e+13,9.57290995518
1.88841895977e+14,6.21679401786
1.25935753112e+14,5.37555760878
6.37191238517e+13,13.5605290737
2.11606876734e+14,10.7306458293
2.55112230323e+14,2.35897274599
1.83624801336e+14,5.38866442166
1.61778290571e+14,0.405005853975
2.22428331162e+14,5.91472310117
1.32448351146e+14,0.888888888889
7.40739153474e+13,6.44074609625
2.43365369944e+14,2.98889562616
9.50103605396e+13,6.45770564826
2.6491847278e+14,7.72062435177
1.88486120084e+13,5.25079365079
1.06002371525e+14,11.9666241653
2.47079360652e+14,1.46184899092
2.09109905122e+14,2.08395325203
1.91329491396e+12,1.05057845803
9.61895765344e+13,0.0949579831933
1.06024859611e+13,7.5808104473
6.83220652075e+12,5.35307067317
2.48195869097e+14,11.6035497565
1.08869910518e+14,7.42222582516
1.57063254303e+14,6.16089444233
1.36434298725e+14,10.9188260602
7.8444819479e+13,2.50832308184
4.08804124511e+12,7.85124516613
1.55660360155e+13,6.35875817041
4.17447899427e+13,4.20692183919
1.03662236855e+14,0.639285714286
9.8818113946e+13,3.20940769629
2.56563789632e+14,5.007420054
1.01403205882e+13,5.2678990842
7.51139466593e+13,7.38209573855
2.16859918839e+14,7.86364451286
4.27404644869e+13,3.45734265734
8.36581879239e+13,6.93900377659
9.51836171985e+13,8.99985145777
1.42704612522e+14,2.12492123013
1.23285482159e+14,3.30745385101
2.08885033871e+14,0.14621715314
2.20320961633e+14,4.85211491892
1.09380464763e+14,7.39937374454
2.60533604402e+14,8.52287712288
2.66505525212e+13,7.62292970188
9.19236852556e+13,0.106589147287
1.56645813222e+14,8.27956847074
1.11944214649e+14,1.93749631157
1.22749665788e+14,0.791463414634
1.73361379268e+14,6.79670397417
2.62562350402e+14,8.7583992244
1.72019022672e+14,7.44371247315
2.57334094777e+14,0.176223060094
4.72802050114e+13,2.97170804626
1.59890577134e+14,8.25522136644
1.22120634491e+14,10.129697304
2.41121719167e+14,1.36505587793
8.03214709601e+13,5.1622421093
5.34226527769e+13,0.854535064336
5.94467115443e+13,8.23223469726
8.98437039211e+13,7.24933672403
1.50284682814e+14,0.180205263473
8.60771163407e+13,1.22145719099
1.98271009586e+14,2.62205581986
1.39932270429e+14,7.53210232034
1.77553412934e+14,0.112845528455
2.62905417255e+14,0.972454315218
2.26345245752e+14,6.3068549435
2.78239883043e+14,5.30822510823
2.3254063281e+14,10.4456496041
9.61839204439e+13,4.31226774704
2.42533046373e+14,4.03400307335
6.04543362053e+13,4.38625045929
2.67611663377e+14,3.36661615336
1.79029678459e+14,7.89625278936
1.98501857661e+14,5.10712800468
2.75800404429e+14,0.112845528455
1.4065446416e+14,6.72583715812
3.29819299415e+13,6.2204637296
2.54252132276e+14,2.71441932995
6.73714272732e+13,7.40908179048
1.20071873602e+14,3.22110274596
5.66748261279e+13,5.91178981537
1.56785870628e+13,1.45856921015
7.41379025781e+13,1.07849831919
1.12302086943e+14,8.81505332192
6.92142128871e+13,8.15996297662
1.09669446812e+14,8.5318723974
6.83195758352e+13,0.791463414634
1.00192420368e+14,6.89125874126
2.01151179901e+14,4.66630324851
2.07436304784e+14,3.28355648637
2.48779565685e+14,3.03419803271
3.90508083001e+13,3.79181685201
3.54940342646e+13,3.59877899878
1.60450047065e+14,4.02635081934
1.17389359182e+14,3.1241690644
1.24709483977e+14,4.05451445951
5.08993018373e+13,1.85819981239
1.04584752549e+14,7.08672452848
6.56903902664e+13,9.3273517779
1.44858764355e+13,7.68626866666
1.03215510731e+14,9.12153995226
2.22284358032e+14,4.77803614036
2.19470273725e+14,6.71967667565
2.2815777831e+14,1.38825813786
1.25860951414e+13,8.0373040606
4.63882059618e+13,3.24920509459
2.48264724798e+14,6.07764445534
1.53731641521e+14,7.12572366739
1.17646707936e+14,9.23018370964
2.63587745641e+14,1.94074120695
1.1073154708e+13,1.50364275838
1.66607015881e+14,10.1164390953
9.82664486307e+13,2.02636088978
2.09198935979e+14,8.28841757846
2.28253471789e+14,3.44670339706
1.63660756696e+14,5.01191805862
1.26543707743e+14,3.34234139229
1.55019909934e+14,8.09382446433
1.29115216745e+14,6.15024812586
2.49046636715e+14,4.27828708244
7.12860194699e+13,1.50604724852
2.02594143333e+14,4.20496971707
7.10799651354e+13,5.0176598225
1.98276945973e+14,9.33958441704
1.34266912496e+14,0.386476261534
9.555003202e+13,10.0227948079
2.58916669858e+14,1.72595105164
1.55887509625e+14,1.75263490643
1.53263048121e+14,7.03601628474
1.56744297512e+14,8.89265498745
1.23321650084e+14,2.17141109867
2.80810702332e+14,7.2106996564
1.66690048418e+14,3.06038548753
2.60764220024e+14,10.2695532742
7.10187896326e+13,3.74726511566
2.10856786783e+14,1.94894355065
2.30611771245e+14,6.81849957364
7.93643323854e+13,3.62886420546
2.29769141104e+14,5.86612616987
6.93804282526e+13,10.7464975296
2.10979729685e+14,6.25872849798
1.62640933837e+14,1.72260513134
2.09836457448e+14,7.7133132611
1.55113816041e+13,10.3053857396
6.23656872372e+13,8.01598324951
6.34642980747e+13,3.53007703137
5.8330582287e+13,2.74074828295
1.236215895e+14,5.23777024441
1.69657289229e+14,1.4
2.55832441976e+14,1.78732373894
2.4683182026e+14,7.54403932738
2.15028189579e+13,1.67162967988
1.35318329007e+14,6.19042554807
2.49129157133e+14,10.7082989866
1.83800842894e+14,3.25576416337
1.26922999915e+14,7.58325315502
1.16711782377e+14,1.37083175536
1.29140214414e+14,7.26006171383
1.93265738674e+14,0.81390869285
1.61772805987e+14,0.618497362014
6.64779860015e+13,4.1493393395
2.56308815633e+14,1.06052231237
2.61249607365e+14,8.94196838372
2.10722390025e+14,1.61951219512
1.51132659483e+14,3.06162166736
3.33049637014e+13,7.57958655973
3.78754523654e+13,1.00318525412
4.26615060548e+13,7.86170776286
1.99359176895e+13,1.66633655812
1.07186733747e+14,10.9143283677
9.79064320314e+13,1.06224288348
1.04550865028e+14,1.43585579837
4.62058775003e+12,5.60344011505
2.63659579933e+14,3.56829224411
1.8079474753e+14,1.29147564032
1.92781182812e+14,3.85367046316
4.67511670995e+13,9.26917127751
2.81176288699e+14,8.69942640171
7.08715342711e+13,10.6998823801
6.14874013518e+13,3.225612601
1.0397409431e+14,6.03413679735
1.96894274327e+14,4.58302247728
7.52692545768e+13,7.66692059764
9.36348893662e+13,1.12337915195
1.25927804631e+14,6.36043666478
1.91216684264e+13,5.40428829618
2.46120382983e+14,1.48886662222
1.6091832897e+14,8.62646245753
2.59213585271e+13,5.54246007774
2.75409795972e+14,1.80369287902
6.95424139583e+13,7.44373117347
2.16193559303e+14,9.93604929641
2.14586349044e+14,3.83908045977
1.79697333867e+14,2.85204678363
2.49180008871e+14,7.02627307333
2.75391915804e+14,6.57090991664
2.49160844237e+14,0.0
3.99545933483e+13,0.0537518037518
2.56015007731e+14,7.35654505741
2.77853795949e+13,7.00029626801
1.40503034332e+14,4.4569789652
2.87466718338e+13,4.28456935138
1.71785295687e+14,1.45210902229
2.64622402219e+13,5.91279181018
2.28681784827e+14,8.26003080945
6.08859756326e+13,5.44523858112
2.64328743943e+13,2.41489514616
1.72176986731e+14,8.95013040354
1.53052911467e+14,6.82778778224
8.27416846036e+13,0.666596348134
1.75752643206e+14,11.7372612076
1.30265095058e+14,6.33558865681
1.24609256621e+14,11.2383065701
2.40346354156e+14,2.55912501493
1.34061646142e+14,2.55781289804
1.28873837151e+14,8.85707693586
1.63337081308e+14,5.63424908425
1.2088306805e+14,9.32650687058
4.47566417784e+13,6.02141192141
1.31405475077e+14,6.34100315994
1.75672683922e+14,8.80809850636
7.30396536204e+13,9.70680556698
2.11540291519e+14,0.792039387005
2.69963148607e+14,1.8536045315
2.77546717844e+14,2.54331986356
8.81733094883e+12,4.22893112688
2.0704612057e+14,5.47878787879
2.80105012519e+14,0.314583396266
7.94933676388e+13,2.52744129159
7.36306483023e+13,2.79637455966
1.82237288758e+14,5.05972982188
1.24160151425e+14,5.36666822664
2.26160550652e+14,2.1949666823
1.73057371786e+14,0.434131738717
1.22954164533e+14,6.05004498426
2.62338616553e+13,7.03450334267
3.24846354255e+13,6.46832567445
2.72402059484e+14,8.82185600347
2.0065002213e+14,3.0902176368
2.57038909876e+14,6.59626325744
1.78960738817e+14,3.60840532184
1.06810119063e+14,7.96345208313
1.83343465192e+14,5.86911767402
1.14109819972e+14,5.27753831158
2.78113620552e+14,2.13944267902
9.31496224489e+13,10.6528465969
2.04941531306e+14,3.65205573502
2.53699195817e+14,0.286247086247
5.57124568543e+13,6.62188846959
2.72183369155e+14,5.47362466297
1.76392503129e+14,8.49197606934
1.2884806857e+14,0.131947890819
1.28083735743e+14,8.04878338036
2.64514886735e+14,1.07904545
1.48220082077e+14,2.44405940121
2.52517172908e+13,1.61732883568
2.45536148706e+14,4.50341026431
4.23563643482e+13,1.43751365649
1.35418744229e+14,7.08440294233
2.42588161453e+14,0.198564484275
2.16297169505e+14,6.36043666478
1.97175444409e+14,3.79342868335
6.20913508432e+12,0.401936026936
9.97471211692e+13,0.656749610166
1.27618529234e+14,12.8988726959
2.61705438922e+14,4.86279216914
2.72736048409e+14,0.691319135075
2.52692748892e+14,4.72127590862
2.43513943596e+14,0.0928455284553
2.47595933256e+14,3.70039690041
3.97219181576e+13,7.29805381811
2.9963483308e+12,3.00098259257
6.51555987096e+13,11.2635240351
1.21000308725e+14,6.01380180799
2.36798532657e+14,0.148387096774
1.90593038085e+14,3.39519180237
1.46654929372e+14,6.94775633621
1.56057997767e+14,5.09778121519
1.69228846417e+14,6.9690910836
5.44411472556e+13,0.889561146024
2.65226656525e+14,9.08816404686
3.2996823049e+13,0.295557366721
1.17949599974e+14,0.201232625229
4.72247748145e+13,3.39178098214
9.7141933435e+13,9.32753115506
7.76473996952e+13,3.07613374402
2.39797984634e+14,6.5568845779
1.36027145389e+14,11.3993167159
2.12514735705e+14,1.94012293778
2.24930427134e+13,6.56057706217
1.22701069221e+14,9.12892990779
2.72427517625e+14,6.13746572922
1.52920029398e+14,9.45580109825
2.68300635622e+14,7.89564181509
1.58438075626e+14,3.86293327813
2.0088187284e+14,3.39103738758
9.42039087563e+13,9.21911602011
1.29738448911e+14,3.18832415679
2.48592661766e+14,7.1115494404
2.58366724142e+14,8.99253869884
8.54365645836e+13,8.17452915316
1.39290123533e+14,4.10523612122
1.24899115173e+14,7.62742477706
7.52990641284e+13,6.08281281676
1.30119881872e+14,11.5925740378
7.25566812862e+12,7.33574968392
8.02094072718e+13,3.31046607263
2.09245174766e+14,8.86714842561
8.20894353703e+13,8.38672249601
1.74545778025e+14,9.87925557182
2.28842121459e+14,7.82488367497
1.23778562138e+14,8.03846153846
2.62110948525e+13,0.416074903548
2.00421018918e+14,6.53388897431
1.96796573705e+14,11.1539560168
2.40428467147e+13,6.30216249063
4.60305331903e+12,0.0625
2.06019239861e+14,7.38258428935
1.43967918204e+14,8.54443742886
1.48614642708e+14,2.52554764398
1.57227183036e+14,0.346371882086
2.42302193513e+14,3.05813540887
1.22474313409e+13,1.92278939719
2.16484214867e+14,6.74356045694
6.47488532305e+13,7.82331819184
1.9704733177e+14,0.0838709677419
2.68914937042e+14,2.5620526551
2.49871297935e+14,10.7595382965
2.19920048297e+14,5.61080562771
1.08124519581e+14,11.1022134309
2.10646117158e+14,0.27652568105
1.77139752365e+14,2.71446511563
1.60388342471e+14,4.96318408532
8.96060163532e+13,0.550438596491
2.4832527942e+14,4.42953922186
6.86297284699e+13,5.5873015873
1.28790728769e+14,2.51616190607
1.52775024393e+14,3.25568049732
1.62168734813e+14,7.47140476636
1.90317041937e+14,2.89282019662
1.30143335733e+14,5.54497980401
3.62330625054e+13,8.84688955068
2.6856317666e+14,1.51590708561
2.34462887814e+14,0.544298245614
1.1674321878e+14,5.07875102006
2.42886671238e+14,5.67424473624
8.9551754544e+13,6.48613045204
1.23473632011e+14,5.57395154984
2.69252632196e+13,7.92445799297
1.08574746071e+14,2.97809103396
2.4641423265e+14,7.6451062027
1.59340004234e+14,3.32568790779
2.68066216454e+14,5.08625387756
8.12887446066e+13,5.85391319973
1.94910411548e+14,1.08238486828
2.67997237246e+14,2.03299765826
2.7615888859e+14,5.65246947494
1.35323781601e+13,4.06244927509
1.57331145987e+14,7.46084116305
2.34028499692e+14,0.221774193548
2.14960714788e+14,0.975455067021
9.1786417325e+13,4.31143286902
1.67439762413e+14,7.35675024567
2.06926320089e+14,3.0564076628
1.3296525169e+14,0.357088836247
2.58698171338e+11,11.4080866833
1.63894140835e+14,0.707483872673
1.51397180266e+14,6.65470459508
1.30267233506e+14,4.69760402103
7.52661296404e+13,4.6543937032
2.59696172391e+14,0.208232780263
2.1179766361e+13,5.07729260587
2.66015597903e+14,12.3149190665
5.87671463229e+13,2.14089025492
2.24818598034e+14,0.518796748508
1.06776283621e+14,7.91868686869
2.64270933816e+14,7.35044839221
7.75102590494e+13,7.10829131171
4.36547821168e+13,6.02939979333
8.78912898631e+13,0.476448990296
1.70872374068e+14,6.7235170158
2.56999728207e+14,2.72532534312
6.04930004039e+13,8.00826336205
2.4890052661e+14,7.78955144486
2.00816536352e+14,3.30452216934
2.55600456595e+14,0.0673382820785
3.89793741925e+12,12.7775778012
1.6635235515e+14,7.361839791
9.77252262922e+13,10.7678187659
4.40594636155e+13,3.53441558442
1.24155238665e+14,7.92229719713
2.2204072163e+14,1.79515896108
1.48040747409e+14,10.586316557
2.45694179782e+14,11.5640633131
2.15422475728e+14,5.30444096248
1.35064854531e+14,1.20537640105
4.66611315251e+13,6.59960488302
1.89042531196e+14,1.40689319335
1.62415048652e+14,3.88771108745
2.17586476076e+14,5.16786308929
1.28197490267e+14,0.4375
1.57500917306e+14,8.06695265314
2.6530319962e+14,7.50705601416
2.43315219783e+14,0.0969696969697
2.17089473711e+14,5.57856388243
1.09907377028e+14,7.23764779506
1.74214112507e+14,5.18179806465
1.14728394856e+12,7.05782144076
2.70805244561e+14,8.33733605105
1.66705672653e+13,1.46273175101
7.54788742974e+13,0.148387096774
1.14528673214e+14,3.01372556261
6.79511486331e+13,9.48847550507
2.43111716385e+14,9.27387809093
1.76641666106e+14,0.883063366325
1.26773969716e+14,7.85091097498
3.08216437955e+13,1.16210909622
2.24614537846e+14,6.65577802253
1.70099355871e+14,6.11880055291
2.04524410173e+14,8.35019799318
2.55108381473e+14,3.12141753478
1.76652937336e+14,8.41605020597
1.52865289725e+14,9.63300744402
1.31349873683e+14,11.2803512967
2.65760045241e+14,0.718719313497
3.95060814545e+12,1.68559015095
2.13306867797e+14,9.52888230863
5.7276013722e+12,6.39068735105
2.37316892785e+13,1.80931588629
1.60603473511e+14,1.77844986253
4.10820032523e+13,4.4637049884
6.73306820926e+13,3.81987767186
2.75897522325e+13,7.52136715612
2.67283033877e+13,8.38908099753
1.19890220508e+14,7.54992653232
4.99103739034e+13,7.20105641329
2.56852096187e+14,6.17903663179
1.07772709571e+13,7.23933371681
2.14584281198e+14,0.823139142471
1.6991784979e+14,5.72030740324
1.60864595514e+14,9.74569577923
8.73180692614e+13,3.66471683603
1.78970748045e+14,0.46439611668
2.62705923972e+14,3.38977353061
9.94400559647e+13,0.319237170374
2.65163944891e+14,2.98846598409
2.38662746084e+14,3.63523597515
8.19112148593e+13,0.283028083028
5.02528748903e+13,7.02012442989
1.16599691431e+14,6.37545360497
7.41870992846e+13,7.96952069158
6.91029685075e+13,4.43947348135
1.84112515024e+14,5.33723075276
1.20951264179e+14,3.46883030691
1.88702325462e+14,0.52496812823
1.72234951589e+14,0.363636363636
5.20869609749e+13,0.625782930631
1.77689432301e+14,3.62980335194
7.75505794121e+13,3.0192628031
8.64796554046e+13,6.9934225912
2.5152770174e+14,0.186706917724
1.86280428951e+14,8.63573853769
2.66095639021e+14,5.09034525923
1.74289330863e+14,2.53959099558
1.03651624666e+14,2.31421716042
2.26415533154e+14,4.84668478086
2.61181392006e+13,0.397205199782
2.16355460292e+13,5.50984701573
3.20801710542e+13,9.24010487407
2.73820937809e+14,4.36807471731
3.27400348601e+13,1.40216885363
1.49597438749e+14,7.08400605845
1.21554462848e+14,7.37526563924
1.12273684856e+14,0.892045454545
1.22378779045e+13,0.524953982333
2.64536673742e+14,8.55666474909
2.78909903742e+14,1.67773338716
9.31339845746e+13,6.28004577313
2.04948846214e+13,5.13253299129
1.03137399981e+14,2.45712899897
1.23597550896e+14,0.487790526625
2.09662399035e+14,0.0624609130707
2.06267181923e+14,1.29524683352
1.5763192897e+14,5.0744006844
1.76877424296e+14,1.07792127759
9.18794631835e+13,0.872725333788
6.53060720713e+13,8.61864107102
2.21932270849e+13,0.407230732495
1.37443158625e+14,6.87933074588
9.4560788392e+11,0.430547904582
2.45615748711e+14,6.141410586
7.3906568185e+13,4.42502811358
1.74124560961e+14,0.151133501259
1.65336123149e+14,3.40761187216
2.23584772615e+14,6.85358027012
7.35832069849e+13,8.0053811504
1.3760560233e+14,8.4086986593
1.64417451775e+14,8.26215078454
2.53271533355e+14,7.12888916189
1.9869438366e+14,6.83370405926
1.77452434214e+14,3.61531333288
2.80320236302e+14,0.404203935599
1.07208702167e+14,5.30817847612
1.81341849988e+14,8.11244999921
2.37787471697e+14,3.07770491134
9.68519933288e+13,2.47272727273
1.16735755602e+14,0.216161854986
2.33649866316e+14,7.41933748261
4.98117099061e+13,1.6
2.23905543298e+14,6.31425576143
2.03039386367e+14,5.66522557461
1.44217691774e+14,2.33596105987
1.65161114898e+14,2.34391507985
7.25988958241e+13,6.09730932123
1.00945052018e+14,5.53160384009
8.60389648171e+13,5.28595089863
2.23882637332e+14,1.77469495362
2.75053036193e+14,8.65518256878
1.32077105548e+14,1.1649819797
8.54910080995e+13,6.0576342793
1.32171843985e+14,1.29559536472
7.4123462264e+13,0.376003423192
7.90225486164e+13,7.07877881559
2.38950846627e+14,7.10863622584
1.8483532336e+14,3.23579143697
8.62025520577e+13,9.66284303279
1.14301701516e+14,4.55151300053
9.25530200609e+13,6.42034403222
1.56115613135e+13,9.58326510887
2.48001133001e+14,8.40270760277
5.75372881543e+13,4.69809956547
7.30920574681e+13,4.55175438596
1.04694606401e+14,5.30465156865
2.04320058808e+14,5.195241757
2.56768913599e+14,2.69659909386
1.07481579245e+14,1.80264298442
2.2201439109e+14,1.61496768814
1.25444691852e+14,0.0838709677419
2.55854118104e+14,4.1836859617
2.39617595461e+14,6.1050180792
1.66381253952e+14,3.52866647785
3.57198428418e+13,1.83871704728
2.00978257359e+13,1.45167056049
9.47789295547e+13,0.222034889726
1.87508449567e+14,7.09726117121
1.02739493627e+14,5.24461497189
1.47548269162e+14,2.31314262023
1.54373168427e+13,0.0838709677419
2.8310655563e+13,6.76963780524
1.55755388552e+13,4.89757230581
4.36598012511e+13,8.53594860508
1.04018485083e+14,5.80067322465
4.24618318165e+13,4.18881279238
1.49487618546e+14,8.16288023206
8.58034925069e+13,2.30352941176
1.11377316816e+14,3.33895436981
1.1821004619e+13,6.10543006599
2.43790547396e+14,3.03581296223
1.30668883855e+14,0.636239420059
1.91195174908e+14,10.1677931143
1.99626950168e+14,9.16213307308
2.03648243387e+14,11.2747414423
1.1516098808e+14,6.33353931878
1.92715263465e+14,6.8405088011
2.40897030622e+14,5.46635506416
2.27893179815e+14,8.53074322729
1.24231692956e+13,0.426530612245
1.8916968095e+13,3.75315425315
5.71049959399e+13,5.439673799
6.69156427625e+13,0.509889070239
1.17615297394e+14,3.38019226206
1.01343768002e+14,3.85800181848
2.57687552937e+14,12.3448245971
1.1098472272e+14,9.80786223861
6.90740948841e+13,4.89232494107
1.2930379978e+13,8.1849448043
2.15557177419e+14,1.13672417096
2.22329328153e+14,7.79205170871
7.20447298225e+13,5.62081376596
2.23435569102e+14,4.40853397
1.62269350293e+14,6.77546674725
9.9483108555e+13,2.90338065849
2.3370422019e+12,0.968115942029
2.20735705757e+13,0.99305889247
1.21210512389e+14,1.18299352308
1.09061503049e+14,10.4774170984
2.69622849224e+14,3.35286720348
7.07096302114e+13,12.3959203856
4.37751142065e+13,9.81579846607
6.58126335294e+11,7.46171005366
9.34447955777e+13,0.252648652775
9.36397441447e+13,4.91055885048
2.63505573296e+13,7.53383655229
2.46211526745e+14,9.96012212771
2.54503293116e+14,2.74148761239
3.81370620204e+13,6.4498030733
1.89938474037e+14,7.66168934517
4.34309174818e+13,0.178622875252
9.12089119839e+13,3.32417617118
1.39988611544e+14,0.994209843805
1.70865049245e+13,11.3789295125
2.65713929258e+14,4.79155851732
1.47117065813e+14,7.6846089831
4.98819491833e+13,0.46439611668
1.94724251818e+14,1.27940547717
1.64223497384e+14,4.32151513251
9.61614859503e+13,5.92036224467
1.23530449831e+13,1.97149278167
2.45227034584e+14,0.140606060606
9.0491706822e+13,7.01060536504
8.948479286e+13,7.13785708943
1.55053276607e+14,8.98391036317
1.55784077394e+14,9.98574596136
1.90446142435e+14,5.41223530181
2.10999820468e+14,5.72298199355
1.50741374478e+14,4.07947928584
1.22313061896e+14,8.56194857234
5.30999153145e+13,11.9648674426
5.22660264564e+13,11.7852715345
1.87406534944e+14,1.89642259269
1.68035058171e+14,4.67848007934
2.22316855586e+14,6.91576558416
1.87226784032e+14,8.934421739
2.07829362261e+14,7.02938275567
2.62499208314e+14,11.8281510626
1.8359586e+14,8.14502516966
1.74985029179e+14,11.9778802757
2.48088508221e+14,5.69718335234
2.28758278473e+14,4.7662700705
1.09943564226e+14,7.61066547525
1.29396214714e+14,9.65730614749
1.70250103688e+14,7.98850112346
1.46693860695e+14,0.18533764202
1.79128147661e+14,0.0838709677419
2.81023610321e+13,3.49705960962
1.96314745962e+14,3.58820329505
1.57970237402e+14,4.95165478743
5.25959179544e+13,5.13256884878
2.33426944219e+13,4.65417142394
2.87711497599e+13,5.64658477242
2.15854623588e+14,5.2653968254
2.33791796824e+14,5.37876129352
2.34718112845e+14,2.49162907429
7.42656314014e+13,6.43707211393
1.09350416893e+14,9.83346756499
5.5461560004e+13,0.516608185757
5.69270910531e+11,7.80411921874
2.47580604866e+14,0.238650472335
1.25685838069e+14,2.95296155149
2.44496847624e+14,12.5063546202
2.32911598482e+14,0.26984610078
1.04144469075e+14,10.2449094511
3.01173840425e+12,0.369363989251
2.10348893681e+14,0.602526961869
2.33420767803e+14,5.44349858379
1.69727426718e+14,1.1086187402
1.78074488743e+14,0.775424854818
2.03247156993e+14,1.0911308684
5.00255953074e+13,1.01924693448
1.38638232942e+14,1.52805340012
2.2694090181e+14,9.25405148063
1.86936185981e+14,0.302229845626
1.48967858295e+14,4.78002041922
8.16002235269e+13,3.45030631188
2.03364489115e+14,5.69094852156
8.15784987929e+13,3.62983541697
2.5015087817e+14,3.61199503219
1.6960798064e+14,6.20569444354
2.72801878231e+14,4.46307200141
2.11894438508e+14,3.7916797518
4.63374536125e+13,1.31265306122
2.19152237078e+14,1.11049132152
1.16617797744e+14,1.16393376167
1.99299463849e+14,3.23775479672
2.07933867171e+14,9.57331143188
4.14776553077e+13,9.07530949251
1.89197133795e+14,10.6021975459
1.00056105772e+14,6.06496771203
1.45539402127e+14,10.2683902041
1.63283984121e+14,0.410472233859
2.00774665952e+14,1.31556524857
9.60649161599e+13,1.21951219512
1.47851954785e+14,6.60293901504
1.47548327378e+14,7.2977909645
1.85564105264e+14,8.77228925003
3.12109064309e+13,8.07741149931
6.73494910766e+13,2.0380815381
3.15518954235e+12,8.65018173189
2.52441858907e+14,2.92964999947
2.67167101366e+14,0.812301295752
9.80789843532e+13,7.87434055096
1.19739271328e+14,9.39992045467
1.42284557909e+14,2.59768004121
1.53758510536e+14,0.488409576881
1.22316028663e+14,0.501601322765
5.15192748641e+13,8.3201397384
9.97616671718e+13,7.59638608873
3.53134744837e+13,9.87570246446
1.55780304447e+14,5.1628518266
2.64864480305e+14,8.7657339049
1.60439413756e+14,5.51090440768
2.47903728445e+14,4.23114005895
1.46759907661e+14,8.55935542952
6.32028060749e+13,0.736359288727
2.0133571392e+14,13.3951028513
1.02290048993e+14,8.66657576955
5.17502361752e+12,0.937816370203
2.6558520156e+14,5.31386795665
1.34030521386e+14,4.15723522046
2.08391582256e+14,6.91923100913
1.97717594307e+14,3.90904588407
1.65311167223e+14,8.41641256807
2.01575985473e+14,8.96048923771
4.49432391014e+12,9.28707537673
8.09551835904e+12,4.70914642135
2.39025236457e+14,4.85165217187
2.27653955452e+14,9.08219938181
2.07624303463e+14,5.38228778381
1.98674391613e+14,9.25592454022
9.2356449044e+13,2.55912501493
2.36236637096e+14,8.32634984976
2.62222704353e+14,0.18533764202
2.52611928712e+14,2.06032775327
2.38190420084e+14,1.13890885643
1.63355054187e+14,5.9335669948
7.42379081027e+13,8.0719514134
3.08200259354e+13,2.4753762818
1.04093966974e+14,9.96280663416
1.95632534943e+14,7.00460404133
2.65772742598e+14,0.0790128520645
2.74314723729e+14,7.6634316404
1.54565728004e+14,5.89179876178
3.78237449109e+13,2.17547399205
3.73705772314e+13,1.65815382961
1.65075408023e+14,5.62969447789
1.55363850706e+14,0.160332836562
6.27405921847e+12,2.12513233931
5.91953127255e+13,6.02759490875
1.8290920427e+14,1.2216412488
2.55928809836e+13,4.36670033865
1.63400609672e+14,4.00274900428
1.21521254731e+14,6.03680281072
7.96913237499e+13,1.84415936609
2.56058671546e+14,3.58461538462
9.97919766155e+13,1.38530564376
9.86387107405e+13,4.8517731514
1.93870791644e+14,0.72985992254
1.52776060309e+13,0.843296967762
3.49279157817e+13,3.94649542649
5.92483385299e+12,5.96425385483
2.49283843754e+14,3.11633060184
1.64747851477e+14,0.604776048682
1.5614161389e+14,4.10492177285
1.12844513951e+13,6.9918179382
2.52615308099e+13,13.7386989663
2.3073511458e+14,9.60986480027
1.87897403234e+14,1.71820705074
2.18643627339e+14,7.47382886938
1.0515493175e+14,4.59607249933
1.08417317926e+14,10.4801600858
2.54705153286e+14,5.45930179253
2.45694449414e+14,8.03230918702
1.79862970568e+13,8.13033196312
4.60364146049e+13,0.526637587503
1.77949464452e+14,1.27186906497
2.50333816848e+14,6.57061646071
2.08251787089e+14,0.366424190343
1.01796452163e+14,8.06925257509
2.74421749303e+14,4.17664798609
6.57764998754e+13,7.95066160204
8.91448217077e+13,4.94905594279
1.4390040805e+13,6.44832805299
9.71051829742e+13,4.9274469398
2.86000096006e+13,4.23299807105
1.2929513448e+14,3.8519970799
1.09030147674e+14,5.88332948333
1.161105166e+14,3.50925147183
2.1997528279e+14,5.22216736039
3.22519133856e+13,3.09112986762
2.27930548404e+13,8.12268556994
1.58669844907e+14,3.09768309339
1.60596485589e+14,5.15653473746
2.52084489929e+13,0.606308223389
1.58106550506e+14,1.29166614498
1.18148660598e+14,5.86036292356
1.09943400933e+14,6.60969278946
9.11855256982e+13,7.46044960667
2.29548292546e+14,3.8972029035
7.38502192534e+13,10.0433795415
2.60516833701e+14,4.61543022791
1.97661450739e+14,3.9923586782
5.40711141188e+13,0.352748544701
1.21845603761e+14,3.97807099072
1.48767799061e+14,3.9724801041
2.4546477433e+14,1.10225336235
7.70435794244e+13,8.3630800893
2.63840061036e+14,2.87311836612
1.50146903758e+14,5.56923076923
2.47242188998e+14,3.15140050888
2.70257250269e+14,14.1516669358
1.84216128811e+14,4.56318910823
1.77664735655e+14,9.85259126155
1.62262779884e+14,1.53610445098
3.3214456764e+13,3.79161825317
8.407540975e+13,12.6606239115
1.48418735298e+14,0.840900326994
1.48598554951e+14,11.5625933023
1.92501264234e+14,2.5822652918
1.67340447711e+14,1.77662958474
2.48873950357e+14,2.3534436124
5.78767228392e+13,10.1323265328
8.57263932922e+13,7.79313131313
3.56395703211e+13,5.74047917758
4.60053091365e+13,5.63007501113
1.19371707338e+14,8.04670850723
2.82506501506e+13,0.783813010976
1.07358057904e+14,4.79499654384
7.05560924945e+12,8.00539008274
1.97461918835e+14,9.65350764342
1.19927152615e+14,3.91313688708
1.95118555998e+14,8.24148313618
2.59438053236e+14,3.13925941795
1.40677937576e+14,3.70144005462
2.66814427513e+14,3.52339343909
2.30700060552e+14,8.46127429943
2.03759416617e+14,8.26850209411
2.6880754664e+14,2.49702042016
1.24497154484e+14,7.89802672786
7.42599585154e+13,14.6390431499
1.71653552445e+14,6.04173915375
3.05873398945e+13,6.86305872264
1.8638174906e+13,6.27278168068
1.82360560795e+14,0.025641025641
5.0738374328e+13,7.28419671947
1.29320216893e+14,2.61715821065
2.04089988221e+14,12.2206653012
1.45698865469e+14,9.88247680484
8.48818554406e+13,5.20237231997
5.10260138042e+13,0.792291945468
7.60072702031e+13,4.85532066278
1.39263336616e+14,1.9935210391
1.78567482558e+14,1.40415045398
4.54971300288e+13,6.97405888721
9.75518364259e+13,10.1097192529
2.13821527496e+14,8.76025994275
1.34448357685e+14,1.72954346295
2.26173072073e+14,4.31840523731
1.44301665157e+14,6.14372483403
1.34211455518e+14,3.28309343609
2.15479349761e+14,3.4703292999
2.35165123308e+14,0.313432835821
1.0571695993e+14,0.608130081301
2.50475870208e+14,2.16666666667
5.20482078656e+13,4.80927099982
1.64566126579e+14,8.30499297862
9.10980751214e+13,9.03089226355
2.74991768029e+14,1.56021774227
2.27833378363e+13,4.1205745264
2.19220989329e+14,7.15691495059
2.4474108162e+14,5.07678030426
4.90698276902e+13,6.85298933912
2.21022197696e+14,1.82384825141
2.45823906902e+14,1.89961091256
1.26107764672e+13,0.760470873067
2.78333325646e+14,6.98436205741
5.52612672386e+13,0.0363636363636
1.25363532756e+13,5.31277228413
2.394223526e+14,0.0815295815296
4.48133122824e+13,6.96489422497
3.79058363758e+13,4.67630051497
1.65909263277e+14,11.5044903877
2.66218820407e+14,2.83776189176
1.99776428486e+14,4.01717704956
8.17959713789e+13,10.3818545727
2.4273809017e+14,2.72309714966
2.08354414016e+13,0.0243902439024
9.16362384791e+13,3.0718955857
2.58481349981e+14,0.131947890819
1.88998876312e+14,8.53347885341
7.90738506954e+13,6.9832300557
4.09702194563e+13,2.79743691092
2.42977190777e+14,1.51168110596
5.48016788764e+13,4.15412037699
9.48488063588e+13,6.38591288474
3.94476336126e+13,9.48420087652
2.68450815961e+14,5.59200992755
2.80366389909e+14,9.98539378906
6.15463433357e+13,1.02272727273
1.02272192094e+14,4.64628357217
1.17398206851e+13,7.964853054
2.18077472094e+14,6.147372556
2.78063361706e+14,7.12887936489
2.20231655127e+14,8.63391644134
2.17195070415e+14,1.78509050805
1.26745636669e+14,8.05526650933
1.95249322195e+14,3.57930915277
1.8029616245e+14,6.31196252773
2.00535652075e+14,5.69385019704
5.78971004516e+13,1.75654689875
1.54630861953e+14,7.06939157082
1.62102524778e+14,0.429972053126
2.04719603755e+14,0.644109896271
1.16203807775e+14,3.30016575152
7.68361294313e+13,0.437186404878
2.31633185612e+14,5.39349228612
1.97564268593e+14,3.07052041939
9.91325907377e+13,14.0407329916
1.12807347961e+14,11.0140147214
1.67333498367e+14,6.14162078505
1.3906083166e+13,0.460869565217
3.44308541356e+13,4.49411683343
2.75752508434e+14,3.21043753242
2.22916264374e+14,8.33255895229
3.63222171628e+12,0.623921252465
9.92300566567e+13,9.29957502642
2.03136331159e+14,4.56518057573
1.18974946814e+14,9.28392678075
8.12669060237e+13,4.81556473583
1.62341170821e+14,0.471345262477
1.71787827088e+14,8.66280931712
1.02947031312e+14,7.88380208266
7.8872319412e+13,0.333333333333
3.86525056801e+12,3.88307284705
1.37853965577e+14,1.82574035385
3.84172617706e+13,0.349315687851
2.42049237994e+13,5.33727568971
1.28420702686e+14,6.84066497491
2.10846512536e+13,9.65889112267
1.52886913384e+14,5.29819594978
1.92163197278e+14,7.63055522354
1.30565259557e+14,6.65938881522
1.75413774938e+14,6.16562497674
2.20477867288e+14,6.35322976317
2.64877469069e+14,5.83706069624
7.77875589548e+13,7.47153165597
9.65664128188e+12,5.13341059975
5.83775356312e+13,11.0836072084
2.28827625615e+14,4.38701318885
2.15401422145e+14,7.06431000698
3.57520769883e+13,9.22643537212
1.0432691802e+13,5.71229680915
3.7596771121e+13,2.41078164797
2.70896127432e+14,11.2097318164
2.31302186504e+14,5.13053938004
1.3560337272e+14,6.71687054698
2.27716900738e+14,0.297474964674
2.62614068412e+14,0.788888888889
2.32927698096e+14,3.78263199907
2.09202422057e+14,2.26770383829
1.34446352338e+14,7.6744176548
5.30564410735e+13,6.48792812758
2.77845039348e+13,0.24047086333
6.70509098269e+13,1.55914839165
4.5028186501e+13,6.06377697471
1.54021923137e+14,1.03549497267
3.85632838643e+12,0.62346547295
2.08778160832e+14,4.06257572501
2.9725787831e+12,0.209483562002
4.80080932237e+12,3.78634302956
8.52956231146e+13,1.13193960511
1.78756119443e+14,3.58664281797
2.80012146301e+14,5.16939981699
9.01644372684e+13,3.90372433022
4.45327398041e+13,7.68164009268
5.12413602174e+13,4.05181781409
2.74098355298e+14,1.83777956424
1.88476430633e+14,4.04608403674
1.44960910102e+14,0.324694652339
8.62330424483e+13,0.785497382696
1.39145280356e+14,4.29505636219
1.80642804169e+14,4.3537262262
2.69002553558e+14,11.8123376084
2.35965172349e+14,5.52461543817
1.03465915526e+14,7.94581697964
1.2135635593e+14,0.0606060606061
1.59312126579e+14,6.11187344512
2.07677416761e+14,0.140606060606
2.60715937576e+14,9.69842739293
9.71256407624e+13,7.10496732251
3.17189953146e+13,0.0876456876457
2.70419932159e+13,6.93533999696
1.8896809516e+14,13.3955141344
1.3701836579e+14,6.41533327442
2.3538594508e+12,4.936582798
2.44617011832e+14,0.99475151714
8.35188245278e+13,5.69809692877
1.90410512158e+14,6.58211688427
1.74997113266e+14,1.68675156515
2.20984287898e+14,9.54817321074
1.35895374206e+14,4.74132869714
9.29911595171e+13,3.72574860025
2.72009645793e+13,6.45096031429
6.65164884254e+13,6.79958881542
1.67701096463e+14,0.18533764202
8.44461298421e+13,4.65154165887
1.72706308234e+14,3.12638888889
8.34363036999e+13,6.20889393743
9.59913219557e+13,5.50445403995
1.52964435155e+14,2.96212121212
2.42078332484e+14,7.83179855243
1.35173788188e+14,3.50021366691
4.43471789322e+13,5.79240428788
1.03037053295e+14,6.36789711346
8.93173695073e+12,10.0715455704
1.10270295012e+14,0.921214795827
9.40434423869e+13,6.50901423715
1.90672654068e+14,2.76184576184
4.39249128898e+13,4.69936836379
1.85833941547e+14,13.0789072729
2.7150516606e+14,7.8591204003
6.31975176149e+11,0.840226590828
2.3871620385e+14,7.51374439674
4.42852319006e+13,3.04136387261
1.69478607651e+14,8.75965026855
9.78400401981e+13,10.2024141701
1.70643526672e+14,5.86439172229
2.1910521455e+14,2.71326159695
1.59667284919e+14,2.2697093269
1.82930069246e+14,4.38428615944
2.0729227084e+14,0.263157894737
2.19806613211e+14,5.25424729248
7.00888370788e+12,8.32193433452
2.22691399762e+14,6.4525933106
1.83183659929e+14,6.99482894245
1.70293619379e+14,7.53110152678
1.50755791749e+13,10.3440356064
1.96807397845e+14,10.2475378
6.1187747455e+13,7.12243055714
2.21898732882e+14,5.08105687416
1.970680386e+14,4.67068768661
2.55043515301e+14,8.77818701629
1.06641343482e+14,5.59619579421
1.25993378922e+14,3.18085115675
2.41234394217e+14,1.8381952876
1.69236653533e+14,8.38865241144
2.22390226496e+14,7.87094080788
1.95663429876e+14,
2.09143035085e+14,
4.64139563049e+13,
2.54907596783e+14,
1.7477656125e+14,
2.086782893e+14,
2.66324269404e+13,
2.06005341778e+14,
1.41591729822e+14,
1.75990252624e+14,
1.5343127194e+14,
1.19700766446e+14,
2.15203382829e+14,
1.77341266494e+13,
1.11981713838e+14,
1.71886004388e+14,
1.35177636533e+14,
1.61249995948e+14,
2.07004766748e+14,
2.70675073368e+14,
5.4424944212e+13,
2.56442338058e+14,
3.50921123255e+13,
7.90853629502e+13,
2.80551934538e+14,
5.75857301853e+13,
8.1884179157e+13,
1.33024147409e+14,
2.61678324677e+14,
2.15547828279e+14,
1.6192747546e+14,
9.56142903504e+13,
1.20366616603e+14,
1.70528933667e+14,
2.32143073164e+14,
2.7979589368e+14,
1.90455535508e+14,
5.45414952981e+13,
1.75789446322e+14,
5.8455459356e+13,
1.59853070871e+14,
2.22219904915e+13,
4.42720127059e+13,
1.48487661404e+14,
1.98427381474e+13,
2.36670506996e+14,
3.87026072638e+13,
1.58291827622e+14,
2.18192315269e+14,
1.17050510173e+13,
5.6499525585e+13,
2.74400026455e+14,
5.47355780629e+13,
1.0798927487e+14,
2.28129387465e+14,
1.92752249102e+13,
2.57562364842e+14,
1.78331441087e+14,
1.26804785748e+14,
1.76449519378e+14,
1.50679588322e+14,
2.01033324491e+14,
2.78687935633e+13,
1.38031286544e+14,
1.77310179791e+14,
2.65176626983e+14,
2.4032073003e+14,
4.5414232945e+13,
2.27685042463e+14,
1.75354956291e+14,
4.83132084354e+11,
8.3875448646e+13,
2.45805741124e+14,
2.0236402876e+14,
8.48952625256e+13,
1.24032218516e+14,
1.52578437302e+14,
4.09719942391e+13,
2.4041578323e+14,
2.23970752406e+14,
1.37005556017e+14,
1.28864405936e+13,
2.41015251834e+14,
1.62667074459e+13,
1.92342922433e+14,
1.07024383177e+14,
2.199528473e+13,
4.08817353759e+13,
1.38510044467e+14,
3.68783031892e+13,
8.30091878524e+13,
2.41342559586e+14,
2.71450045e+13,
2.73034513689e+14,
8.70924040076e+13,
3.8881829751e+13,
2.22567762512e+14,
2.51254678417e+14,
1.38559880618e+14,
2.71123772773e+14,
6.85927753607e+13,
2.44179564221e+14,
2.32107925918e+14,
2.49260248266e+14,
1.70018410672e+14,
2.7759591592e+14,
1.8746389538e+14,
1.29038027544e+13,
2.99406332397e+13,
8.11659915983e+13,
2.22874285381e+14,
2.8171380769e+13,
1.84118013739e+14,
1.34376736401e+13,
1.93449091556e+14,
1.3070545721e+14,
1.23688696854e+14,
3.77915645215e+13,
3.96301586782e+13,
2.37343203306e+14,
1.00053880785e+14,
8.27443633419e+13,
2.00455921876e+14,
6.14216519292e+12,
2.79514394792e+14,
2.24068883538e+14,
1.3695875694e+14,
1.801478748e+14,
8.17961127984e+13,
1.76967912126e+14,
1.02168017064e+14,
1.37722561866e+13,
8.2732405365e+13,
2.73353604354e+14,
1.68537234551e+14,
1.59504806845e+14,
1.57308475282e+14,
2.1043442501e+14,
8.0871785802e+13,
2.2737039153e+14,
2.11605118798e+14,
1.94362650036e+14,
2.10213531009e+14,
1.53989018476e+14,
1.71526313683e+14,
3.50810309327e+13,
1.05466797236e+14,
5.3218584087e+12,
1.84187983127e+14,
1.27925538906e+14,
2.22386934316e+13,
2.68831848811e+14,
5.26375557799e+13,
5.39715109297e+13,
2.0990830207e+14,
1.99294408938e+14,
5.78738422664e+13,
2.34090252942e+14,
2.23153668719e+14,
2.1615218234e+14,
3.55656660155e+13,
1.69674523218e+14,
8.89595522838e+12,
1.91826600521e+14,
1.4030370386e+13,
2.45072506684e+14,
2.53644008789e+14,
6.90391675533e+12,
1.60149072255e+14,
1.28769897813e+14,
1.49675804707e+14,
1.51800098845e+14,
5.5844772639e+13,
1.65311198591e+14,
1.01363572681e+14,
8.37943455952e+13,
4.65229804213e+13,
1.71942115062e+14,
2.69455609234e+14,
5.53248345746e+13,
5.76617483554e+13,
9.88873244499e+12,
4.24358869343e+13,
5.00908692033e+13,
3.7227084419e+13,
4.2082997021e+13,
2.26805432349e+14,
1.6285645439e+14,
1.98895012048e+14,
2.18869630331e+14,
2.21671115975e+14,
2.4619198319e+14,
9.6866962076e+13,
1.15481037815e+14,
1.77143223817e+14,
2.43477718577e+14,
1.89447850523e+14,
2.3533792683e+14,
5.51244441624e+13,
1.27356254846e+13,
1.0655138465e+14,
1.48055848246e+14,
1.09619914394e+14,
1.53990495173e+14,
1.10916817665e+14,
4.44148713988e+13,
1.24152772784e+14,
2.60675915572e+14,
4.76502833802e+12,
9.58829096329e+13,
3.16270384664e+13,
5.63235550401e+13,
1.60683341497e+14,
2.46880262294e+14,
2.70916077326e+13,
2.06533974795e+14,
2.50655463392e+14,
1.55103956738e+14,
2.29189138041e+14,
2.4537990715e+14,
4.39897064876e+13,
1.88544693576e+14,
1.33973619897e+14,
2.06671399832e+14,
2.30755870642e+13,
2.57469140962e+14,
1.18767722345e+14,
2.11952715893e+14,
2.51867605678e+14,
2.59571404192e+14,
4.97432176088e+12,
9.38035670245e+13,
5.37303680414e+13,
1.48868067025e+14,
7.01256223175e+13,
7.83302856949e+12,
2.62371570914e+14,
8.45279405531e+13,
1.3550347116e+14,
4.19482024636e+13,
2.50932662646e+14,
7.28390622315e+13,
6.80426888811e+13,
5.29359628706e+11,
1.88791026461e+14,
1.25491746739e+14,
1.68947918832e+14,
1.44686347864e+14,
1.86746974153e+14,
1.97562568831e+14,
1.46009375331e+14,
3.27228228141e+13,
2.63542618622e+14,
2.24491545682e+14,
2.77869567344e+14,
2.80792289289e+14,
1.75242892637e+14,
2.12749323854e+14,
3.64463532467e+13,
2.21891249499e+14,
2.04753124869e+13,
3.36947239511e+13,
7.53310443381e+13,
2.38146342051e+14,
1.66489048052e+14,
1.27951368903e+14,
1.24617211521e+14,
4.91465038895e+12,
1.36706554184e+14,
1.53108634256e+14,
1.92884020544e+14,
2.01179046241e+14,
2.70869805634e+14,
1.92896986549e+14,
2.78517045033e+14,
9.93448957107e+12,
1.94906127072e+14,
1.00801189213e+14,
5.86013605217e+13,
2.13426474154e+14,
2.3454439415e+14,
6.68650667545e+13,
1.81455023608e+14,
2.76952074789e+14,
2.42513268886e+14,
5.06513777464e+13,
2.71579684489e+14,
3.78852428068e+13,
1.2650338112e+13,
3.41092749952e+13,
6.73879176013e+13,
1.29625346159e+14,
4.73542581622e+13,
4.7511458882e+13,
2.74710614551e+14,
1.14647355219e+14,
1.72624957713e+14,
2.01650080365e+14,
1.89160361202e+14,
1.05549169998e+14,
1.04837823286e+14,
1.72898792199e+14,
2.58183598073e+14,
4.61991876182e+13,
7.09396811674e+13,
1.19578683538e+14,
2.61952564235e+14,
1.81547659035e+14,
2.57199419339e+14,
5.61961327007e+13,
4.71585119381e+13,
2.31879518751e+14,
2.30180997563e+14,
2.88470683318e+13,
8.63242855552e+13,
3.34023407273e+13,
2.89625807648e+13,
2.54968515712e+14,
4.77904808925e+13,
1.6475123618e+14,
1.42213649656e+14,
1.47669142324e+14,
1.53076997524e+14,
2.33121081661e+14,
2.38586497942e+14,
1.21633379161e+14,
2.25924243214e+14,
2.27632314899e+14,
1.75514251825e+13,
8.42765668358e+13,
8.24066437904e+13,
2.31612652047e+14,
1.24518170487e+14,
4.44110232459e+13,
1.77073256582e+14,
7.48014282164e+13,
1.7510138433e+14,
2.56197489691e+14,
1.28891681928e+14,
2.63987657893e+13,
1.26901675576e+14,
2.15405935499e+13,
1.55469447297e+13,
2.26348496952e+14,
1.76366952719e+14,
9.16756284791e+13,
1.93143631635e+14,
1.08890186262e+14,
5.62377490425e+13,
1.85122504156e+14,
1.28161296314e+14,
8.7544099635e+13,
1.40671703462e+14,
1.61788336114e+14,
1.51369825586e+14,
2.1229706159e+14,
8.00898418571e+13,
2.65941456618e+14,
1.87056454253e+13,
1.31938942573e+14,
1.86956937488e+13,
7.4824715004e+12,
1.24200387912e+14,
9.80843359791e+13,
2.54814755464e+14,
2.66566621936e+14,
1.02338830257e+14,
2.50694170946e+14,
2.03218837675e+14,
1.45258837552e+14,
2.08602241444e+14,
6.32787784874e+13,
2.80280334998e+14,
6.67801875539e+13,
1.97654268025e+14,
1.40605196213e+13,
1.23431865371e+13,
5.97523597052e+13,
1.38360311601e+14,
8.71326910533e+13,
5.84733137496e+13,
4.90108992109e+13,
2.35112596925e+14,
4.78806194037e+12,
1.06861055997e+14,
2.67112744178e+14,
4.75884690379e+12,
1.26815186148e+14,
3.95723209632e+13,
1.26312061871e+14,
1.07863803583e+13,
3.36589768567e+13,
3.56946660154e+13,
1.18516963515e+14,
1.11301938316e+14,
4.18860161502e+13,
1.5538241809e+12,
3.24023674272e+13,
9.15065817996e+13,
5.75302778109e+13,
8.94892716059e+13,
2.79198815134e+14,
1.19654273113e+13,
1.17450066699e+14,
1.7385354374e+14,
2.44635233458e+14,
1.79763070674e+14,
1.10099071521e+14,
7.93009150881e+13,
1.31304953412e+14,
1.71519254165e+14,
2.46231932753e+14,
1.34863940027e+14,
3.82058174655e+13,
2.15969337513e+14,
1.62990092317e+14,
2.20539010131e+14,
1.90624175555e+14,
1.59255389729e+14,
2.64476685337e+14,
3.42611635082e+13,
1.76816275543e+14,
1.5966623118e+14,
1.96494613611e+14,
5.70197916769e+13,
6.36776767971e+12,
2.36461782209e+14,
1.76814465801e+14,
1.70415726683e+14,
1.74807205807e+14,
3.45785954551e+13,
1.4008425913e+14,
1.10644887618e+14,
8.58848628068e+13,
8.77206346678e+13,
7.55835595441e+12,
1.49558656623e+14,
2.34808930733e+14,
1.20750696535e+14,
8.1922321717e+13,
7.71323579878e+13,
4.42046596046e+13,
2.74951125013e+14,
1.08097112706e+14,
9.54155882382e+13,
1.21920997326e+14,
2.61836566184e+14,
2.62440656672e+13,
3.11091381027e+13,
2.70500866276e+14,
1.57008384083e+14,
1.77901047184e+14,
1.23035293858e+14,
1.5151131996e+14,
1.17194939953e+13,
2.13057662004e+14,
2.76791498062e+14,
2.37287547817e+14,
1.98256966101e+14,
2.53221137278e+14,
1.05175595298e+14,
2.85332446974e+13,
2.45285802105e+14,
1.81145808493e+14,
2.46520839524e+14,
2.20056399615e+14,
1.83627744836e+14,
8.98694116229e+12,
1.41057814166e+14,
2.76323911496e+14,
2.45021440296e+14,
2.04026465266e+14,
6.02696965374e+13,
1.6057468737e+14,
1.30076113263e+14,
1.63461575406e+14,
7.30278853005e+13,
2.63640600174e+14,
1.88745820632e+14,
5.17499962663e+13,
2.00841701208e+14,
2.8116670802e+14,
2.73858953663e+14,
4.71785966504e+12,
4.11823986574e+13,
1.80780864255e+14,
8.34232629707e+13,
1.27875574152e+14,
4.75382722794e+13,
1.84159370372e+14,
1.84809564982e+14,
1.38645302889e+14,
2.48622132888e+14,
1.19050775003e+14,
1.91074226865e+14,
1.70534300073e+14,
2.3097467359e+13,
2.24221731779e+14,
3.44021450494e+13,
2.29484575447e+14,
3.64735768298e+13,
1.08459963376e+14,
2.67789907518e+14,
1.80131242812e+14,
9.92370684753e+13,
2.00579568612e+14,
2.77768960402e+14,
2.8080362544e+14,
2.69397106402e+14,
8.02023231371e+13,
1.37409649665e+14,
1.57387466596e+14,
1.83682051913e+14,
2.54063466118e+14,
5.96448182158e+12,
2.62587101412e+14,
1.72357755587e+14,
4.73058678465e+13,
2.01876300019e+14,
1.73481576798e+14,
7.0217647021e+13,
2.15022743574e+14,
1.44897355393e+13,
1.13841056114e+14,
1.66362158042e+14,
1.1432934133e+14,
8.2419730265e+13,
1.22654090409e+14,
1.74043110929e+14,
1.11001271301e+14,
3.05054016501e+13,
2.93362792293e+13,
7.79985915258e+13,
2.32718446093e+14,
3.86124095661e+13,
2.62225036349e+14,
1.07775124999e+14,
1.39824174245e+14,
2.49973074337e+14,
1.74754218209e+14,
2.38683044867e+14,
2.5721714596e+14,
1.3399521745e+14,
8.67226570311e+13,
1.96816255616e+14,
1.71367807982e+14,
2.31202309887e+14,
1.39665708604e+14,
9.6062200665e+13,
7.15091019199e+13,
1.69470232587e+14,
2.59268380967e+14,
2.17226652717e+14,
2.6530504828e+14,
4.55691978638e+13,
9.41275119974e+13,
3.59083429263e+13,
2.64394382146e+14,
1.73517802382e+14,
5.41425767167e+12,
1.99602419869e+14,
5.03348791868e+13,
2.19157560278e+14,
6.74606809172e+13,
2.01673359885e+14,
1.38806380109e+14,
1.5480356419e+14,
2.76228532919e+14,
3.72713375975e+13,
1.36634043962e+14,
2.58270838716e+14,
5.68638777129e+13,
2.63282471113e+14,
1.60022251564e+14,
2.70510771144e+14,
2.57090426021e+14,
9.32808937933e+13,
2.11068539174e+14,
3.77180276734e+13,
3.57699751475e+13,
3.54159281101e+13,
1.56437068211e+14,
1.65229633475e+14,
1.23688671266e+14,
1.63194600218e+14,
1.76294517841e+14,
7.59291442903e+13,
1.31316376444e+14,
1.63508392294e+13,
9.04888984771e+13,
1.92362516210e+12,
2.24007735972e+14,
1.93019452018e+14,
2.31975020998e+14,
2.26108720377e+14,
2.58600399193e+14,
1.18084494399e+14,
7.41319188613e+13,
2.60063648287e+13,
1.39521465395e+13,
2.6948352595e+13,
9.8708172629e+13,
7.57108143176e+13,
7.38802845186e+12,
1.08322507843e+14,
1.10294805156e+14,
1.87258094099e+13,
2.12972080786e+14,
2.0283875531e+14,
8.89082724875e+13,
2.14197128885e+14,
1.71316748226e+14,
1.15096812435e+13,
5.45683664436e+13,
2.52774078305e+14,
1.03221068711e+14,
1.2019805052e+14,
1.19166161534e+14,
2.89167594814e+13,
6.97496322337e+13,
1.43777074607e+14,
3.80359189392e+13,
2.39307719849e+14,
2.62003084214e+14,
1.68803087957e+14,
2.73217029848e+14,
1.9811754252e+14,
1.0588093521e+13,
2.25420739812e+14,
6.19448568556e+13,
1.74090388833e+14,
2.71174744204e+14,
1.32607435361e+14,
6.12165615975e+13,
2.08736538052e+14,
2.0907785407e+14,
2.25300893785e+14,
2.45115260278e+14,
7.47073383169e+13,
1.53109324416e+14,
1.75564917198e+14,
2.363999427e+14,
2.40925010789e+14,
1.89665499604e+14,
1.16379259524e+14,
1.98441879691e+14,
2.41268465378e+14,
9.41287552216e+13,
9.68159067175e+13,
2.49663248471e+14,
1.04837204485e+14,
9.85271936522e+12,
2.49438253914e+14,
1.40089689697e+14,
6.62767955549e+13,
3.66091147787e+13,
2.54498168761e+14,
1.58352090888e+14,
1.20971149867e+13,
2.69860191346e+14,
7.09582451846e+13,
1.37990355419e+14,
1.13830580414e+14,
1.15016665103e+14,
2.73639784171e+14,
2.43871832094e+14,
1.13911981858e+14,
2.18277996255e+14,
8.60885101866e+13,
9.74359087054e+13,
1.265916943e+14,
5.09458656964e+13,
6.5183022118e+13,
8.69374549413e+13,
1.73203073227e+14,
2.58658568642e+14,
3.39526445764e+13,
1.03154965065e+14,
6.55594800263e+13,
2.75663798079e+14,
1.90014947647e+14,
2.51550767814e+14,
1.25760757195e+14,
1.83578898363e+14,
6.70560746324e+13,
1.95179904777e+14,
2.77923790235e+14,
2.20239094567e+13,
1.54755012912e+14,
2.33178059376e+14,
4.9823820111e+13,
1.28895941689e+14,
1.18948628184e+14,
2.23073356846e+14,
8.41892072071e+13,
1.33528712796e+14,
7.17234527039e+13,
2.11542498918e+14,
4.65596412674e+13,
5.85809409343e+13,
2.62267520018e+14,
4.12257052383e+12,
2.68072285831e+13,
1.02082333481e+13,
1.43693659453e+14,
2.30209943885e+14,
3.04573644116e+13,
1.75004088295e+14,
2.26343306878e+14,
1.15619375976e+14,
1.47128705864e+14,
1.81514009319e+14,
2.47109877132e+14,
2.04958177089e+14,
1.70741607534e+14,
2.08909642641e+14,
1.95209161156e+14,
1.23585905319e+14,
2.0941157415e+14,
2.70869743931e+14,
1.45034774379e+14,
6.57347675292e+13,
2.20251142637e+14,
5.78775695016e+13,
2.4570319277e+14,
2.33515257994e+14,
2.65881624471e+14,
1.72689598908e+14,
3.62008460854e+13,
2.06696909692e+14,
1.64174446343e+14,
1.01664482264e+14,
7.40467981495e+13,
2.15080142614e+14,
5.03251518108e+13,
5.38554530685e+13,
1.84815777711e+14,
1.18388870341e+13,
5.16404113523e+13,
5.48236071483e+13,
2.32516636161e+14,
2.75182654351e+14,
1.14146636217e+14,
1.59064283067e+13,
9.85591664464e+13,
1.22230158618e+14,
2.8144709963e+13,
1.04263026673e+14,
5.01145128584e+13,
1.45223359346e+14,
1.7228601074e+14,
1.90678807807e+13,
1.17899203104e+14,
1.45535279609e+13,
7.67865048937e+13,
2.07437137422e+14,
8.38143400655e+13,
1.47340993852e+14,
4.16601061082e+13,
8.48109265483e+13,
2.61936914971e+14,
9.90212035904e+13,
1.44255073049e+14,
2.65137802581e+13,
1.97441659932e+14,
1.75233142103e+14,
3.32494856984e+13,
2.22231192209e+14,
8.47056075544e+13,
5.18417533924e+13,
2.45430820411e+14,
4.49441109394e+13,
5.81126836349e+13,
6.31676623455e+13,
1.12371776757e+14,
2.28410869931e+14,
7.52357006061e+12,
6.12093960124e+13,
5.26945950201e+13,
2.35253824372e+14,
2.52881118089e+14,
1.18581095925e+14,
2.07805683644e+13,
2.65066726188e+14,
1.14830720001e+14,
9.88305786955e+13,
5.31313962923e+12,
1.36897254057e+14,
1.43130823938e+13,
8.4446308543e+13,
4.0011144433e+13,
1.73609157971e+14,
1.56498054281e+13,
1.47149480195e+14,
2.04359773615e+14,
2.75757415806e+13,
1.75038772664e+14,
8.33276561012e+13,
1.20769286985e+14,
1.8387123005e+14,
1.14666327476e+14,
6.66405909257e+13,
2.15613124985e+14,
1.88152048607e+14,
7.15023583021e+13,
1.4609718437e+14,
1.02290108702e+14,
1.28086369767e+14,
1.1458391877e+13,
2.14654717024e+13,
1.44605107621e+14,
1.61360220952e+13,
5.67113138313e+13,
2.7109459819e+14,
2.77661077049e+14,
2.79021540735e+13,
2.69330124697e+14,
2.28557642254e+14,
1.78102018027e+14,
4.02643191454e+13,
3.16961038207e+13,
1.27116848347e+13,
8.32688871226e+13,
1.758483331e+14,
1.30796182835e+14,
6.74261606263e+12,
2.17641819908e+13,
9.65771504122e+13,
2.1037720246e+14,
1.58302489655e+13,
4.12837934074e+13,
1.7534513326e+14,
2.45239297876e+14,
9.64345210403e+13,
4.72618488355e+13,
1.77423965335e+14,
1.07292593319e+14,
2.57233637316e+14,
7.1360947908e+13,
2.12856755632e+14,
5.69719877421e+13,
2.19492956534e+14,
6.8005628299e+12,
2.42199706439e+14,
7.11427267066e+13,
1.3243089061e+14,
6.20560538925e+13,
1.04315651577e+14,
1.96216644147e+14,
2.4449355161e+13,
2.4997178583e+14,
8.31088984427e+13,
2.28173431326e+14,
2.71581349758e+14,
3.00430895233e+13,
6.30999483448e+13,
2.66784947722e+14,
5.01354337479e+13,
6.57836510305e+13,
5.67708227835e+12,
1.45902738857e+13,
2.650815461e+14,
1.59985821089e+14,
2.79382940192e+14,
6.59340501765e+13,
2.7003298154e+14,
2.51765660065e+14,
5.72524334095e+13,
4.21805127627e+12,
1.76420452601e+14,
1.5909854091e+14,
7.9100948244e+13,
2.24881926797e+14,
1.24700643379e+14,
1.0122478797e+14,
6.01543996308e+13,
1.51357092493e+14,
2.75508088694e+14,
1.52225873772e+14,
1.68854575155e+14,
4.32237813903e+13,
1.18295358054e+14,
2.10283946291e+14,
5.51991019146e+13,
2.46539229992e+13,
1.26708152346e+14,
1.19169890242e+14,
1.79487827363e+14,
2.06011496504e+13,
1.32528817799e+14,
1.6082618789e+14,
1.42563081975e+14,
1.97124579766e+14,
1.72638523615e+14,
5.54707977372e+12,
3.12770101883e+13,
6.20330251976e+13,
1.14721684506e+14,
7.96727115038e+13,
2.54784033937e+14,
4.57781014052e+13,
1.71137142812e+14,
1.68285925775e+14,
1.69654320637e+14,
8.04162943893e+13,
6.6904428136e+13,
1.08520218234e+14,
2.39552400484e+14,
2.55125440571e+14,
2.31375445696e+14,
2.10594207249e+14,
9.6129383188e+13,
1.45640326718e+11,
2.14110975973e+14,
5.50467528454e+12,
1.96511629629e+14,
1.36635498254e+14,
9.1930806675e+13,
1.91608866834e+14,
2.22215548553e+14,
8.62932720185e+13,
1.06134687002e+14,
2.66964597295e+14,
2.76290590623e+14,
2.16235989766e+13,
6.3846955229e+12,
1.00946935257e+14,
1.8525956074e+14,
1.14751516704e+14,
3.07076212814e+13,
2.44404773464e+14,
1.40762058316e+14,
1.51423905138e+14,
1.16435837456e+13,
2.67753811046e+14,
1.29790244483e+14,
6.37963403936e+13,
2.23211718887e+14,
2.22649295076e+14,
5.94765273867e+12,
5.53828078813e+13,
2.76772822464e+14,
1.37234434072e+14,
1.13557471834e+14,
1.92410542136e+14,
1.01511971944e+14,
2.49853110573e+14,
1.16090280183e+14,
1.4781107313e+14,
9.87708754892e+13,
2.87966615323e+13,
2.16592821632e+14,
2.07555799083e+14,
8.59064992559e+13,
1.68311909593e+14,
9.87247210973e+13,
1.95734844086e+14,
2.09643040303e+14,
2.64464873549e+14,
9.90847416022e+13,
1.8747439789e+14,
1.50573716164e+14,
2.5183979052e+14,
2.43199764375e+14,
1.25200586049e+14,
2.77506619072e+14,
1.84129066758e+14,
2.00775005327e+14,
6.89225197872e+13,
3.34007392314e+13,
8.24188278862e+13,
2.74578480238e+14,
2.80836981245e+13,
1.17904130215e+14,
2.75587732105e+14,
1.34380453621e+14,
1.52062695272e+14,
8.59675558581e+13,
1.18193616539e+14,
2.5893383299e+14,
1.10204012818e+14,
5.0743496335e+13,
7.76514886407e+13,
2.30318446352e+14,
2.22920922484e+14,
2.01864190886e+14,
2.72523152683e+14,
9.60783722466e+12,
1.21534131849e+14,
1.09675465631e+14,
8.19962497308e+13,
5.92205869319e+13,
1.35349441456e+14,
1.05290797588e+14,
5.84838074283e+13,
2.14764316874e+13,
2.81369396373e+14,
1.22568011293e+14,
2.34248131453e+14,
1.40837652844e+14,
1.64977596061e+14,
1.8522433322e+14,
1.96593896366e+14,
1.64384281229e+13,
5.77348619118e+13,
2.04302659652e+14,
1.87033304115e+14,
1.09677593227e+14,
2.30932575269e+13,
2.70169532492e+14,
4.62334149875e+13,
3.13202536835e+13,
2.43206386939e+14,
2.10275287761e+14,
2.20245061206e+14,
1.42231890145e+14,
1.58071211294e+14,
2.11238084161e+14,
2.20853833533e+14,
1.47522461059e+14,
1.34149279584e+14,
8.30602664118e+13,
1.59271598999e+14,
2.33445056657e+14,
1.24581069426e+14,
1.25230430325e+14,
2.16214190348e+14,
3.33436857219e+13,
9.19415335778e+13,
1.08980710005e+14,
8.80932079476e+12,
1.19439198687e+14,
4.99669160376e+12,
7.59053686967e+12,
2.27421926553e+14,
1.47284503009e+14,
1.1224350175e+14,
1.18249938897e+14,
2.04852596418e+14,
2.24315742037e+14,
1.09687891024e+14,
2.47140562772e+14,
2.71714465251e+14,
2.37829263581e+14,
1.72757473913e+14,
2.75281476021e+13,
6.82285615308e+13,
2.01048780733e+14,
1.54392163174e+14,
5.68521346886e+13,
1.55038404409e+14,
1.06935220299e+14,
3.1319677233e+13,
1.82205636933e+14,
1.19594482315e+14,
1.35492689867e+14,
8.38862873168e+13,
7.98034523196e+13,
1.8660671105e+14,
2.63290563975e+14,
2.10117022867e+14,
2.79749697331e+14,
1.11907879842e+14,
8.7616367196e+13,
2.33152209933e+14,
9.21796633107e+13,
1.10209344427e+14,
1.52209626884e+14,
6.65437821193e+13,
2.16499567569e+14,
1.55968753736e+14,
7.91526520323e+13,
1.94470431538e+13,
6.04693929348e+13,
2.66482024843e+12,
3.10932011811e+13,
2.62612269562e+14,
2.73474771197e+14,
1.0625818418e+14,
1.96166163716e+14,
1.47627536701e+14,
3.95046827027e+13,
2.79580256052e+14,
8.20062824017e+13,
1.99500178001e+14,
9.8868559196e+13,
3.05418756463e+13,
2.08980220585e+14,
5.98651764231e+13,
2.16137051278e+13,
2.61289177749e+14,
1.26487725011e+13,
2.53764603777e+14,
1.42862621755e+14,
2.54917239306e+14,
9.74749358683e+12,
1.33015366114e+14,
1.37996743721e+14,
4.76238091202e+13,
6.69976992883e+13,
4.78427809218e+13,
2.72741344761e+14,
1.22262665251e+14,
3.51553583738e+13,
8.82722798992e+12,
5.59613060443e+13,
1.69686255014e+14,
2.57778394272e+14,
1.4061116845e+14,
1.50615338979e+14,
1.13861029337e+14,
2.72442020246e+14,
1.85527198335e+14,
1.70831041304e+14,
2.68308551823e+13,
1.59344816875e+13,
5.13390960488e+12,
3.42844133355e+13,
6.28121149992e+13,
1.95253387226e+14,
1.26909996714e+14,
1.85717696064e+14,
1.32160188883e+14,
1.03636301624e+14,
2.5753799407e+14,
2.65378503733e+14,
1.76533907442e+14,
3.02408238919e+13,
1.74084376609e+14,
2.32474429045e+14,
6.4497350273e+13,
2.622763705e+14,
6.55257546608e+13,
2.16095412711e+14,
9.51645862031e+13,
2.24942077317e+13,
2.55820018649e+14,
1.67357924944e+14,
2.74459208763e+14,
2.59626273706e+14,
1.87487108722e+14,
2.62869081612e+14,
1.26956430522e+14,
1.01380216613e+14,
1.12621180381e+14,
1.25226851033e+14,
7.34091349995e+13,
2.27519558539e+14,
9.07150279659e+13,
1.36409011513e+14,
2.45758556451e+14,
2.25269662548e+14,
2.11891488721e+14,
2.12904733882e+14,
9.99704432497e+13,
2.32980998642e+14,
4.44049143112e+13,
